# Blender 4.2.1 LTS
# www.blender.org
o ArvoreGrandeVarB
v -0.414146 0.044633 0.998073
v -0.348764 3.300620 0.272676
v -0.131033 0.055244 -0.766112
v -0.321277 3.298294 -0.154375
v -0.792988 -0.077768 -0.503769
v -1.077901 -0.093308 -0.330878
v -0.999999 -0.074559 -0.190291
v -0.857988 -0.060697 -0.006045
v -0.549689 -0.050557 0.639417
v -0.352506 3.301138 0.271310
v -0.363408 3.301622 0.264612
v -0.413239 3.301753 0.214970
v -0.410014 3.300717 0.069501
v -0.390625 3.299724 -0.085015
v 0.057065 -0.022588 0.815861
v 0.097876 3.333115 0.296753
v 0.325921 0.063960 -0.810238
v 0.220915 3.335984 -0.093975
v 0.963459 -0.072118 -0.628903
v 0.999155 -0.066148 -0.436412
v 0.822902 -0.055228 -0.012279
v 0.653011 -0.048915 0.358042
v 0.523156 -0.039037 0.611023
v 0.101156 3.334392 0.295331
v 0.106759 3.335656 0.292063
v 0.143363 3.336661 0.256415
v 0.228239 3.337264 0.171519
v 0.239892 3.336998 0.049676
v 0.320894 1.091688 0.561440
v 0.199018 2.108961 0.472610
v 0.237649 2.241865 -0.481754
v 0.285232 1.149443 -0.642433
v 0.224771 2.042135 0.471110
v 0.382763 0.884576 0.559951
v 0.327326 2.034033 0.372289
v 0.587999 0.886456 0.268074
v 0.471871 2.073004 0.218962
v 0.657760 0.883507 0.170538
v 0.484661 2.092879 0.095150
v 0.784781 0.858198 -0.128649
v 0.474372 2.151746 -0.244033
v 0.730497 0.964065 -0.418724
v -0.303773 1.037968 0.690869
v -0.249775 2.188206 0.463724
v -0.215741 2.225240 -0.527081
v -0.179291 1.139776 -0.629306
v -0.321811 2.119915 0.408574
v -0.515903 0.909021 0.543048
v -0.489316 2.084181 0.244135
v -0.564125 0.867575 0.311117
v -0.530439 2.094419 0.171301
v -0.691339 0.808354 -0.114323
v -0.530469 2.093371 -0.079313
v -0.794473 0.849286 -0.256947
v -0.471375 2.135827 -0.319334
v -0.629646 0.954303 -0.443302
v 0.098044 2.854074 -0.406536
v 0.293775 2.854074 -0.210806
v 0.293775 2.854074 0.129846
v 0.098044 2.854074 0.325576
v -0.438338 2.854074 -0.210806
v -0.242607 2.854074 -0.406536
v -0.242607 2.854074 0.325576
v -0.438338 2.854074 0.129846
v -0.425917 -0.030941 0.948161
v -0.548261 -0.030941 0.267298
v -0.476430 1.541710 0.204360
v -0.215204 1.541710 0.465586
v -1.046072 -0.030941 -0.331372
v -0.243791 -0.030941 -0.696550
v -0.215204 1.541710 -0.511509
v -0.476430 1.541710 -0.250283
v 0.683632 -0.030941 0.145881
v 0.476296 -0.030941 0.559626
v 0.239439 1.541710 0.465586
v 0.500665 1.541710 0.204360
v 0.367021 -0.030941 -0.757259
v 0.987175 -0.030941 -0.562065
v 0.500665 1.541710 -0.250283
v 0.239439 1.541710 -0.511509
v 0.063838 11.831946 -0.364246
v 0.220259 11.831946 -0.207824
v 0.220259 11.831946 0.064414
v 0.063838 11.831946 0.220835
v -0.364822 11.831946 -0.207824
v -0.208400 11.831946 -0.364246
v -0.208400 11.831946 0.220835
v -0.364822 11.831946 0.064414
v -0.087640 13.031084 0.826157
v -0.055693 13.013830 0.857120
v -0.049466 13.082662 0.751516
v -0.084743 13.063111 0.777020
v 0.002805 13.015826 0.861870
v 0.038081 13.035377 0.836367
v 0.040979 13.067403 0.787230
v 0.009032 13.084658 0.756267
v -0.009000 11.795218 -0.086465
v 0.065905 11.795218 -0.011560
v 0.065905 11.795218 0.118805
v -0.009000 11.795218 0.193709
v -0.214270 11.795218 -0.011560
v -0.139365 11.795218 -0.086465
v -0.139365 11.795218 0.193709
v -0.214270 11.795218 0.118805
v -0.068542 12.405983 0.405688
v -0.004202 12.405983 0.470028
v -0.004202 12.405983 0.582006
v -0.068542 12.405983 0.646345
v -0.244859 12.405983 0.470028
v -0.180520 12.405983 0.405688
v -0.180520 12.405983 0.646345
v -0.244859 12.405983 0.582006
v 0.312210 12.999939 -0.905767
v 0.290883 12.986157 -0.945514
v 0.254376 13.044554 -0.841501
v 0.295223 13.027110 -0.857370
v 0.236778 12.989343 -0.966292
v 0.195931 13.006785 -0.950423
v 0.178945 13.033957 -0.902025
v 0.200272 13.047739 -0.862279
v -0.099783 11.741879 -0.038506
v -0.150227 11.749681 -0.131328
v -0.113072 11.761469 -0.255729
v -0.019933 11.767211 -0.305863
v 0.118305 11.745827 -0.051493
v 0.025165 11.740086 -0.001359
v 0.105015 11.765416 -0.268716
v 0.155459 11.757613 -0.175894
v 0.026033 12.412073 -0.343376
v -0.017296 12.418776 -0.423106
v 0.014618 12.428900 -0.529961
v 0.094621 12.433831 -0.573024
v 0.213361 12.415463 -0.354531
v 0.133358 12.410532 -0.311468
v 0.201945 12.432291 -0.541116
v 0.245275 12.425588 -0.461386
v -0.694117 13.107333 -0.698041
v -0.745865 13.116746 -0.699047
v -0.646980 13.120963 -0.601252
v -0.648105 13.109296 -0.652537
v -0.789918 13.135090 -0.655294
v -0.788792 13.146760 -0.604009
v -0.742781 13.148722 -0.558505
v -0.691033 13.139308 -0.557500
v -0.153588 11.743307 0.024721
v -0.258831 11.751110 0.033913
v -0.358055 11.762897 -0.049817
v -0.366836 11.768639 -0.155227
v -0.078428 11.747255 -0.180417
v -0.069646 11.741514 -0.075007
v -0.282894 11.766844 -0.254955
v -0.177652 11.759041 -0.264147
v -0.541526 12.373493 -0.256478
v -0.623290 12.338117 -0.237975
v -0.706092 12.293902 -0.299033
v -0.719480 12.278472 -0.387700
v -0.495413 12.375420 -0.438405
v -0.482025 12.390851 -0.349738
v -0.659979 12.295830 -0.480960
v -0.578215 12.331206 -0.499462
v -0.776950 11.427969 2.413258
v -0.736540 11.413525 2.464466
v -0.712806 11.468610 2.298247
v -0.765907 11.453601 2.335916
v -0.655167 11.414016 2.476249
v -0.602066 11.429026 2.438580
v -0.591022 11.454658 2.361238
v -0.631432 11.469100 2.310029
v -0.031655 9.501279 0.016877
v 0.103778 9.440904 0.013483
v 0.169781 9.271183 0.025966
v 0.110195 9.136521 0.043704
v -0.260948 9.301973 0.053006
v -0.201362 9.436634 0.035267
v -0.059512 9.071877 0.062094
v -0.194945 9.132252 0.065488
v 0.040275 12.224824 2.980030
v 0.080685 12.210381 3.031239
v 0.069641 12.184749 3.108580
v 0.016540 12.169739 3.146250
v -0.094199 12.209324 3.005917
v -0.041099 12.224335 2.968248
v -0.064833 12.169248 3.134467
v -0.105243 12.183693 3.083258
v -0.180281 10.271851 1.685150
v -0.096243 9.896664 0.917510
v -0.096946 10.241993 1.758615
v 0.010623 9.857584 0.999579
v 0.026969 9.773981 1.187964
v -0.093601 10.189173 1.890222
v -0.056691 9.717366 1.290592
v -0.172981 10.158293 1.967880
v -0.401169 10.240323 1.767011
v -0.337329 9.802520 1.024080
v -0.258401 9.868704 0.927662
v -0.321889 10.271108 1.689126
v -0.314385 10.157294 1.971534
v -0.217485 9.697865 1.301376
v -0.319413 9.728846 1.213167
v -0.397628 10.187277 1.898310
v -1.052077 12.347409 2.466853
v -1.011667 12.332965 2.518062
v -0.987933 12.388051 2.351842
v -1.041034 12.373041 2.389511
v -0.930294 12.333456 2.529844
v -0.877193 12.348466 2.492175
v -0.866149 12.374098 2.414833
v -0.906559 12.388541 2.363624
v 0.128170 12.270306 -2.176389
v 0.085248 12.265407 -2.217898
v 0.087390 12.287468 -2.061000
v 0.129167 12.280571 -2.103385
v 0.011543 12.267143 -2.217136
v -0.030234 12.274039 -2.174751
v -0.029237 12.284306 -2.101747
v 0.013685 12.289205 -2.060238
v -0.006746 10.139277 -0.242823
v -0.127383 10.084515 -0.231155
v -0.190461 9.936256 -0.259964
v -0.142312 9.820647 -0.304739
v 0.188282 9.970721 -0.336715
v 0.140133 10.086329 -0.291940
v 0.004567 9.767701 -0.353856
v 0.125204 9.822463 -0.365524
v -0.420521 13.012700 -2.387712
v -0.463443 13.007801 -2.429220
v -0.464440 12.997536 -2.502224
v -0.422664 12.990639 -2.544610
v -0.305040 13.004066 -2.430859
v -0.346816 13.010963 -2.388474
v -0.348959 12.988902 -2.545371
v -0.306037 12.993801 -2.503863
v -0.237064 11.160047 -1.957025
v -0.000160 10.434148 -1.175377
v -0.322075 11.135986 -2.010264
v -0.110827 10.394526 -1.220201
v -0.164907 10.257719 -1.333024
v -0.345181 11.080073 -2.122151
v -0.115970 10.154232 -1.392767
v -0.286808 11.039861 -2.197371
v -0.054039 11.105965 -2.051873
v 0.178226 10.265429 -1.227385
v 0.134302 10.372727 -1.176751
v -0.112305 11.146098 -1.976456
v -0.162212 11.025727 -2.216473
v 0.018747 10.099367 -1.398181
v 0.124477 10.136327 -1.344918
v -0.077300 11.049890 -2.163447
v 0.618600 13.047026 -2.067848
v 0.575678 13.042127 -2.109357
v 0.577821 13.064189 -1.952459
v 0.619597 13.057291 -1.994844
v 0.501973 13.043863 -2.108595
v 0.460197 13.050760 -2.066210
v 0.461194 13.061026 -1.993206
v 0.504116 13.065925 -1.951697
v -1.604181 12.140879 0.550861
v -1.617731 12.138611 0.587829
v -1.507658 12.148821 0.539829
v -1.552964 12.145629 0.528527
v -1.590098 12.139415 0.629833
v -1.544792 12.142607 0.641135
v -1.493575 12.147357 0.618801
v -1.480025 12.149625 0.581833
v -0.188366 11.154605 0.051758
v -0.135773 11.129259 0.117402
v -0.132941 11.060643 0.162133
v -0.182278 11.007137 0.147892
v -0.326403 11.076595 -0.031999
v -0.277066 11.130099 -0.017758
v -0.270978 10.982634 0.078376
v -0.323570 11.007978 0.012732
v -1.551790 12.484470 0.928246
v -1.565341 12.482203 0.965214
v -1.616558 12.477451 0.987548
v -1.661864 12.474259 0.976246
v -1.624730 12.480474 0.874940
v -1.579424 12.483666 0.886242
v -1.689497 12.473456 0.934242
v -1.675947 12.475723 0.897274
v -1.115976 11.592381 0.500144
v -0.684728 11.382472 0.302317
v -1.125699 11.585316 0.565562
v -0.690393 11.372195 0.382163
v -0.799165 11.351836 0.457997
v -1.204500 11.573400 0.614445
v -0.898565 11.336523 0.456640
v -1.285223 11.566748 0.605218
v -1.258738 11.586230 0.426174
v -0.856605 11.352626 0.230780
v -0.761712 11.372320 0.231471
v -1.177938 11.592826 0.435284
v -1.346943 11.567065 0.540359
v -0.974442 11.329868 0.386163
v -0.964068 11.336370 0.307020
v -1.337305 11.574200 0.475059
v -1.707778 12.500357 0.237499
v -1.721328 12.498090 0.274466
v -1.611255 12.508300 0.226466
v -1.656561 12.505108 0.215164
v -1.693695 12.498894 0.316470
v -1.648389 12.502086 0.327772
v -1.597172 12.506836 0.305438
v -1.583622 12.509104 0.268470
v 0.694257 11.159510 0.115995
v 0.725748 11.179638 0.195498
v 0.793644 11.156502 0.235144
v 0.840178 11.109787 0.201201
v 0.753881 11.054627 -0.016669
v 0.707349 11.101342 0.017274
v 0.853268 11.051620 0.102480
v 0.821778 11.031490 0.022977
v 0.088989 11.154824 0.022329
v 0.097565 11.118108 0.093684
v 0.102310 10.987092 0.122125
v 0.104133 10.894514 0.082848
v 0.096210 11.020482 -0.109770
v 0.089447 11.109743 -0.072625
v 0.101270 10.850758 -0.011204
v 0.097061 10.891039 -0.080292
v 1.449884 12.009914 0.173235
v 1.467081 12.025969 0.218620
v 1.508549 12.019374 0.241235
v 1.539007 11.995742 0.221837
v 1.491879 11.951749 0.097462
v 1.461423 11.975380 0.116859
v 1.550545 11.961208 0.165462
v 1.533349 11.945154 0.120076
v 1.488364 12.506989 0.111536
v 1.503010 12.520662 0.150190
v 1.538328 12.515046 0.169450
v 1.564268 12.494920 0.152929
v 1.524131 12.457452 0.047002
v 1.498192 12.477578 0.063523
v 1.574095 12.465508 0.104916
v 1.559449 12.451836 0.066263
v 0.232512 10.335634 0.075319
v 0.244764 8.839323 0.086224
v 0.257017 7.343011 0.097130
v 0.269269 5.846698 0.108035
v 0.281522 4.350387 0.118940
v 0.281522 4.350387 -0.210309
v 0.269269 5.846698 -0.209812
v 0.257017 7.343010 -0.209315
v 0.244764 8.839322 -0.208818
v 0.232512 10.335634 -0.208321
v 0.092343 4.350387 -0.399488
v 0.086642 5.846698 -0.392439
v 0.080941 7.343010 -0.385391
v 0.075240 8.839322 -0.378342
v 0.069539 10.335634 -0.371294
v 0.069539 10.335634 0.238292
v 0.075240 8.839323 0.255749
v 0.080941 7.343011 0.273206
v 0.086642 5.846698 0.290662
v 0.092343 4.350387 0.308119
v -0.377074 10.335634 -0.208321
v -0.389327 8.839323 -0.208818
v -0.401580 7.343011 -0.209315
v -0.413832 5.846698 -0.209812
v -0.426085 4.350387 -0.210309
v -0.426085 4.350387 0.118940
v -0.413832 5.846698 0.108035
v -0.401580 7.343010 0.097130
v -0.389327 8.839322 0.086224
v -0.377074 10.335634 0.075319
v -0.236906 4.350387 -0.399488
v -0.231205 5.846698 -0.392439
v -0.225504 7.343010 -0.385391
v -0.219803 8.839322 -0.378342
v -0.214102 10.335634 -0.371294
v -0.236906 4.350387 0.308119
v -0.231205 5.846698 0.290662
v -0.225504 7.343010 0.273206
v -0.219803 8.839322 0.255749
v -0.214102 10.335634 0.238292
v -1.974441 14.995024 1.974440
v 1.974441 14.995024 1.974441
v -1.974440 14.995024 -1.974441
v 1.974441 14.995024 -1.974440
v -0.000000 14.995024 2.792280
v 0.000000 14.995024 -2.792280
v -2.792280 14.995024 -0.000000
v 2.792280 14.995024 0.000000
v 0.000000 12.162169 0.000000
v -1.068559 14.992512 -2.579731
v -1.068560 14.992512 2.579731
v -1.449624 14.089963 -0.000000
v 1.068559 14.992512 2.579731
v 1.068560 14.992512 -2.579731
v 1.449625 14.089963 0.000000
v -2.579731 14.992512 1.068559
v 2.579731 14.992512 1.068560
v 0.000000 14.089963 1.449624
v -1.025039 14.089963 1.025039
v 1.025039 14.089963 1.025039
v 2.579731 14.992512 -1.068559
v 0.000000 14.089963 -1.449624
v -2.579731 14.992512 -1.068560
v -1.025039 14.089963 -1.025039
v 1.025039 14.089963 -1.025039
v -1.974441 12.776760 -1.974440
v 1.974441 12.776760 -1.974440
v -1.974440 12.776760 1.974441
v 1.974441 12.776760 1.974441
v -0.000000 12.776760 -2.792280
v 0.000000 12.776761 2.792281
v -2.792280 12.776760 0.000000
v 2.792280 12.776760 0.000000
v 0.096087 13.012366 -1.751254
v -1.068559 12.792124 2.579731
v -1.068560 12.792124 -2.579731
v -1.449624 13.537352 0.000000
v 1.068559 12.792124 -2.579731
v 1.068560 12.792124 2.579731
v 1.449625 13.537352 0.000000
v -2.579731 12.792124 -1.068559
v 2.579731 12.792124 -1.068559
v 0.000000 13.537351 -1.449624
v -1.025039 13.537351 -1.025039
v 1.025039 13.537351 -1.025039
v 2.579731 12.792124 1.068560
v 0.000000 13.537352 1.449625
v -2.579731 12.792124 1.068560
v -1.025039 13.537352 1.025039
v 1.025039 13.537352 1.025039
v -1.744259 12.513100 -1.625515
v 1.907123 12.734390 -1.364122
v -1.716652 14.380939 -3.306371
v 1.945986 14.418191 -3.183239
v 1.147482 13.312405 -0.948684
v -1.012995 12.399028 -1.692410
v 0.604258 13.134823 -1.096479
v 0.025447 13.539063 -0.807172
v -0.489135 12.893195 -1.306775
v -0.974890 14.095240 -3.502203
v 1.210345 14.603828 -3.062579
v -0.413939 13.982993 -3.572145
v 0.085018 14.884310 -2.880634
v 0.641814 14.839996 -2.899540
v -1.335384 13.226396 -2.962246
v 2.321626 13.355667 -2.769984
v 1.573985 13.737493 -2.501935
v 1.018108 13.766786 -2.494313
v 0.450304 13.991062 -2.340207
v -0.056466 13.217470 -2.935764
v -0.598871 13.026510 -3.093610
v -1.079755 12.513100 1.437995
v -1.182283 12.734390 -2.221295
v -2.755043 14.380939 1.577455
v -2.996267 14.418191 -2.079305
v -0.693456 13.312405 -1.506668
v -1.218943 12.399028 0.716989
v -0.786572 13.134823 -0.951452
v -0.441212 13.539063 -0.404234
v -0.887240 12.893195 0.157420
v -3.023573 14.095240 0.858809
v -2.803145 14.603828 -1.359284
v -3.148879 13.982993 0.307577
v -2.510339 14.884310 -0.257590
v -2.584449 14.839996 -0.809756
v -2.450484 13.226396 1.163896
v -2.622360 13.355667 -2.494128
v -2.281386 13.737493 -1.776805
v -2.218596 13.766786 -1.224433
v -2.008861 13.991062 -0.674741
v -2.551146 13.217470 -0.111330
v -2.654344 13.026510 0.444070
v 1.941401 12.513100 0.952114
v -1.717888 12.734390 1.054642
v 2.080862 14.380939 2.627402
v -1.575898 14.418191 2.868626
v -1.003261 13.312405 0.565816
v 1.220396 12.399028 1.091302
v -0.448045 13.134823 0.658932
v 0.099173 13.539063 0.313572
v 0.660827 12.893195 0.759600
v 1.362216 14.095240 2.895933
v -0.855877 14.603828 2.675504
v 0.810984 13.982993 3.021239
v 0.245817 14.884310 2.382699
v -0.306349 14.839996 2.456809
v 1.667303 13.226396 2.322844
v -1.990722 13.355667 2.494720
v -1.273398 13.737493 2.153746
v -0.721026 13.766786 2.090956
v -0.171334 13.991062 1.881221
v 0.392076 13.217470 2.423505
v 0.947477 13.026510 2.526703
v 1.369511 12.513100 -2.189456
v 1.472039 12.734390 1.469834
v 3.044800 14.380939 -2.328916
v 3.286023 14.418191 1.327844
v 0.983213 13.312405 0.755207
v 1.508699 12.399028 -1.468451
v 1.076329 13.134823 0.199990
v 0.730969 13.539063 -0.347227
v 1.176997 12.893195 -0.908882
v 3.313330 14.095240 -1.610270
v 3.092901 14.603828 0.607823
v 3.438636 13.982993 -1.059038
v 2.800097 14.884310 -0.493872
v 2.874206 14.839996 0.058294
v 2.740241 13.226396 -1.915357
v 2.912117 13.355667 1.742667
v 2.571143 13.737493 1.025344
v 2.508353 13.766786 0.472972
v 2.298618 13.991062 -0.076720
v 2.840902 13.217470 -0.640131
v 2.944100 13.026510 -1.195531
v -2.506506 13.221948 5.173620
v 1.440933 13.257086 5.072896
v -2.613183 14.536114 1.451357
v 1.334256 14.571252 1.350632
v -0.510693 12.967344 5.894164
v -0.661557 14.825856 0.630089
v -3.377387 13.871754 3.333349
v 2.205136 13.921446 3.190903
v -0.586411 11.225339 2.319031
v -1.723985 14.743244 0.856860
v -1.584605 13.026203 5.720232
v -2.035312 13.030268 2.997795
v 0.551734 13.045219 5.665720
v 0.412354 14.762260 0.802348
v 0.862879 13.056066 2.923844
v -3.136048 13.515666 4.334329
v 2.021531 13.561576 4.202726
v -0.547056 12.560740 4.327253
v -1.583191 12.692918 3.953180
v 0.466140 12.711161 3.900888
v 1.963798 14.272798 2.188251
v -0.625377 13.525594 1.594386
v -3.193781 14.226888 2.319854
v -1.638572 13.375174 2.020751
v 0.410758 13.393415 1.968459
v -2.613408 12.444386 0.712867
v 1.334032 12.479525 0.612142
v -2.506731 11.130220 4.435131
v 1.440710 11.165359 4.334406
v -0.661781 12.734128 -0.108401
v -0.510917 10.875617 5.155675
v -3.377611 11.780026 2.594860
v 2.204912 11.829719 2.452413
v -0.537583 12.610703 0.948868
v -1.584827 10.951331 4.987694
v -1.724207 12.668371 0.124321
v -2.035368 12.509178 2.813823
v 0.412132 12.687388 0.069809
v 0.551512 10.970347 4.933182
v 0.862823 12.534976 2.739872
v -3.194004 12.152016 1.587316
v 1.963575 12.197926 1.455712
v -0.625433 13.004504 1.410414
v -1.638628 12.854084 1.836779
v 0.410702 12.872326 1.784487
v 2.021308 11.486704 3.470187
v -0.547112 12.039650 4.143281
v -3.136271 11.440794 3.601790
v -1.583247 12.171829 3.769208
v 0.466084 12.190071 3.716917
v -2.373911 12.081694 0.948121
v 1.283222 12.235863 1.175048
v -2.391532 14.402613 -0.015149
v 1.273099 14.429352 0.019894
v 0.535140 12.635890 1.778450
v -1.644732 12.002898 0.828437
v -0.011896 12.512790 1.593873
v -0.582639 12.792542 2.015918
v -1.110595 12.345201 1.343094
v -1.655361 14.204983 -0.313777
v 0.541005 14.557700 0.214195
v -1.096515 14.127406 -0.431382
v -0.578968 14.751617 0.507779
v -0.022890 14.721079 0.461003
v -2.001224 13.202797 -0.084862
v 1.659658 13.293251 0.046123
v 0.919570 13.557439 0.444975
v 0.364104 13.577578 0.476090
v -0.199306 13.732723 0.710500
v -0.722058 13.196947 -0.095492
v -1.268549 13.064584 -0.294018
v -1.626890 11.068088 3.818873
v -1.828212 12.493635 0.445867
v -3.297610 12.768062 4.614891
v -3.637528 14.017992 1.186539
v -1.320200 12.805203 1.299444
v -1.785516 11.199230 3.104819
v -1.398301 12.452149 1.766053
v -1.038244 12.654293 2.407635
v -1.469001 11.854383 2.733417
v -3.585485 12.735432 3.849222
v -3.425006 13.955139 1.922115
v -3.725648 12.811919 3.295453
v -3.102518 13.855588 3.046493
v -3.191522 13.996902 2.513152
v -3.004452 11.819716 3.832933
v -3.275072 13.157454 0.432255
v -2.914805 13.281814 1.226831
v -2.837113 13.126167 1.755654
v -2.612582 13.156583 2.343115
v -3.139527 12.234793 2.630486
v -3.227703 11.868973 3.093072
v 1.380038 11.256668 3.283815
v -2.275124 11.398655 3.547468
v 1.564893 12.461676 5.481234
v -2.084012 12.383986 5.814290
v -1.573905 12.112735 3.260895
v 0.663044 11.096367 3.395430
v -1.016394 11.919234 3.275386
v -0.478665 12.420219 3.070465
v 0.094769 11.667755 3.261552
v 0.853734 12.096513 5.657572
v -1.369452 12.629711 5.675687
v 0.306078 11.944062 5.752378
v -0.276041 13.001439 5.464959
v -0.826008 12.930078 5.534147
v 1.143141 11.470665 4.820339
v -2.508892 11.502813 5.118693
v -1.801003 11.982717 4.906105
v -1.250526 12.036149 4.842582
v -0.706678 12.322323 4.705526
v -0.128901 11.417402 4.944780
v 0.429065 11.207933 4.964315
v 0.723489 12.297078 0.337120
v 0.924855 11.288865 3.857467
v 2.394587 14.119689 0.784760
v 2.734512 12.940012 4.237916
v 0.416960 12.067383 3.388748
v 0.882092 11.950805 0.975222
v 0.495026 12.085532 2.803900
v 0.135050 12.645752 2.431472
v 0.565677 12.227610 1.675654
v 2.682404 13.613515 1.360202
v 2.522028 13.352962 3.625942
v 2.822545 13.325338 1.839235
v 2.199596 13.981475 2.688316
v 2.288590 13.756592 3.192152
v 2.101195 12.890663 0.797991
v 2.371840 11.796719 4.284742
v 2.011652 12.392452 3.744396
v 1.933966 12.603342 3.235077
v 1.709480 12.995893 2.796946
v 2.236268 12.458755 1.994496
v 2.324405 12.464439 1.404763
v -2.427548 15.417500 -1.746315
v 1.435328 16.237034 -1.760907
v -2.016026 13.417604 -5.126364
v 1.846850 14.237137 -5.140956
v -0.581339 16.241459 -1.053581
v 0.000641 13.413179 -5.833691
v -3.021815 14.247822 -3.433318
v 2.441117 15.406816 -3.453954
v 0.218181 12.456436 -1.978926
v -1.066346 13.296959 -5.646512
v -1.604025 15.909948 -1.230265
v -1.545933 13.769004 -2.970323
v 0.486549 16.353476 -1.238163
v 1.024228 13.740486 -5.654409
v 1.290172 14.370701 -2.981037
v -2.924801 14.830999 -2.518170
v 2.122290 15.901770 -2.537235
v -0.278949 14.804009 -1.734873
v -1.237416 14.376247 -2.094509
v 0.768013 14.801711 -2.102084
v 2.345004 14.819434 -4.366505
v 0.023188 13.335696 -4.216488
v -2.702087 13.748664 -4.347439
v -1.023773 13.337994 -3.849276
v 0.981656 13.763457 -3.856851
v -1.617823 11.561088 -3.979424
v 2.245054 12.380620 -3.994017
v -2.029344 13.560984 -0.599376
v 1.833532 14.380516 -0.613969
v 0.398844 11.556662 -4.686751
v -0.183135 14.384942 0.093359
v -2.623611 12.391305 -2.286378
v 2.839321 13.550299 -2.307015
v 0.342057 12.301011 -3.917858
v -1.209029 14.068391 -0.092568
v -0.671351 11.455401 -4.508815
v -1.446733 13.306510 -2.684599
v 1.419223 11.898929 -4.516712
v 0.881544 14.511919 -0.100466
v 1.389372 13.908207 -2.695312
v -2.307092 11.907106 -3.209742
v 2.739999 12.977878 -3.228807
v 0.122388 12.873201 -3.930763
v -0.924573 12.875500 -3.563551
v 1.080856 13.300963 -3.571126
v 2.517285 14.060213 -1.399539
v -0.179749 14.341516 -1.449148
v -2.529806 12.989443 -1.380473
v -1.138216 13.913754 -1.808784
v 0.867213 14.339218 -1.816360
v -1.381687 11.564907 -3.545289
v 2.123205 12.640283 -3.449458
v -1.514814 12.282613 -5.949876
v 2.048535 13.136275 -5.877276
v 1.233055 13.176782 -3.389915
v -0.638901 11.587322 -3.546269
v 0.748942 12.840570 -3.422596
v 0.080023 13.205283 -3.381835
v -0.255346 12.304925 -3.473627
v -0.717513 12.098268 -5.972520
v 1.283017 13.200077 -5.867262
v -0.141341 12.085320 -5.976423
v 0.112889 13.293418 -5.852387
v 0.667484 13.362311 -5.847716
v -0.970458 11.569755 -5.059781
v 2.563663 12.534274 -4.975567
v 1.735829 12.834424 -4.940787
v 1.186005 12.747436 -4.947355
v 0.574248 12.895346 -4.929311
v 0.279449 11.841118 -5.037225
v -0.200415 11.488790 -5.071594
v -1.050910 13.254317 -0.925530
v -0.809587 11.565010 -4.171741
v -3.039543 14.540504 -1.765723
v -2.901122 12.669666 -4.914100
v -0.509640 12.512133 -3.860720
v -1.091452 12.764812 -1.483181
v -0.626710 12.625372 -3.293320
v -0.418464 13.312502 -3.035215
v -0.797369 12.963840 -2.218876
v -3.176047 13.881711 -2.232137
v -2.820565 13.229763 -4.394493
v -3.221030 13.482594 -2.645465
v -2.699296 14.083220 -3.597600
v -2.706295 13.751111 -4.047041
v -2.491266 13.428000 -1.523885
v -2.301394 11.647928 -4.721178
v -2.111142 12.401537 -4.305865
v -2.112542 12.718831 -3.848439
v -2.004920 13.228451 -3.494666
v -2.455239 12.753807 -2.610429
v -2.579789 12.853850 -2.035918
v 1.955082 13.635242 -1.352584
v -1.674920 13.112938 -1.365720
v 1.581621 16.075867 -0.884889
v -2.027323 15.470304 -0.684161
v -1.028675 13.497438 -2.085630
v 1.255752 13.460629 -1.171801
v -0.463377 13.511201 -1.916162
v 0.035347 13.788180 -2.422805
v 0.654229 13.590091 -1.709160
v 0.901928 15.823610 -0.504666
v -1.336182 15.677293 -0.948108
v 0.369793 15.678729 -0.337336
v -0.278317 15.992384 -1.347826
v -0.818226 15.878236 -1.259440
v 1.416061 14.869532 -0.547098
v -2.203411 14.305598 -0.453302
v -1.534719 14.601343 -0.945231
v -0.993092 14.708695 -1.016163
v -0.473775 14.904260 -1.313678
v 0.159721 14.648387 -0.451610
v 0.726550 14.656097 -0.266595
v 1.723037 11.925518 -4.039501
v 1.402265 13.985233 -1.022123
v 3.041073 13.765810 -5.130817
v 2.889277 15.699001 -2.020961
v 0.894797 14.005618 -1.930862
v 1.804533 12.224086 -3.363890
v 1.075624 13.595134 -2.314626
v 0.722247 13.584641 -2.990752
v 1.333032 12.852218 -3.139206
v 3.280149 13.946386 -4.368964
v 2.742072 15.449635 -2.732534
v 3.365431 14.157619 -3.839563
v 2.520104 15.065660 -3.819469
v 2.543012 15.323595 -3.324204
v 2.907304 12.945784 -4.178756
v 2.671020 14.942236 -1.115140
v 2.343683 14.827745 -1.925294
v 2.334567 14.559484 -2.413012
v 2.146424 14.425270 -2.998707
v 2.874480 13.605038 -3.082981
v 3.067590 13.185356 -3.460024
v -4.958278 12.763240 0.433469
v -2.115225 14.208315 0.230531
v -5.017553 12.433548 -2.744606
v -2.174501 13.878622 -2.947545
v -3.524475 13.554059 0.990201
v -3.608304 13.087803 -3.504277
v -5.576731 12.299109 -1.113538
v -1.556048 14.342753 -1.400537
v -1.675993 12.454179 -1.417920
v -4.373510 12.712714 -3.278131
v -4.296062 13.143478 0.874225
v -4.275890 12.141563 -1.121457
v -2.757414 13.925547 0.764395
v -2.834862 13.494783 -3.387961
v -2.188535 13.202531 -1.270454
v -5.406735 12.464304 -0.264311
v -1.692109 14.352386 -0.529463
v -3.210453 12.793077 -0.029292
v -3.954818 12.382520 -0.318322
v -2.478835 13.132736 -0.423678
v -1.724189 14.173957 -2.249425
v -3.253973 12.551018 -2.362619
v -5.438816 12.285876 -1.984273
v -3.985591 12.211358 -1.968233
v -2.509608 12.961575 -2.073590
v -4.049808 10.760016 -2.152123
v -1.206756 12.205091 -2.355062
v -3.990532 11.089709 1.025953
v -1.147480 12.534784 0.823014
v -2.640558 11.414272 -2.911793
v -2.556730 11.880528 1.582684
v -4.608985 10.625578 -0.521055
v -0.588302 12.669223 -0.808054
v -2.642746 11.705268 -2.094810
v -3.334917 11.482763 1.465501
v -3.412365 11.051998 -2.686855
v -3.923156 11.662224 -0.641388
v -1.873716 11.834067 -2.796685
v -1.796268 12.264832 1.355671
v -1.835801 12.723190 -0.790385
v -4.477670 10.625160 -1.392996
v -0.763043 12.513242 -1.658149
v -2.901238 12.071677 -1.882550
v -3.632856 11.732018 -1.488164
v -2.156873 12.482234 -1.593521
v -0.730963 12.691669 0.061813
v -2.857718 12.313736 0.450777
v -4.445590 10.803589 0.326966
v -3.602083 11.903179 0.161747
v -2.126100 12.653396 0.056391
v -3.661730 10.690512 -2.017690
v -1.110651 12.207196 -2.009904
v -4.356750 11.899429 -3.497928
v -1.731688 13.276742 -3.589574
v -1.864749 12.378303 -1.675529
v -3.094132 10.870746 -2.101409
v -2.192501 12.039855 -1.754573
v -2.754139 12.142017 -1.519274
v -2.893644 11.448940 -1.851322
v -3.720159 11.949691 -3.674373
v -2.328056 13.150705 -3.467189
v -3.275899 12.068653 -3.751915
v -3.239082 12.955178 -3.281856
v -2.822130 13.125587 -3.322696
v -3.650791 11.239932 -3.162649
v -1.062721 12.686931 -3.204580
v -1.737954 12.709465 -2.976199
v -2.148867 12.527682 -2.943475
v -2.638162 12.493559 -2.805406
v -2.726323 11.703758 -3.206459
v -3.048697 11.355180 -3.292732
v -3.012230 11.411564 0.142738
v -3.235769 11.229978 -2.811152
v -4.932345 12.075693 0.230640
v -5.180567 11.710448 -2.702163
v -3.108203 11.886325 -2.298623
v -3.077572 11.218199 -0.422949
v -3.093737 11.769951 -1.835521
v -3.001238 12.234196 -1.439085
v -3.049578 11.650503 -0.922326
v -5.020706 11.711056 -0.315382
v -5.105627 11.975231 -2.144675
v -5.074043 11.538200 -0.745275
v -4.991443 12.376812 -1.291304
v -5.035669 12.271750 -1.728981
v -4.266498 11.350984 -0.047151
v -4.502378 11.077568 -2.990497
v -4.401125 11.538133 -2.455490
v -4.358913 11.628205 -2.016091
v -4.290550 11.912858 -1.599035
v -4.356020 11.201707 -1.067641
v -4.343349 11.071982 -0.603005
v -1.418267 12.378490 -0.590752
v -4.132993 11.206605 -0.335115
v -1.982378 13.908545 0.624300
v -4.625247 12.617218 1.003851
v -3.839246 11.841716 -0.804260
v -1.893157 12.044479 -0.433980
v -3.372543 11.925351 -0.745869
v -3.133009 12.386589 -1.079220
v -2.483468 12.166307 -0.705530
v -2.390258 13.463147 0.896629
v -4.178300 12.997676 0.798893
v -2.743799 13.191412 1.033380
v -3.493078 13.577480 0.487696
v -3.873143 13.349834 0.578707
v -1.858404 12.904026 0.478364
v -4.537201 11.672420 0.795957
v -4.166854 12.180203 0.458906
v -3.780925 12.398101 0.378008
v -3.471125 12.742543 0.165827
v -2.771714 12.439368 0.625515
v -2.299788 12.514321 0.692914
v -1.237244 12.114105 -2.593445
v -1.190206 12.615794 0.331363
v -0.722855 14.054675 -2.917838
v -0.508046 14.474961 0.010226
v -1.766292 12.791655 -0.257660
v -1.084092 12.143454 -2.012631
v -1.642017 12.652058 -0.697301
v -2.048136 12.769808 -1.147238
v -1.496968 12.423080 -1.578592
v -0.413246 14.008110 -2.333987
v -0.726439 14.477268 -0.571854
v -0.273311 14.019512 -1.889218
v -1.057347 14.479227 -1.462383
v -0.979341 14.520678 -1.018816
v -0.509625 13.150001 -2.491433
v -0.378701 13.610988 0.435003
v -0.775940 13.700071 -0.150548
v -0.840254 13.651978 -0.593850
v -1.082317 13.690127 -1.040602
v -0.414715 13.286906 -1.469696
v -0.278244 13.141392 -1.909100
v 1.139593 14.607028 1.667872
v 3.799618 12.854223 1.921471
v 1.391108 14.527943 -1.516913
v 4.051132 12.775138 -1.263315
v 2.417515 13.747005 2.454262
v 2.773211 13.635161 -2.049705
v 0.714441 14.930504 0.022958
v 4.476284 12.451663 0.381600
v 1.337717 11.775018 0.150538
v 2.038760 14.112025 -1.946952
v 1.710140 14.215355 2.214171
v 1.217072 13.722376 0.092653
v 3.149735 13.266744 2.351418
v 3.478355 13.163414 -1.809705
v 3.170050 12.435474 0.278844
v 0.788443 14.855860 0.898358
v 4.263933 12.565710 1.229701
v 2.101231 13.107957 1.354875
v 1.437792 13.554441 0.946617
v 2.818755 12.644465 1.078274
v 4.400052 12.522909 -0.493893
v 2.285892 13.049893 -0.983379
v 0.924562 14.813060 -0.825235
v 1.568367 13.513385 -0.706778
v 2.949330 12.603408 -0.575121
v 0.329639 12.852681 -1.123140
v 2.989664 11.099876 -0.869542
v 0.078125 12.931767 2.061646
v 2.738150 11.178962 2.315244
v 1.711742 11.959900 -1.655931
v 1.356047 12.071743 2.848035
v -0.347027 13.255241 0.416731
v 3.414816 10.776402 0.775373
v 1.814759 12.097456 -0.805867
v 0.656608 12.552184 2.608271
v 0.985227 12.448853 -1.552853
v 0.895070 13.173716 0.516848
v 2.424822 11.500242 -1.415606
v 2.096203 11.603573 2.745517
v 2.848047 11.886814 0.703039
v -0.128971 13.149888 -0.431135
v 3.346519 10.859737 -0.099793
v 1.963889 12.501232 -0.559183
v 1.246365 12.964725 -0.282583
v 2.627328 12.054748 -0.150926
v 3.210401 10.902538 1.623800
v 1.779229 12.559297 1.779070
v -0.265089 13.192689 1.292458
v 1.115790 13.005782 1.370813
v 2.496753 12.095805 1.502470
v 0.436167 12.479720 -0.971288
v 2.977385 11.013877 -0.521939
v 1.391048 13.697159 -2.291016
v 3.866951 12.099072 -1.955814
v 2.695829 11.750335 -0.225114
v 0.882375 12.076636 -0.980361
v 2.260481 11.868386 -0.382441
v 2.031621 12.404516 -0.178902
v 1.430079 12.186072 -0.626677
v 1.776347 13.170749 -2.406537
v 3.446141 12.553580 -1.902354
v 2.108835 12.844436 -2.428972
v 2.801035 13.246437 -1.822760
v 3.157633 12.968939 -1.803060
v 1.113399 12.753914 -2.010080
v 3.621959 11.221949 -1.617805
v 3.270776 11.817431 -1.442662
v 2.908848 12.084137 -1.471679
v 2.616119 12.490951 -1.379760
v 1.969248 12.180729 -1.906752
v 1.529152 12.289167 -2.072377
v 0.987476 12.250147 1.320560
v 1.245575 12.384790 -1.633025
v 0.600780 14.246257 1.361184
v 0.686186 14.311222 -1.602738
v 1.777980 12.593576 -1.014395
v 0.890408 12.217010 0.727989
v 1.603720 12.518654 -0.575948
v 1.975409 12.664011 -0.104822
v 1.361734 12.411794 0.307323
v 0.342666 14.148142 0.758972
v 0.850408 14.371453 -1.006147
v 0.244968 14.113335 0.304247
v 1.098340 14.462265 -0.093551
v 1.064387 14.453177 -0.544461
v 0.356254 13.311872 1.025241
v 0.528007 13.411676 -1.933513
v 0.876320 13.546185 -1.325903
v 0.896179 13.549585 -0.875836
v 1.099000 13.626808 -0.414818
v 0.365478 13.326235 -0.009847
v 0.178664 13.246246 0.427849
v 2.722343 11.351376 0.877708
v 0.349103 13.127367 0.729438
v 3.538809 12.586380 2.271905
v 1.076735 14.239548 2.232296
v 1.118230 13.191326 0.391649
v 2.177156 11.597044 0.941577
v 1.407464 12.826633 0.499160
v 1.977538 12.850239 0.263152
v 2.040735 12.173020 0.647148
v 2.910779 12.717507 2.437106
v 1.656466 14.041641 2.126172
v 2.481648 12.888773 2.500715
v 2.541753 13.736474 1.965898
v 2.145413 13.953078 1.989398
v 2.767068 11.982946 1.978632
v 0.349411 13.697526 1.884692
v 1.023840 13.630553 1.662736
v 1.412930 13.403925 1.648104
v 1.896137 13.307425 1.518350
v 1.897683 12.544966 1.977757
v 2.180459 12.171345 2.093167
v 2.735910 11.377982 -1.171489
v 2.154583 11.573738 1.732327
v 4.661511 11.920090 -0.805676
v 4.093401 11.929946 2.105251
v 2.224816 12.163087 1.134426
v 2.632358 11.257268 -0.591518
v 2.323056 11.987908 0.700978
v 2.379509 12.400436 0.245046
v 2.511381 11.752234 -0.170305
v 4.570284 11.626012 -0.219072
v 4.191814 12.122950 1.522515
v 4.492860 11.508431 0.225576
v 4.342642 12.414665 0.631055
v 4.260339 12.365706 1.073078
v 3.885209 11.275147 -0.640967
v 3.310490 11.377954 2.266404
v 3.394813 11.769130 1.676086
v 3.478195 11.802917 1.234644
v 3.547574 12.033662 0.785666
v 3.688619 11.256444 0.375251
v 3.787819 11.067752 -0.057680
v -0.284383 9.992874 1.564869
v -0.143011 9.980898 1.556324
v -0.317819 9.308862 0.365675
v 0.000241 9.394042 0.362467
v -0.206559 10.038561 1.537931
v -0.210499 9.924872 1.579072
v -0.176519 9.377402 0.416399
v -0.156797 9.294649 0.310203
v -0.222180 8.798838 0.483598
v -0.221455 7.923018 0.656891
v -0.314383 8.192749 1.098120
v -0.293399 9.336181 1.346951
v -0.303886 9.314235 1.430220
v -0.332231 8.134476 1.180809
v -0.185400 7.851254 0.584719
v -0.198273 8.777768 0.384519
v -0.267090 8.799548 0.423058
v -0.283506 7.834455 0.626955
v -0.396766 8.185708 1.146258
v -0.370104 9.349830 1.389711
v -0.233809 9.313227 1.378992
v -0.257171 8.154646 1.135134
v -0.135480 7.883128 0.619448
v -0.145344 8.785849 0.437183
v -0.299704 7.891385 0.924736
v -0.250523 7.815512 0.731205
v -0.254777 7.727845 0.727340
v -0.319913 7.794868 0.973612
v -0.391946 7.833387 0.965599
v -0.332187 7.750673 0.730935
v -0.188915 7.773429 0.724953
v -0.250438 7.836453 0.956793
v -0.255817 9.739995 0.988312
v -0.258078 9.637131 1.051927
v -0.241570 8.528052 0.930428
v -0.243656 8.526616 0.958737
v -0.244531 9.696833 0.813229
v -0.246030 9.628643 0.878491
v -0.218562 9.215053 0.802809
v -0.219945 9.214100 0.831850
v -0.076701 10.213406 -1.078075
v -0.137872 10.117453 -1.119115
v -0.079945 9.445704 -1.079447
v -0.101958 9.447049 -1.097374
v -0.051341 10.170314 -1.270295
v -0.110698 10.109031 -1.310696
v -0.052856 9.647422 -1.236872
v -0.092129 9.649347 -1.254628
v -0.329251 9.739415 1.030751
v -0.254450 9.645826 1.014044
v -0.240611 8.531740 0.953159
v -0.212512 8.533976 0.949527
v -0.277021 12.072557 2.692558
v -0.163701 12.054842 2.685210
v -0.230134 10.020725 1.703910
v -0.112446 10.073698 1.703964
v -0.215003 12.133732 2.672352
v -0.217365 11.979280 2.701692
v -0.185700 10.084661 1.746958
v -0.169264 9.967528 1.658653
v -0.218165 9.294086 1.781776
v -0.198360 8.602523 1.884865
v -0.274921 8.987697 2.249288
v -0.279446 10.377613 2.495113
v -0.287727 10.350385 2.561450
v -0.288837 8.910700 2.313949
v -0.168936 8.501476 1.824323
v -0.198821 9.261723 1.701262
v -0.254112 9.293360 1.733061
v -0.247412 8.480559 1.857825
v -0.340877 8.980242 2.287862
v -0.340999 10.080758 2.530043
v -0.231569 10.346790 2.520125
v -0.228842 8.936289 2.277802
v -0.129197 8.545974 1.853336
v -0.156510 9.274180 1.743924
v -0.260929 8.568665 2.099570
v -0.220907 8.457834 1.941141
v -0.223686 8.337555 1.935102
v -0.276448 8.438128 2.135720
v -0.334414 8.491182 2.130587
v -0.285851 8.369524 1.938795
v -0.171259 8.399495 1.934671
v -0.221092 8.494078 2.123532
v -0.173799 10.888821 -1.882602
v -0.032438 10.875762 -1.875605
v -0.207884 10.061111 -0.776245
v 0.110245 10.146238 -0.763107
v -0.095938 10.930776 -1.850248
v -0.099973 10.823022 -1.905075
v -0.066526 10.136519 -0.818668
v -0.046877 10.039816 -0.722863
v -0.112217 9.408070 -0.890080
v -0.091955 8.776653 -1.041000
v -0.184835 9.171771 -1.475525
v -0.183392 10.210299 -1.747207
v -0.193893 10.198783 -1.832544
v -0.202735 9.126545 -1.565744
v -0.055975 8.699972 -0.979628
v -0.088354 9.381964 -0.797224
v -0.157158 9.411545 -0.834078
v -0.154083 8.685133 -1.022194
v -0.267257 9.183053 -1.529179
v -0.260082 10.229176 -1.787957
v -0.123820 10.191415 -1.781834
v -0.127645 9.135465 -1.515724
v -0.006016 8.732384 -1.008758
v -0.035402 9.391666 -0.846549
v -0.170216 8.778312 -1.310698
v -0.121111 8.679142 -1.127985
v -0.125441 8.591670 -1.134945
v -0.190530 8.697205 -1.374619
v -0.262534 8.735486 -1.362322
v -0.202844 8.619577 -1.137637
v -0.059540 8.636557 -1.126965
v -0.121010 8.732408 -1.351202
v -0.892437 13.069135 -1.174761
v -0.790685 13.056076 -1.273140
v -0.108331 12.241426 -0.393500
v 0.118752 12.326552 -0.616685
v -0.815593 13.111090 -1.209463
v -0.858364 13.003336 -1.244002
v -0.042649 12.316833 -0.525665
v 0.040702 12.220130 -0.474506
v -0.126002 11.588384 -0.541143
v -0.222289 10.956967 -0.659110
v -0.602901 11.352085 -0.888399
v -0.800185 12.390614 -1.075194
v -0.869642 12.379097 -1.125873
v -0.680979 11.306859 -0.937016
v -0.152903 10.880285 -0.643409
v -0.041922 11.562278 -0.495075
v -0.115858 11.591859 -0.470058
v -0.251040 10.865447 -0.600912
v -0.698407 11.363367 -0.864931
v -0.882355 12.409490 -1.047086
v -0.784727 12.371729 -1.142342
v -0.593139 11.315779 -0.957619
v -0.140006 10.912698 -0.699784
v -0.041718 11.571980 -0.567441
v -0.472617 10.958626 -0.786380
v -0.305703 10.859455 -0.697301
v -0.313743 10.771984 -0.698899
v -0.533154 10.877519 -0.815257
v -0.573406 10.915800 -0.754302
v -0.368626 10.799891 -0.644252
v -0.262865 10.816871 -0.741538
v -0.468536 10.912722 -0.849983
v 0.705152 12.825443 1.277268
v 0.795568 12.813467 1.168254
v -0.192867 12.141431 0.481813
v 0.022241 12.226611 0.247504
v 0.738699 12.871130 1.202057
v 0.766029 12.757442 1.233059
v -0.059246 12.209971 0.413373
v -0.123263 12.127218 0.326377
v -0.041422 11.631407 0.492638
v 0.081233 11.123415 0.579759
v 0.339705 11.393147 0.949232
v 0.539953 12.168750 1.134863
v 0.593552 12.146804 1.199445
v 0.387848 11.334872 1.018790
v 0.053212 11.051652 0.504104
v -0.097384 11.610337 0.407453
v -0.116307 11.632117 0.484023
v 0.016963 11.034853 0.604576
v 0.318512 11.386106 1.042266
v 0.518718 12.182399 1.220075
v 0.604076 12.145796 1.113281
v 0.405832 11.355043 0.932785
v 0.112686 11.083526 0.491416
v -0.022765 11.618418 0.404831
v 0.223207 11.091783 0.819982
v 0.115593 11.015908 0.651778
v 0.109864 10.928242 0.652241
v 0.245059 10.995265 0.868145
v 0.189965 11.033785 0.915236
v 0.059565 10.951071 0.711191
v 0.153150 10.973825 0.602543
v 0.280283 11.036850 0.805945
v -0.616522 12.402821 -0.397318
v -0.619684 12.258954 -0.308345
v -0.596596 10.707793 -0.478274
v -0.599513 10.705784 -0.438682
v -0.715469 12.400100 -0.339764
v -0.610853 12.269206 -0.363131
v -0.591497 10.711041 -0.448285
v -0.552197 10.714168 -0.453364
vn -0.6663 0.1884 -0.7215
vn -0.6377 0.0737 0.7667
vn -0.6973 0.0624 0.7141
vn -0.7986 0.0642 0.5985
vn -0.9951 0.0986 -0.0085
vn -0.9768 0.1124 -0.1825
vn -0.8312 -0.2414 0.5009
vn -0.4560 -0.1630 -0.8749
vn -0.6828 -0.1609 -0.7126
vn -0.6954 -0.1605 -0.7005
vn -0.8827 -0.1863 -0.4314
vn -0.9806 -0.1939 -0.0276
vn -0.9593 -0.2523 0.1266
vn -0.9724 -0.2298 0.0396
vn -0.9203 -0.0870 -0.3815
vn -0.9388 -0.1536 -0.3083
vn -0.8874 -0.0865 -0.4528
vn -0.7493 -0.1004 -0.6545
vn -0.8451 -0.1327 -0.5178
vn -0.7791 -0.1374 -0.6116
vn -0.4024 -0.1118 -0.9086
vn -0.4323 -0.1285 -0.8925
vn -0.3967 -0.2104 0.8935
vn -0.6023 -0.1941 0.7743
vn -0.6435 0.1960 -0.7399
vn -0.8939 0.2052 -0.3985
vn -0.8140 0.2199 0.5376
vn -0.9582 0.1128 0.2628
vn -0.9020 0.2193 0.3720
vn -0.9474 0.0618 0.3140
vn -0.9224 0.1171 0.3679
vn -0.8811 0.1352 0.4532
vn -0.8458 0.1671 0.5066
vn -0.6518 0.1813 0.7364
vn -0.3978 0.1066 -0.9113
vn -0.5170 0.1124 -0.8485
vn 0.2710 0.1758 0.9464
vn 0.9529 0.1735 0.2488
vn 0.9878 0.1557 -0.0000
vn -0.0564 0.1337 -0.9894
vn -0.9161 0.1470 0.3730
vn -0.5004 0.1671 -0.8495
vn 0.4464 0.2400 -0.8621
vn 0.8160 0.1153 0.5665
vn -0.8895 0.1790 0.4204
vn 0.6991 0.1499 0.6991
vn -0.0000 0.0797 -0.9968
vn -0.0000 0.1061 0.9944
vn 0.7010 0.1316 -0.7010
vn -0.9996 0.0290 -0.0000
vn -0.7065 0.0418 -0.7065
vn -0.7058 0.0606 0.7058
vn 1.0000 0.0082 -0.0000
vn 0.7071 0.0060 -0.7071
vn 0.7071 0.0109 0.7071
vn -1.0000 0.0082 -0.0000
vn -0.0000 0.0047 -1.0000
vn -0.7071 0.0060 -0.7071
vn -0.7071 0.0109 0.7071
vn -0.0000 0.0117 0.9999
vn -0.0225 -0.3271 0.9447
vn -0.7088 -0.0957 0.6988
vn -0.6465 0.4446 -0.6200
vn 0.9976 -0.0694 0.0041
vn 0.0195 0.4546 -0.8905
vn -0.9731 0.2288 0.0280
vn 0.6688 -0.3164 0.6727
vn 0.7019 0.2651 -0.6611
vn 0.5959 0.5383 -0.5959
vn 0.6436 -0.4142 0.6436
vn -0.9987 -0.0500 -0.0000
vn -0.0000 0.6274 -0.7787
vn 0.9935 0.1140 -0.0000
vn -0.6268 0.4628 -0.6268
vn -0.6139 -0.4963 0.6139
vn -0.0000 -0.5954 0.8034
vn 0.2325 -0.5992 -0.7661
vn 0.8077 -0.4216 -0.4121
vn 0.4133 0.5404 0.7329
vn -0.9493 0.0693 -0.3066
vn -0.2182 0.6512 0.7269
vn 0.9514 0.1103 0.2876
vn -0.4297 -0.4425 -0.7871
vn -0.7596 0.5280 0.3798
vn -0.8051 0.3641 0.4682
vn -0.4440 -0.2665 -0.8555
vn 0.9583 -0.0068 0.2856
vn -0.2502 0.4394 0.8627
vn -0.9577 0.0684 -0.2796
vn 0.4337 0.3197 0.8424
vn 0.8232 -0.3131 -0.4737
vn 0.2563 -0.3972 -0.8812
vn -0.7750 -0.2413 -0.5840
vn -0.0754 -0.2606 -0.9625
vn 0.9764 0.1692 -0.1340
vn -0.6654 0.1905 0.7218
vn 0.7445 0.3634 0.5601
vn 0.6537 -0.0891 -0.7515
vn -0.9923 -0.0511 0.1128
vn 0.0488 0.3736 0.9263
vn 0.0663 0.4465 0.8923
vn -0.8486 -0.5145 0.1226
vn 0.6098 0.0918 -0.7872
vn 0.6152 0.6046 0.5060
vn -0.6191 -0.0288 0.7848
vn 0.8550 0.5039 -0.1228
vn -0.0705 -0.4274 -0.9013
vn -0.5945 -0.6352 -0.4931
vn 0.2575 -0.8556 0.4490
vn -0.4453 -0.8172 0.3659
vn -0.7091 -0.4475 0.5449
vn 0.9556 0.2941 -0.0209
vn 0.4471 0.8346 -0.3218
vn -0.8573 0.4332 -0.2782
vn 0.8444 -0.4396 0.3063
vn 0.0284 0.4657 -0.8845
vn -0.2773 0.8651 -0.4180
vn -0.0312 -0.3798 0.9246
vn -0.6782 0.1400 -0.7215
vn 0.9378 0.3121 0.1518
vn 0.6657 -0.0510 0.7445
vn -0.9573 -0.2836 0.0561
vn -0.7833 0.6148 0.0919
vn -0.9635 -0.2373 -0.1241
vn -0.1047 0.8823 -0.4588
vn 0.0827 -0.8225 0.5627
vn -0.9870 -0.1606 0.0026
vn -0.5832 -0.7056 0.4025
vn 0.7498 -0.4968 0.4370
vn -0.7470 0.5515 -0.3712
vn 0.5424 0.7774 -0.3187
vn 0.9754 0.2181 0.0330
vn 0.6901 0.5246 -0.4985
vn 0.4935 -0.7799 0.3849
vn 0.7636 -0.1156 -0.6352
vn -0.1108 -0.6023 0.7905
vn -0.7636 0.1156 0.6352
vn -0.4935 0.7799 -0.3849
vn 0.7833 -0.6148 -0.0919
vn 0.1108 0.6023 -0.7905
vn 0.9375 0.2676 0.2225
vn -0.5524 -0.1172 -0.8253
vn -0.7915 -0.2688 0.5488
vn 0.1420 0.0999 -0.9848
vn 0.7915 0.2688 -0.5488
vn 0.5524 0.1172 0.8253
vn -0.9375 -0.2676 -0.2225
vn -0.1420 -0.0999 0.9848
vn -0.3901 -0.8768 -0.2810
vn 0.4040 -0.8722 -0.2755
vn 0.6075 -0.1164 -0.7857
vn -0.9358 0.3420 0.0856
vn -0.3967 0.8769 0.2713
vn 0.9341 0.3416 0.1034
vn -0.9279 -0.3500 -0.1284
vn 0.1058 0.0611 0.9925
vn 0.4042 0.8712 0.2788
vn -0.0986 0.0133 -0.9950
vn 0.7428 -0.0838 0.6643
vn -0.9668 0.2531 0.0355
vn -0.7184 0.1617 -0.6766
vn 0.9357 -0.3339 -0.1141
vn 0.8703 0.4860 -0.0802
vn 0.9843 -0.1616 -0.0713
vn 0.2646 0.7389 0.6197
vn -0.2450 -0.6728 -0.6981
vn 0.9558 -0.0367 -0.2916
vn 0.5388 -0.4946 -0.6820
vn -0.8739 -0.4153 -0.2526
vn 0.8749 0.4471 0.1863
vn -0.5102 0.5513 0.6601
vn -0.9569 0.0495 0.2862
vn -0.6122 0.2113 0.7620
vn -0.6162 -0.6005 -0.5096
vn -0.6875 -0.0862 0.7211
vn -0.0193 -0.4219 -0.9064
vn 0.6875 0.0862 -0.7211
vn 0.6162 0.6005 0.5096
vn -0.8703 -0.4860 0.0802
vn 0.0193 0.4219 0.9064
vn -0.8397 0.5392 -0.0644
vn 0.5913 -0.4654 0.6586
vn 0.6747 -0.3340 -0.6582
vn 0.0069 -0.1426 0.9897
vn -0.6747 0.3340 0.6582
vn -0.5913 0.4654 -0.6586
vn 0.8397 -0.5392 0.0644
vn -0.0069 0.1427 -0.9897
vn -0.2179 -0.8665 0.4491
vn -0.4688 -0.8815 -0.0572
vn -0.8880 -0.3937 -0.2375
vn 0.5213 0.4005 0.7536
vn 0.4390 0.8951 0.0776
vn -0.1689 0.5054 -0.8462
vn 0.1448 -0.5058 0.8504
vn 0.6607 0.5047 -0.5556
vn 0.1931 0.8750 -0.4440
vn -0.7049 -0.3919 0.5912
vn 0.1354 0.2534 -0.9578
vn 0.4471 0.2186 0.8674
vn -0.1496 -0.1286 0.9803
vn -0.5502 -0.3808 -0.7431
vn -0.3580 0.6332 -0.6862
vn -0.4694 -0.0950 -0.8778
vn 0.2842 0.8907 -0.3547
vn -0.3578 -0.8423 0.4032
vn -0.5209 -0.2212 -0.8245
vn -0.5777 -0.8013 -0.1557
vn 0.0163 -0.5396 0.8417
vn -0.0472 0.6102 -0.7908
vn 0.4874 0.8594 0.1542
vn 0.4893 0.3085 0.8157
vn 0.8263 0.5121 0.2345
vn -0.1178 -0.7261 0.6774
vn 0.9319 -0.1445 0.3327
vn -0.6609 -0.6034 0.4463
vn -0.9319 0.1445 -0.3327
vn 0.1178 0.7261 -0.6774
vn 0.3580 -0.6332 0.6862
vn 0.6609 0.6034 -0.4463
vn 0.2408 0.6763 0.6962
vn 0.2332 -0.5999 -0.7653
vn -0.7963 -0.5113 -0.3232
vn 0.8153 -0.2288 -0.5320
vn 0.7963 0.5113 0.3232
vn -0.2332 0.5999 0.7653
vn -0.2408 -0.6763 -0.6962
vn -0.8153 0.2288 0.5320
vn 0.1697 -0.8675 0.4677
vn 0.2473 -0.9504 -0.1883
vn -0.2057 0.3127 0.9273
vn -0.0734 0.9890 0.1283
vn 0.1136 0.4949 -0.8615
vn -0.0165 -0.4697 0.8827
vn 0.0725 0.8822 -0.4652
vn 0.1742 -0.3401 -0.9241
vn 0.4294 -0.2423 -0.8700
vn -0.6447 0.6067 -0.4650
vn -0.3994 0.3256 0.8570
vn -0.2925 0.3536 -0.8885
vn 0.7898 -0.5985 -0.1345
vn 0.6962 -0.5621 0.4465
vn -0.7484 0.6554 0.1019
vn 0.3476 -0.2946 0.8902
vn -0.9726 0.0470 -0.2279
vn -0.4540 0.1544 0.8775
vn -0.5621 -0.0466 -0.8258
vn 0.9413 -0.0832 -0.3272
vn 0.9770 -0.0201 0.2123
vn -0.9417 0.1123 0.3171
vn 0.5801 0.0825 0.8103
vn 0.4611 -0.1172 -0.8796
vn -0.3952 0.8292 0.3952
vn 0.1575 0.8389 0.5210
vn 0.5652 0.6010 -0.5652
vn -0.5210 0.8389 -0.1575
vn 0.5210 0.8389 -0.1575
vn 0.3952 0.8292 0.3952
vn -0.5652 0.6010 -0.5652
vn -0.1575 0.8389 0.5210
vn -0.1575 0.8389 -0.5210
vn 0.3952 0.8292 -0.3952
vn -0.3952 0.8292 -0.3952
vn 0.1575 0.8389 -0.5210
vn -0.5652 0.6010 0.5652
vn 0.5210 0.8389 0.1575
vn 0.5652 0.6010 0.5652
vn -0.5210 0.8389 0.1575
vn -0.3485 -0.8701 -0.3485
vn 0.1322 -0.8803 -0.4555
vn -0.6243 -0.4696 -0.6243
vn -0.4555 -0.8803 0.1322
vn 0.4555 -0.8803 0.1322
vn 0.3485 -0.8701 -0.3485
vn 0.6821 -0.2634 -0.6821
vn -0.1322 -0.8803 -0.4555
vn -0.1322 -0.8803 0.4555
vn 0.3485 -0.8701 0.3485
vn -0.3485 -0.8701 0.3485
vn 0.1322 -0.8803 0.4555
vn 0.1389 -0.9805 0.1389
vn 0.4555 -0.8803 -0.1322
vn -0.1323 -0.9823 0.1323
vn -0.4556 -0.8803 -0.1322
vn 0.3214 0.4001 0.8583
vn 0.2449 0.5055 0.8274
vn 0.2463 0.4939 0.8339
vn -0.8178 0.0504 0.5734
vn -0.1031 0.4609 0.8814
vn 0.3990 0.5305 0.7479
vn 0.6150 0.6721 0.4124
vn -0.5722 0.8145 0.0959
vn -0.7866 0.6143 -0.0625
vn 0.5559 0.7152 0.4236
vn -0.1643 0.9426 0.2908
vn 0.2451 0.8396 0.4848
vn 0.8221 0.4001 -0.4050
vn 0.7990 0.5055 -0.3259
vn 0.8053 0.4939 -0.3279
vn 0.6517 0.0504 0.7568
vn 0.8873 0.4609 0.0151
vn 0.7046 0.5305 -0.4713
vn 0.3493 0.6721 -0.6529
vn 0.1523 0.8145 0.5599
vn 0.0159 0.6143 0.7889
vn 0.3663 0.7152 -0.5952
vn 0.3057 0.9426 0.1346
vn 0.4581 0.8396 -0.2920
vn -0.4050 0.4001 -0.8221
vn -0.3259 0.5055 -0.7990
vn -0.3279 0.4939 -0.8053
vn 0.7568 0.0504 -0.6517
vn 0.0151 0.4609 -0.8873
vn -0.4713 0.5305 -0.7046
vn -0.6529 0.6721 -0.3493
vn 0.5599 0.8145 -0.1523
vn 0.7889 0.6143 -0.0159
vn -0.5952 0.7152 -0.3663
vn 0.1346 0.9426 -0.3057
vn -0.2920 0.8396 -0.4581
vn -0.8221 0.4001 0.4050
vn -0.7990 0.5055 0.3259
vn -0.8053 0.4939 0.3279
vn -0.6517 0.0504 -0.7568
vn -0.8873 0.4609 -0.0151
vn -0.7046 0.5305 0.4713
vn -0.3493 0.6721 0.6529
vn -0.1523 0.8145 -0.5599
vn -0.0159 0.6143 -0.7889
vn -0.3663 0.7152 0.5952
vn -0.3057 0.9426 -0.1346
vn -0.4581 0.8396 0.2920
vn -0.3843 0.6469 0.6587
vn 0.1717 0.6191 0.7664
vn 0.5497 0.7598 -0.3471
vn -0.5250 0.8388 0.1441
vn 0.5166 0.8481 0.1175
vn 0.4059 0.6539 0.6385
vn -0.5802 0.7498 -0.3182
vn -0.1433 0.6162 0.7744
vn -0.1715 0.9630 -0.2078
vn 0.3845 0.9170 -0.1066
vn -0.4057 0.9099 -0.0864
vn 0.1435 0.9658 -0.2158
vn -0.5496 0.3736 0.7472
vn 0.5252 0.7432 0.4145
vn 0.5803 0.3837 0.7184
vn -0.5165 0.7340 0.4411
vn -0.3579 -0.7076 -0.6093
vn 0.1197 -0.6773 -0.7259
vn -0.6410 -0.2406 -0.7289
vn -0.4519 -0.8782 -0.1569
vn 0.4589 -0.8701 -0.1801
vn 0.3389 -0.7014 -0.6271
vn 0.6634 -0.0153 -0.7481
vn -0.1445 -0.6797 -0.7191
vn -0.1199 -0.9829 0.1397
vn 0.3577 -0.9333 0.0300
vn -0.3391 -0.9395 0.0478
vn 0.1443 -0.9806 0.1330
vn 0.1425 -0.9696 -0.1990
vn 0.4517 -0.7821 -0.4293
vn -0.1288 -0.9715 -0.1989
vn -0.4590 -0.7902 -0.4060
vn 0.3445 0.0945 0.9340
vn 0.2672 0.2035 0.9419
vn 0.2687 0.1904 0.9442
vn -0.8020 -0.1505 0.5781
vn -0.0792 0.1404 0.9869
vn 0.4191 0.2549 0.8714
vn 0.6260 0.5019 0.5968
vn -0.5693 0.7310 0.3761
vn -0.7880 0.5930 0.1656
vn 0.5672 0.5384 0.6232
vn -0.1563 0.7905 0.5921
vn 0.2582 0.6325 0.7302
vn 0.8109 0.5193 -0.2696
vn 0.7899 0.5922 -0.1593
vn 0.7962 0.5820 -0.1652
vn 0.6719 -0.1985 0.7135
vn 0.8874 0.4375 0.1450
vn 0.6916 0.6634 -0.2856
vn 0.3316 0.8541 -0.4006
vn 0.1674 0.5830 0.7950
vn 0.0373 0.3168 0.9478
vn 0.3502 0.8758 -0.3323
vn 0.3093 0.8467 0.4328
vn 0.4501 0.8929 -0.0074
vn -0.4271 0.6472 -0.6314
vn -0.3473 0.7396 -0.5765
vn -0.3494 0.7308 -0.5863
vn 0.7389 0.2712 -0.6168
vn -0.0089 0.7301 -0.6833
vn -0.4901 0.7306 -0.4755
vn -0.6620 0.7442 -0.0889
vn 0.5556 0.8237 0.1133
vn 0.7883 0.5915 0.1694
vn -0.6048 0.7910 -0.0920
vn 0.1264 0.9917 0.0222
vn -0.3042 0.9415 -0.1448
vn -0.8109 0.2351 0.5359
vn -0.7898 0.3611 0.4958
vn -0.7961 0.3494 0.4940
vn -0.6719 0.2936 -0.6799
vn -0.8873 0.4317 0.1619
vn -0.6915 0.3372 0.6388
vn -0.3315 0.4133 0.8481
vn -0.1673 0.9530 -0.2527
vn -0.0371 0.8416 -0.5388
vn -0.3500 0.4731 0.8085
vn -0.3091 0.9309 0.1947
vn -0.4499 0.6904 0.5664
vn -0.5767 0.8121 -0.0890
vn -0.0508 0.9986 0.0116
vn 0.5039 0.3341 -0.7966
vn -0.6438 0.5142 -0.5667
vn 0.3755 0.7304 -0.5705
vn 0.1966 0.9762 -0.0919
vn -0.6018 0.0995 -0.7924
vn -0.3590 0.9332 0.0128
vn -0.2504 0.4055 -0.8791
vn 0.2790 0.5758 -0.7685
vn -0.4943 0.4118 -0.7656
vn 0.0578 0.4709 -0.8803
vn -0.7196 0.6719 0.1751
vn 0.3426 0.8900 -0.3008
vn 0.3861 0.9065 0.1709
vn -0.6767 0.6737 -0.2970
vn -0.1484 -0.9770 0.1528
vn 0.3348 -0.9401 0.0648
vn -0.4613 -0.8388 -0.2892
vn -0.3014 -0.7644 0.5700
vn 0.5899 -0.5753 0.5666
vn 0.5334 -0.8324 0.1503
vn 0.7857 -0.4244 -0.4502
vn 0.0762 -0.9949 0.0657
vn -0.0187 -0.5335 0.8456
vn 0.4608 -0.4794 0.7469
vn -0.2211 -0.6240 0.7495
vn 0.2399 -0.4786 0.8446
vn 0.2974 -0.7214 0.6254
vn 0.6174 -0.7092 0.3404
vn 0.0331 -0.7826 0.6217
vn -0.2738 -0.8983 0.3437
vn 0.1531 0.8362 0.5266
vn 0.0626 0.8929 0.4459
vn 0.0653 0.8868 0.4575
vn -0.8688 0.1629 0.4677
vn -0.2755 0.8108 0.5165
vn 0.2171 0.9056 0.3644
vn 0.4380 0.8990 0.0033
vn -0.7160 0.6115 -0.3369
vn -0.8732 0.3192 -0.3682
vn 0.3712 0.9285 -0.0093
vn -0.3602 0.9021 -0.2378
vn 0.0385 0.9991 -0.0200
vn 0.7746 0.3003 -0.5566
vn 0.7248 0.4238 -0.5432
vn 0.7333 0.4144 -0.5390
vn 0.5496 0.5607 0.6193
vn 0.7837 0.5775 -0.2287
vn 0.6431 0.3516 -0.6803
vn 0.2891 0.3043 -0.9076
vn -0.0556 0.9968 0.0575
vn -0.1769 0.9169 0.3576
vn 0.2920 0.3732 -0.8806
vn 0.1158 0.9205 -0.3733
vn 0.3278 0.6498 -0.6857
vn -0.3823 -0.1656 -0.9091
vn -0.3262 -0.0492 -0.9440
vn -0.3254 -0.0626 -0.9435
vn 0.7992 -0.1308 -0.5867
vn 0.0245 -0.0605 -0.9979
vn -0.4828 -0.0106 -0.8757
vn -0.7229 0.2501 -0.6441
vn 0.4173 0.7207 -0.5535
vn 0.6632 0.6698 -0.3341
vn -0.6725 0.2896 -0.6811
vn -0.0057 0.6620 -0.7495
vn -0.3886 0.4101 -0.8251
vn -0.9183 0.3693 0.1429
vn -0.9062 0.4222 0.0205
vn -0.9106 0.4123 0.0282
vn -0.5677 -0.4763 -0.6714
vn -0.9492 0.1940 -0.2479
vn -0.8336 0.5365 0.1317
vn -0.5304 0.8206 0.2127
vn -0.2368 0.3665 -0.8998
vn -0.0436 0.1112 -0.9928
vn -0.5487 0.8240 0.1410
vn -0.4542 0.6573 -0.6014
vn -0.6292 0.7555 -0.1825
vn -0.7226 0.5967 0.3490
vn -0.2329 0.8682 0.4382
vn -0.1986 0.9147 -0.3519
vn -0.8492 0.4913 -0.1936
vn 0.0778 0.9625 -0.2597
vn -0.0194 0.9541 0.2988
vn -0.7739 0.0121 -0.6332
vn -0.5132 0.7257 0.4582
vn -0.5326 0.6182 -0.5781
vn -0.0340 0.8726 -0.4873
vn -0.7373 0.5151 -0.4371
vn -0.2522 0.7607 -0.5981
vn -0.6643 -0.1434 0.7336
vn 0.0837 0.9950 0.0536
vn -0.1488 0.9690 0.1971
vn -0.8433 0.5239 0.1198
vn 0.0805 -0.9644 -0.2519
vn 0.5108 -0.7672 -0.3880
vn -0.3527 -0.7627 -0.5420
vn -0.0012 -0.9723 0.2338
vn 0.8094 -0.5603 0.1759
vn 0.7006 -0.6492 -0.2962
vn 0.7144 0.0047 -0.6997
vn 0.2756 -0.8867 -0.3712
vn 0.2925 -0.7927 0.5349
vn 0.7135 -0.5773 0.3970
vn 0.0934 -0.8925 0.4413
vn 0.5277 -0.6732 0.5181
vn 0.5735 -0.7915 0.2111
vn 0.8045 -0.5876 -0.0870
vn 0.3329 -0.9165 0.2219
vn -0.0061 -0.9996 -0.0291
vn 0.1193 0.5883 0.7998
vn 0.0026 0.6439 0.7651
vn 0.0092 0.6349 0.7725
vn -0.7399 -0.2659 0.6179
vn -0.2857 0.4527 0.8447
vn 0.1268 0.7276 0.6742
vn 0.2481 0.9161 0.3151
vn -0.8789 0.4727 0.0638
vn -0.9812 0.1820 -0.0635
vn 0.1761 0.9287 0.3263
vn -0.5708 0.7908 0.2211
vn -0.1560 0.9046 0.3966
vn 0.5113 0.7065 -0.4893
vn 0.4411 0.7946 -0.4171
vn 0.4523 0.7875 -0.4186
vn 0.5592 0.4365 0.7048
vn 0.5472 0.8331 -0.0806
vn 0.3435 0.7559 -0.5573
vn -0.0393 0.6878 -0.7248
vn -0.2549 0.8371 0.4840
vn -0.2706 0.6200 0.7365
vn -0.0445 0.7394 -0.6718
vn -0.1931 0.9803 0.0407
vn -0.0190 0.9223 -0.3860
vn -0.5581 0.0864 -0.8252
vn -0.5353 0.2180 -0.8160
vn -0.5320 0.2062 -0.8213
vn 0.6382 0.3197 -0.7004
vn -0.2134 0.3236 -0.9218
vn -0.6744 0.1842 -0.7150
vn -0.8940 0.2641 -0.3620
vn 0.1237 0.9590 -0.2549
vn 0.4213 0.8993 -0.1171
vn -0.8626 0.3267 -0.3861
vn -0.3160 0.8644 -0.3912
vn -0.6513 0.5645 -0.5070
vn -0.9064 0.0244 0.4216
vn -0.9354 0.1201 0.3327
vn -0.9357 0.1072 0.3360
vn -0.6169 -0.3281 -0.7154
vn -1.0000 0.0056 0.0029
vn -0.8602 0.2000 0.4692
vn -0.6053 0.5048 0.6155
vn -0.5175 0.5950 -0.6150
vn -0.3090 0.4556 -0.8348
vn -0.6412 0.5294 0.5555
vn -0.7045 0.6829 -0.1930
vn -0.7852 0.5668 0.2495
vn 0.0948 0.9196 0.3812
vn 0.5503 0.6276 0.5507
vn 0.8446 0.1783 -0.5048
vn 0.0389 0.9830 -0.1794
vn 0.9063 0.4115 -0.0967
vn 0.7528 0.4860 0.4440
vn -0.0962 0.7983 -0.5945
vn 0.2881 0.8004 0.5257
vn 0.3701 0.7747 -0.5128
vn 0.8150 0.4665 -0.3438
vn 0.1570 0.9000 -0.4065
vn 0.6323 0.6018 -0.4878
vn -0.1852 0.8263 0.5319
vn 0.8815 0.4193 0.2173
vn 0.7556 0.2063 0.6216
vn 0.0141 0.9908 0.1346
vn -0.7400 -0.5447 -0.3946
vn -0.3371 -0.8196 -0.4634
vn -0.7281 -0.0655 -0.6823
vn -0.8725 -0.4826 0.0757
vn -0.1142 -0.9824 0.1480
vn -0.1598 -0.9270 -0.3393
vn 0.4770 -0.6112 -0.6316
vn -0.5571 -0.6746 -0.4844
vn -0.6288 -0.6520 0.4236
vn -0.2146 -0.9098 0.3554
vn -0.7949 -0.5274 0.3000
vn -0.4088 -0.7970 0.4446
vn -0.4332 -0.8923 0.1273
vn -0.0934 -0.9889 -0.1154
vn -0.6595 -0.7452 0.0992
vn -0.8517 -0.4892 -0.1877
vn 0.4194 0.1793 0.8899
vn 0.4160 0.3086 0.8554
vn 0.4103 0.2984 0.8618
vn -0.6981 0.5049 0.5076
vn 0.0977 0.4636 0.8806
vn 0.5643 0.2431 0.7890
vn 0.8481 0.2346 0.4750
vn -0.0371 0.9970 0.0686
vn -0.3129 0.9433 -0.1109
vn 0.8217 0.3034 0.4824
vn 0.3575 0.8851 0.2981
vn 0.6264 0.5793 0.5216
vn 0.9400 -0.0895 -0.3292
vn 0.9682 0.0143 -0.2497
vn 0.9679 0.0011 -0.2514
vn 0.5216 -0.2770 0.8070
vn 0.9934 -0.0623 0.0960
vn 0.9123 0.0815 -0.4014
vn 0.6966 0.3821 -0.6073
vn 0.5050 0.6308 0.5891
vn 0.2671 0.5344 0.8019
vn 0.7287 0.4115 -0.5474
vn 0.7359 0.6526 0.1804
vn 0.8469 0.4770 -0.2351
vn -0.0530 0.5362 -0.8424
vn 0.0689 0.5814 -0.8107
vn 0.0614 0.5727 -0.8175
vn 0.7089 -0.3890 -0.5883
vn 0.3352 0.3550 -0.8727
vn -0.0458 0.6845 -0.7276
vn -0.1473 0.9112 -0.3848
vn 0.9248 0.3699 -0.0889
vn 0.9949 0.0803 0.0606
vn -0.0742 0.9152 -0.3961
vn 0.6532 0.7064 -0.2727
vn 0.2536 0.8505 -0.4607
vn -0.5586 0.7912 0.2491
vn -0.4644 0.8652 0.1894
vn -0.4762 0.8589 0.1886
vn -0.3128 0.3699 -0.8748
vn -0.4741 0.8648 -0.1655
vn -0.4110 0.8400 0.3543
vn -0.0935 0.7739 0.6264
vn 0.4458 0.7514 -0.4865
vn 0.5086 0.5024 -0.6992
vn -0.0701 0.8176 0.5715
vn 0.2820 0.9546 -0.0957
vn -0.0030 0.9626 0.2710
vn -0.0443 0.1210 0.9917
vn 0.9719 -0.0475 0.2306
vn 0.9913 -0.1293 -0.0260
vn 0.9883 -0.0518 0.1437
vn -0.1579 0.7626 0.6273
vn 0.9779 -0.0746 0.1951
vn 0.9526 0.0686 0.2964
vn -0.0210 0.2623 -0.9648
vn -0.0270 0.2058 -0.9782
vn -0.0155 0.4717 -0.8816
vn -0.0502 0.2024 0.9780
vn 0.9609 -0.0617 0.2698
vn -0.1020 0.9417 -0.3207
vn 0.9147 -0.0103 0.4041
vn 0.9983 0.0086 0.0570
vn 0.9961 0.0534 0.0696
vn -0.5771 -0.0015 0.8166
vn -0.5365 0.0673 0.8412
vn -0.1489 0.0521 -0.9875
vn -0.0581 0.0477 0.9972
vn 0.9725 -0.0283 0.2312
vn 0.9986 -0.0426 0.0302
vn 0.9887 -0.0246 0.1480
vn -0.2026 0.5667 0.7986
vn 0.9795 -0.0434 0.1967
vn 0.9620 0.0739 0.2628
vn -0.1797 0.0931 -0.9793
vn -0.2681 0.1822 -0.9460
vn -0.0143 0.3170 -0.9483
vn -0.0610 0.1486 0.9870
vn 0.9619 -0.0377 0.2708
vn -0.1470 0.8433 -0.5170
vn 0.9151 -0.0111 0.4030
vn 0.0135 -0.1010 0.9948
vn -0.9686 0.0350 0.2462
vn -0.9911 0.1324 -0.0099
vn -0.9883 0.0421 0.1463
vn 0.1427 -0.8425 0.5194
vn -0.9786 0.0539 0.1984
vn -0.9494 -0.1125 0.2934
vn 0.0209 -0.1415 -0.9897
vn -0.0061 -0.2422 -0.9702
vn 0.0161 -0.3628 -0.9317
vn 0.0213 -0.2446 0.9694
vn -0.9618 0.0260 0.2726
vn 0.0774 -0.8935 -0.4424
vn -0.9127 -0.0412 0.4065
vn 0.7352 -0.1010 0.6703
vn -0.4825 0.0350 0.8752
vn -0.6848 0.1324 0.7166
vn -0.5690 0.0421 0.8213
vn 0.4767 -0.8425 0.2509
vn -0.5243 0.0539 0.8498
vn -0.4349 -0.1125 0.8934
vn -0.7080 -0.1415 -0.6919
vn -0.7122 -0.2422 -0.6589
vn -0.6690 -0.3628 -0.6487
vn 0.7220 -0.2446 0.6472
vn -0.4586 0.0260 0.8883
vn -0.2699 -0.8935 -0.3590
vn -0.3273 -0.0412 0.9440
vn 0.6934 0.1210 0.7103
vn 0.8327 -0.0475 -0.5516
vn 0.6587 -0.1293 -0.7412
vn 0.7793 -0.0553 -0.6242
vn 0.3498 0.7626 0.5441
vn 0.8110 -0.0746 -0.5803
vn 0.8469 0.1280 -0.5161
vn -0.7185 0.2623 -0.6442
vn -0.6891 0.3198 -0.6503
vn -0.6540 0.4717 -0.5914
vn 0.6572 0.2837 0.6983
vn 0.8539 -0.0617 -0.5168
vn -0.3038 0.9417 -0.1448
vn 0.9202 -0.0103 -0.3912
vt 0.033203 0.192248
vt 0.033203 0.288372
vt 0.000000 0.288372
vt 0.000000 0.192248
vt 0.199219 0.192248
vt 0.199219 0.288372
vt 0.166016 0.288372
vt 0.166016 0.192248
vt 0.132812 0.288372
vt 0.132812 0.192248
vt 0.099609 0.288372
vt 0.099609 0.192248
vt 0.066406 0.288372
vt 0.066406 0.192248
vt 0.033203 0.192248
vt 0.000000 0.192248
vt 0.166016 0.192248
vt 0.132813 0.192248
vt 0.099609 0.192248
vt 0.066406 0.192248
vt 0.066406 0.000000
vt 0.066406 0.096124
vt 0.033203 0.096124
vt 0.033203 0.000000
vt 0.099609 0.000000
vt 0.099609 0.096124
vt 0.132812 0.000000
vt 0.132813 0.096124
vt 0.166016 0.000000
vt 0.166016 0.096124
vt 0.199219 0.000000
vt 0.199219 0.096124
vt 0.000000 0.096124
vt 0.000000 0.000000
vt 0.066406 0.096124
vt 0.033203 0.096124
vt 0.099609 0.096124
vt 0.132812 0.096124
vt 0.166016 0.096124
vt 0.000000 0.096124
vt 0.941406 0.865116
vt 0.929688 0.967442
vt 0.906250 0.967442
vt 0.886719 0.865116
vt 0.957031 0.860465
vt 0.937500 0.967442
vt 0.910156 0.967442
vt 0.910156 0.869767
vt 0.914062 0.869767
vt 0.949219 0.869767
vt 0.945312 0.986046
vt 0.921875 0.986046
vt 0.996094 0.874419
vt 0.996094 0.976744
vt 0.968750 0.976744
vt 0.960938 0.874419
vt 0.949219 0.879070
vt 0.929688 0.986046
vt 0.906250 0.986046
vt 0.906250 0.883721
vt 0.976562 0.874419
vt 0.976562 0.976744
vt 0.929688 0.976744
vt 0.953125 0.874419
vt 0.972656 0.967442
vt 0.984375 0.865116
vt 0.984375 0.967442
vt 0.925781 0.972093
vt 0.925781 0.869767
vt 0.945312 0.972093
vt 0.972656 0.869767
vt 0.941406 0.972093
vt 0.929688 0.865116
vt 0.882812 0.865116
vt 0.910156 0.865116
vt 0.902344 0.981395
vt 0.882812 0.981395
vt 0.921875 0.865116
vt 0.921875 0.981395
vt 0.894531 0.981395
vt 0.964844 0.860465
vt 0.996094 0.860465
vt 0.988281 0.976744
vt 0.964844 0.976744
vt 0.925781 0.851163
vt 0.953125 0.851163
vt 0.953125 0.967442
vt 0.933594 0.967442
vt 0.886719 0.851163
vt 0.917969 0.851163
vt 0.914062 0.967442
vt 0.890625 0.967442
vt 0.953125 0.879070
vt 0.980469 0.879070
vt 0.980469 0.995349
vt 0.960938 0.995349
vt 0.933594 0.869767
vt 0.960938 0.869767
vt 0.953125 0.986046
vt 0.933594 0.986046
vt 0.949219 0.860465
vt 0.968750 0.860465
vt 0.968750 0.990698
vt 0.949219 0.990698
vt 0.953125 0.860465
vt 0.972656 0.860465
vt 0.972656 0.990698
vt 0.953125 0.990698
vt 0.914062 0.860465
vt 0.929688 0.860465
vt 0.929688 0.990698
vt 0.914062 0.990698
vt 0.992188 0.860465
vt 0.988281 0.990698
vt 0.886719 0.860465
vt 0.910156 0.860465
vt 0.906250 0.990698
vt 0.886719 0.990698
vt 0.988281 0.860465
vt 0.921875 0.860465
vt 0.941406 0.860465
vt 0.941406 0.990698
vt 0.921875 0.990698
vt 0.980469 0.925581
vt 0.988281 0.930233
vt 0.984375 0.990698
vt 0.980469 0.990698
vt 0.914062 0.888372
vt 0.910156 0.953488
vt 0.906250 0.953488
vt 0.921875 0.893023
vt 0.929688 0.893023
vt 0.925781 0.967442
vt 0.921875 0.967442
vt 0.953125 0.865116
vt 0.960938 0.860465
vt 0.960938 0.930233
vt 0.957031 0.930233
vt 0.898438 0.893023
vt 0.906250 0.888372
vt 0.902344 0.967442
vt 0.945312 0.893023
vt 0.953125 0.897674
vt 0.949219 0.962791
vt 0.945312 0.962791
vt 0.980469 0.860465
vt 0.988281 0.925581
vt 0.984375 0.925581
vt 0.921875 0.883721
vt 0.921875 0.958140
vt 0.917969 0.958140
vt 0.949219 0.874419
vt 0.960938 0.944186
vt 0.953125 0.948837
vt 0.906250 0.897674
vt 0.914062 0.893023
vt 0.906250 0.972093
vt 0.960938 0.879070
vt 0.960938 0.958140
vt 0.925781 0.893023
vt 0.945312 0.879070
vt 0.945312 0.958140
vt 0.941406 0.874419
vt 0.941406 0.948837
vt 0.933594 0.944186
vt 0.957031 0.888372
vt 0.964844 0.893023
vt 0.964844 0.967442
vt 0.957031 0.962791
vt 0.933594 0.883721
vt 0.933594 0.958140
vt 0.976562 0.925581
vt 0.953125 0.883721
vt 0.949219 0.948837
vt 0.917969 0.869767
vt 0.925781 0.874419
vt 0.921875 0.948837
vt 0.917969 0.948837
vt 0.968750 0.874419
vt 0.976562 0.869767
vt 0.976562 0.948837
vt 0.972656 0.948837
vt 0.910156 0.948837
vt 0.925781 0.939535
vt 0.921875 0.939535
vt 0.906250 0.893023
vt 0.914062 0.962791
vt 0.910156 0.962791
vt 0.968750 0.953488
vt 0.964844 0.958140
vt 0.968750 0.879070
vt 0.968750 0.948837
vt 0.964844 0.953488
vt 0.933594 0.865116
vt 0.945312 0.860465
vt 0.945312 0.930233
vt 0.937500 0.934884
vt 0.929688 0.888372
vt 0.941406 0.897674
vt 0.929688 0.962791
vt 0.953125 0.934884
vt 0.945312 0.934884
vt 0.949219 0.893023
vt 0.949219 0.967442
vt 0.960938 0.953488
vt 0.937500 0.897674
vt 0.953125 0.893023
vt 0.964844 0.962791
vt 0.953125 0.962791
vt 0.921875 0.879070
vt 0.929688 0.874419
vt 0.925781 0.962791
vt 0.937500 0.874419
vt 0.945312 0.874419
vt 0.941406 0.953488
vt 0.941406 0.888372
vt 0.949219 0.888372
vt 0.945312 0.967442
vt 0.941406 0.967442
vt 0.914062 0.874419
vt 0.921875 0.874419
vt 0.917969 0.962791
vt 0.933594 0.874419
vt 0.929688 0.948837
vt 0.925781 0.948837
vt 0.921875 0.972093
vt 0.917969 0.967442
vt 0.906250 0.874419
vt 0.929688 0.958140
vt 0.933594 0.860465
vt 0.933594 0.934884
vt 0.929688 0.939535
vt 0.960938 0.865116
vt 0.968750 0.925581
vt 0.964844 0.930233
vt 0.941406 0.869767
vt 0.968750 0.869767
vt 0.960938 0.948837
vt 0.937500 0.888372
vt 0.945312 0.948837
vt 0.937500 0.953488
vt 0.902344 0.869767
vt 0.910156 0.874419
vt 0.902344 0.948837
vt 0.937500 0.893023
vt 0.945312 0.897674
vt 0.937500 0.962791
vt 0.949219 0.916279
vt 0.960938 0.916279
vt 0.957031 0.981395
vt 0.949219 0.981395
vt 0.902344 0.883721
vt 0.914062 0.879070
vt 0.914062 0.981395
vt 0.902344 0.986046
vt 0.925781 0.981395
vt 0.984375 0.855814
vt 0.992188 0.855814
vt 0.992188 0.990698
vt 0.988281 0.986046
vt 0.945312 0.976744
vt 0.964844 0.879070
vt 0.972656 0.883721
vt 0.972656 0.958140
vt 0.957031 0.958140
vt 0.925781 0.879070
vt 0.949219 0.855814
vt 0.960938 0.855814
vt 0.957031 0.990698
vt 0.972656 0.879070
vt 0.984375 0.879070
vt 0.984375 0.953488
vt 0.972656 0.953488
vt 0.933594 0.855814
vt 0.941406 0.855814
vt 0.937500 0.990698
vt 0.968750 0.855814
vt 0.964844 0.990698
vt 0.960938 0.986046
vt 0.910156 0.855814
vt 0.921875 0.855814
vt 0.933594 0.990698
vt 0.925781 0.990698
vt 0.933594 0.976744
vt 0.933594 0.879070
vt 0.933594 0.897674
vt 0.933594 0.962791
vt 0.976562 0.990698
vt 0.968750 0.986046
vt 0.960938 0.888372
vt 0.949219 0.976744
vt 0.988281 0.972093
vt 0.972656 0.976744
vt 0.972656 0.888372
vt 0.992188 0.888372
vt 0.886719 0.888372
vt 0.902344 0.893023
vt 0.882812 0.972093
vt 0.964844 0.972093
vt 0.964844 0.888372
vt 0.972656 0.893023
vt 0.945312 0.888372
vt 0.949219 0.972093
vt 0.937500 0.981395
vt 0.914062 0.976744
vt 0.937500 0.976744
vt 0.902344 0.897674
vt 0.910156 0.888372
vt 0.914062 0.972093
vt 0.941406 0.893023
vt 0.941406 0.962791
vt 0.914062 0.897674
vt 0.917969 0.893023
vt 0.910156 0.897674
vt 0.906250 0.962791
vt 0.921875 0.897674
vt 0.902344 0.962791
vt 0.929688 0.897674
vt 0.894531 0.897674
vt 0.898438 0.962791
vt 0.894531 0.967442
vt 0.886719 0.893023
vt 0.890625 0.897674
vt 0.886719 0.962791
vt 0.890625 0.893023
vt 0.890625 0.962791
vt 0.898438 0.897674
vt 0.898438 0.967442
vt 0.886719 0.897674
vt 0.886719 0.967442
vt 0.894531 0.990698
vt 0.894531 0.855814
vt 0.914062 0.855814
vt 0.929688 0.981395
vt 0.929688 0.855814
vt 0.937500 0.860465
vt 0.921875 0.851163
vt 0.917969 0.995349
vt 0.937500 0.855814
vt 0.945312 0.855814
vt 0.945312 0.981395
vt 0.980469 0.855814
vt 0.996094 0.855814
vt 0.996094 0.972093
vt 0.980469 0.958140
vt 0.878906 0.855814
vt 0.878906 0.990698
vt 0.972656 0.851163
vt 0.976562 0.981395
vt 0.972656 0.981395
vt 0.980469 0.972093
vt 0.960938 0.972093
vt 0.902344 0.855814
vt 0.914062 0.851163
vt 0.906250 0.995349
vt 0.972656 0.986046
vt 0.964844 0.981395
vt 0.941406 0.851163
vt 0.984375 0.893023
vt 0.988281 0.897674
vt 0.988281 0.958140
vt 0.984375 0.958140
vt 0.914062 0.995349
vt 0.902344 0.995349
vt 0.902344 0.860465
vt 0.914062 0.865116
vt 0.929688 0.995349
vt 0.898438 0.995349
vt 0.890625 0.995349
vt 0.890625 0.860465
vt 0.992188 0.976744
vt 0.984375 0.986046
vt 0.957031 0.986046
vt 0.953125 0.981395
vt 0.996094 0.893023
vt 0.996094 0.958140
vt 0.972656 0.897674
vt 0.976562 0.893023
vt 0.976562 0.958140
vt 0.968750 0.897674
vt 0.968750 0.958140
vt 0.976562 0.897674
vt 0.992188 0.893023
vt 0.992188 0.958140
vt 0.957031 0.893023
vt 0.960938 0.897674
vt 0.980469 0.893023
vt 0.953125 0.958140
vt 0.949219 0.958140
vt 0.957031 0.897674
vt 0.910156 0.995349
vt 0.886719 1.000000
vt 0.898438 0.855814
vt 0.917969 0.855814
vt 0.937500 0.986046
vt 0.898438 0.860465
vt 0.910156 0.981395
vt 0.898438 0.990698
vt 0.980469 0.976744
vt 0.917969 1.000000
vt 0.910156 1.000000
vt 0.949219 0.995349
vt 0.941406 0.995349
vt 0.953125 0.869767
vt 0.917969 0.990698
vt 0.980469 0.865116
vt 0.972656 0.995349
vt 0.917969 0.865116
vt 0.921875 1.000000
vt 0.937500 0.995349
vt 0.941406 0.986046
vt 0.945312 0.869767
vt 0.933594 0.981395
vt 0.937500 0.902326
vt 0.882812 0.860465
vt 0.898438 0.869767
vt 0.890625 0.990698
vt 0.882812 0.986046
vt 0.988281 0.874419
vt 0.992188 0.869767
vt 0.992188 0.981395
vt 0.929688 0.879070
vt 0.941406 0.883721
vt 0.953125 0.972093
vt 0.964844 0.986046
vt 0.957031 0.972093
vt 0.957031 0.865116
vt 0.937500 0.869767
vt 0.941406 0.981395
vt 0.925781 0.986046
vt 0.953125 0.976744
vt 0.968750 0.995349
vt 0.984375 0.897674
vt 0.984375 0.981395
vt 0.914062 0.902326
vt 0.917969 0.897674
vt 0.917969 0.981395
vt 0.914062 0.986046
vt 0.902344 0.902326
vt 0.890625 0.981395
vt 0.906250 0.981395
vt 0.968750 0.981395
vt 0.921875 0.902326
vt 0.964844 0.897674
vt 0.949219 0.897674
vt 0.917969 0.902326
vt 0.917969 0.986046
vt 0.882812 0.897674
vt 0.890625 0.902326
vt 0.890625 0.986046
vt 0.980469 0.944186
vt 0.972656 0.944186
vt 0.972656 0.865116
vt 0.988281 0.939535
vt 0.968750 0.967442
vt 0.957031 0.976744
vt 0.902344 1.000000
vt 0.996094 0.865116
vt 0.917969 0.860465
vt 0.925781 0.860465
vt 0.937500 0.865116
vt 0.964844 0.865116
vt 0.960938 0.981395
vt 0.949219 0.865116
vt 0.910156 0.879070
vt 0.910156 0.976744
vt 0.906250 0.976744
vt 0.968750 0.865116
vt 0.968750 0.962791
vt 0.984375 0.962791
vt 0.972656 0.962791
vt 0.957031 0.869767
vt 0.957031 0.967442
vt 0.894531 0.879070
vt 0.894531 0.976744
vt 0.917969 0.879070
vt 0.925781 0.976744
vt 0.917969 0.976744
vt 0.890625 0.869767
vt 0.906250 0.860465
vt 0.882812 0.990698
vt 0.957031 0.995349
vt 0.933594 0.995349
vt 0.976562 0.860465
vt 0.996094 0.990698
vt 1.000000 0.860465
vt 0.996094 0.995349
vt 0.894531 0.860465
vt 0.894531 0.995349
vt 0.910156 0.990698
vt 0.964844 0.869767
vt 0.902344 0.990698
vt 0.964844 0.855814
vt 0.988281 0.855814
vt 0.921875 0.995349
vt 0.945312 0.990698
vt 0.812500 0.241860
vt 0.906250 0.404651
vt 0.812500 0.404651
vt 0.714844 0.404651
vt 0.812500 0.232558
vt 0.910156 0.195349
vt 0.996094 0.339535
vt 0.718750 0.195349
vt 0.812500 0.074419
vt 0.906250 0.200000
vt 0.625000 0.316279
vt 0.718750 0.186047
vt 0.996094 0.325581
vt 0.808594 0.404651
vt 0.906250 0.190698
vt 0.816406 0.069767
vt 0.714844 0.190698
vt 0.625000 0.330233
vt 0.992188 0.334884
vt 0.718750 0.404651
vt 0.812500 0.079070
vt 0.906250 0.204651
vt 0.632812 0.325581
vt 0.726562 0.195349
vt 0.824219 0.079070
vt 0.996094 0.344186
vt 0.804688 0.409302
vt 0.902344 0.195349
vt 0.992188 0.325581
vt 0.621094 0.320930
vt 0.714844 0.200000
vt 0.902344 0.204651
vt 0.714844 0.204651
vt 0.621094 0.325581
vt 0.988281 0.334884
vt 0.804688 0.404651
vt 0.625000 0.311628
vt 0.902344 0.209302
vt 0.628906 0.311628
vt 0.816406 0.065116
vt 0.988281 0.339535
vt 0.621094 0.234884
vt 0.695204 0.234884
vt 0.695204 0.404651
vt 0.621094 0.404651
vt 0.921984 0.234884
vt 0.921984 0.404651
vt 0.865289 0.404651
vt 0.865289 0.234884
vt 0.808594 0.404651
vt 0.808594 0.234884
vt 0.751899 0.404651
vt 0.751899 0.234884
vt 0.996094 0.234884
vt 0.996094 0.404651
vt 0.921984 0.065116
vt 0.996094 0.065116
vt 0.751899 0.065116
vt 0.695204 0.065116
vt 0.808594 0.065116
vt 0.865289 0.065116
vt 0.621094 0.065116
vt 0.789062 0.939535
vt 0.789062 0.962791
vt 0.785156 0.962791
vt 0.785156 0.939535
vt 0.832031 0.902326
vt 0.816406 0.902326
vt 0.832031 0.920930
vt 0.816406 0.920930
vt 0.816406 0.916279
vt 0.832031 0.916279
vt 0.816406 0.911628
vt 0.832031 0.911628
vt 0.792969 0.939535
vt 0.792969 0.962791
vt 0.832031 0.906977
vt 0.816406 0.906977
vt 0.804688 0.939535
vt 0.804688 0.962791
vt 0.800781 0.962791
vt 0.800781 0.939535
vt 0.796875 0.962791
vt 0.796875 0.939535
s 0
f 55/1/1 14/2/1 4/3/1 45/4/1
f 44/5/2 2/6/2 10/7/2 47/8/2
f 47/8/3 10/7/3 11/9/3 49/10/3
f 49/10/4 11/9/4 12/11/4 51/12/4
f 51/12/5 12/11/5 13/13/5 53/14/5
f 53/14/6 13/13/6 14/2/6 55/1/6
f 41/15/7 28/2/7 18/3/7 31/16/7
f 30/5/8 16/6/8 24/7/8 33/17/8
f 33/17/9 24/7/9 25/9/9 35/18/9
f 35/18/10 25/9/10 26/11/10 37/19/10
f 37/19/11 26/11/11 27/13/11 39/20/11
f 39/20/12 27/13/12 28/2/12 41/15/12
f 20/21/13 40/22/13 42/23/13 19/24/13
f 40/22/14 39/20/14 41/15/14 42/23/14
f 21/25/15 38/26/15 40/22/15 20/21/15
f 38/26/16 37/19/16 39/20/16 40/22/16
f 22/27/17 36/28/17 38/26/17 21/25/17
f 36/28/18 35/18/18 37/19/18 38/26/18
f 23/29/19 34/30/19 36/28/19 22/27/19
f 34/30/20 33/17/20 35/18/20 36/28/20
f 15/31/21 29/32/21 34/30/21 23/29/21
f 29/32/22 30/5/22 33/17/22 34/30/22
f 19/24/23 42/23/23 32/33/23 17/34/23
f 42/23/24 41/15/24 31/16/24 32/33/24
f 6/21/25 54/35/25 56/36/25 5/24/25
f 54/35/26 53/14/26 55/1/26 56/36/26
f 7/25/27 52/37/27 54/35/27 6/21/27
f 52/37/28 51/12/28 53/14/28 54/35/28
f 8/27/29 50/38/29 52/37/29 7/25/29
f 50/38/30 49/10/30 51/12/30 52/37/30
f 9/29/31 48/39/31 50/38/31 8/27/31
f 48/39/32 47/8/32 49/10/32 50/38/32
f 1/31/33 43/32/33 48/39/33 9/29/33
f 43/32/34 44/5/34 47/8/34 48/39/34
f 5/24/35 56/36/35 46/40/35 3/34/35
f 56/36/36 55/1/36 45/4/36 46/40/36
f 74/41/37 75/42/37 68/43/37 65/44/37
f 78/45/38 79/46/38 76/47/38 73/48/38
f 76/49/39 79/50/39 58/51/39 59/52/39
f 70/53/40 71/54/40 80/55/40 77/56/40
f 65/57/41 68/58/41 67/59/41 66/60/41
f 71/61/42 70/62/42 69/63/42 72/64/42
f 79/65/43 78/45/43 77/66/43 80/67/43
f 75/68/44 74/69/44 73/50/44 76/70/44
f 66/71/45 67/65/45 72/72/45 69/73/45
f 75/74/46 76/75/46 59/76/46 60/77/46
f 80/44/47 71/78/47 62/79/47 57/80/47
f 68/81/48 75/82/48 60/83/48 63/84/48
f 79/85/49 80/86/49 57/87/49 58/88/49
f 72/89/50 67/90/50 64/91/50 61/92/50
f 71/93/51 72/94/51 61/95/51 62/96/51
f 67/97/52 68/98/52 63/99/52 64/100/52
f 337/101/53 346/102/53 82/103/53 83/104/53
f 346/105/54 351/106/54 81/107/54 82/108/54
f 352/109/55 337/110/55 83/111/55 84/112/55
f 357/102/56 366/113/56 88/114/56 85/103/56
f 351/115/57 371/116/57 86/117/57 81/118/57
f 371/106/58 357/119/58 85/114/58 86/107/58
f 366/110/59 376/101/59 87/104/59 88/111/59
f 376/120/60 352/121/60 84/122/60 87/123/60
f 111/124/61 108/125/61 93/126/61 90/127/61
f 112/60/62 111/128/62 90/129/62 89/130/62
f 110/131/63 109/132/63 92/133/63 91/134/63
f 107/135/64 106/136/64 95/137/64 94/138/64
f 105/139/65 110/140/65 91/43/65 96/141/65
f 109/142/66 112/143/66 89/144/66 92/145/66
f 108/146/67 107/119/67 94/147/67 93/148/67
f 106/128/68 105/149/68 96/150/68 95/151/68
f 98/152/69 97/98/69 105/153/69 106/154/69
f 100/155/70 99/156/70 107/91/70 108/157/70
f 101/64/71 104/158/71 112/159/71 109/154/71
f 97/128/72 102/160/72 110/133/72 105/91/72
f 99/161/73 98/64/73 106/154/73 107/162/73
f 102/97/74 101/163/74 109/164/74 110/165/74
f 104/166/75 103/167/75 111/168/75 112/169/75
f 103/149/76 100/170/76 108/171/76 111/150/76
f 135/102/77 132/146/77 117/124/77 114/172/77
f 136/57/78 135/173/78 114/154/78 113/174/78
f 134/175/79 133/176/79 116/177/79 115/178/79
f 131/179/80 130/180/80 119/181/80 118/182/80
f 129/178/81 134/183/81 115/49/81 120/175/81
f 133/120/82 136/73/82 113/184/82 116/185/82
f 132/186/83 131/128/83 118/187/83 117/188/83
f 130/158/84 129/179/84 120/189/84 119/190/84
f 122/158/85 121/191/85 129/192/85 130/193/85
f 124/194/86 123/195/86 131/196/86 132/197/86
f 125/198/87 128/199/87 136/46/87 133/200/87
f 121/195/88 126/105/88 134/201/88 129/202/88
f 123/203/89 122/166/89 130/169/89 131/204/89
f 126/93/90 125/158/90 133/205/90 134/154/90
f 128/132/91 127/206/91 135/46/91 136/200/91
f 127/207/92 124/167/92 132/208/92 135/209/92
f 159/210/93 156/211/93 141/200/93 138/212/93
f 160/213/94 159/214/94 138/162/94 137/215/94
f 158/216/95 157/217/95 140/218/95 139/219/95
f 155/220/96 154/221/96 143/222/96 142/187/96
f 153/69/97 158/223/97 139/224/97 144/225/97
f 157/156/98 160/131/98 137/226/98 140/227/98
f 156/228/99 155/220/99 142/187/99 141/188/99
f 154/211/100 153/213/100 144/171/100 143/229/100
f 146/73/101 145/230/101 153/231/101 154/232/101
f 148/233/102 147/102/102 155/234/102 156/235/102
f 149/236/103 152/57/103 160/174/103 157/164/103
f 145/98/104 150/237/104 158/192/104 153/238/104
f 147/239/105 146/161/105 154/240/105 155/241/105
f 150/242/106 149/243/106 157/183/106 158/244/106
f 152/245/107 151/246/107 159/218/107 160/247/107
f 151/248/108 148/249/108 156/250/108 159/251/108
f 175/252/109 172/253/109 191/254/109 198/255/109
f 176/256/110 175/254/110 198/253/110 199/149/110
f 200/257/111 197/258/111 162/259/111 161/260/111
f 171/161/112 170/173/112 188/87/112 189/261/112
f 170/262/113 169/263/113 186/264/113 188/190/113
f 174/173/114 173/262/114 194/208/114 195/265/114
f 172/266/115 171/170/115 189/63/115 191/256/115
f 185/267/116 196/268/116 163/269/116 168/104/116
f 169/270/117 174/271/117 195/272/117 186/273/117
f 197/274/118 192/275/118 165/122/118 162/276/118
f 196/268/119 193/277/119 164/278/119 163/279/119
f 190/280/120 187/281/120 167/123/120 166/112/120
f 192/281/121 190/274/121 166/282/121 165/283/121
f 173/70/122 176/284/122 199/285/122 194/216/122
f 164/132/123 161/286/123 184/287/123 181/200/123
f 193/277/124 200/257/124 161/288/124 164/289/124
f 196/217/125 185/290/125 186/84/125 195/291/125
f 192/292/126 197/293/126 198/294/126 191/295/126
f 200/296/127 193/297/127 194/255/127 199/298/127
f 197/293/128 200/299/128 199/300/128 198/301/128
f 190/245/129 192/302/129 191/303/129 189/304/129
f 193/256/130 196/305/130 195/128/130 194/160/130
f 185/160/131 187/239/131 188/306/131 186/256/131
f 187/307/132 190/308/132 189/309/132 188/255/132
f 187/275/133 185/267/133 168/104/133 167/122/133
f 165/310/134 166/142/134 179/145/134 180/311/134
f 167/312/135 168/313/135 177/222/135 178/91/135
f 162/186/136 165/314/136 180/47/136 183/315/136
f 161/313/137 162/316/137 183/134/137 184/222/137
f 163/245/138 164/310/138 181/311/138 182/247/138
f 166/286/139 167/245/139 178/247/139 179/287/139
f 168/314/140 163/156/140 182/187/140 177/47/140
f 161/297/141 164/155/141 204/43/141 201/317/141
f 166/160/142 165/318/142 205/42/142 206/212/142
f 168/319/143 167/139/143 207/320/143 208/321/143
f 165/322/144 162/323/144 202/92/144 205/324/144
f 162/325/145 161/319/145 201/321/145 202/326/145
f 164/316/146 163/160/146 203/212/146 204/134/146
f 167/327/147 166/297/147 206/317/147 207/328/147
f 163/329/148 168/322/148 208/324/148 203/330/148
f 223/254/149 220/331/149 239/332/149 246/333/149
f 224/304/150 223/334/150 246/335/150 247/336/150
f 248/333/151 245/337/151 210/123/151 209/338/151
f 219/333/152 218/281/152 236/334/152 237/112/152
f 218/339/153 217/340/153 234/341/153 236/304/153
f 222/342/154 221/343/154 242/344/154 243/345/154
f 220/346/155 219/332/155 237/331/155 239/347/155
f 233/348/156 244/257/156 211/349/156 216/350/156
f 217/268/157 222/146/157 243/351/157 234/352/157
f 245/353/158 240/354/158 213/112/158 210/355/158
f 244/268/159 241/348/159 212/356/159 211/357/159
f 238/358/160 235/105/160 215/104/160 214/122/160
f 240/337/161 238/274/161 214/111/161 213/123/161
f 221/352/162 224/341/162 247/340/162 242/233/162
f 212/359/163 209/360/163 232/361/163 229/362/163
f 241/230/164 248/358/164 209/122/164 212/276/164
f 244/279/165 233/99/165 234/135/165 243/136/165
f 240/363/166 245/364/166 246/365/166 239/366/166
f 248/367/167 241/123/167 242/109/167 247/110/167
f 245/368/168 248/369/168 247/370/168 246/365/168
f 238/122/169 240/111/169 239/110/169 237/121/169
f 241/108/170 244/122/170 243/121/170 242/105/170
f 233/371/171 235/372/171 236/146/171 234/113/171
f 235/349/172 238/279/172 237/136/172 236/146/172
f 235/86/173 233/268/173 216/373/173 215/374/173
f 213/375/174 214/375/174 227/376/174 228/376/174
f 215/377/175 216/378/175 225/379/175 226/264/175
f 210/167/176 213/380/176 228/381/176 231/190/176
f 209/378/177 210/382/177 231/379/177 232/379/177
f 211/383/178 212/375/178 229/376/178 230/384/178
f 214/360/179 215/383/179 226/384/179 227/361/179
f 216/380/180 211/301/180 230/264/180 225/381/180
f 209/385/181 212/386/181 252/159/181 249/265/181
f 214/378/182 213/387/182 253/345/182 254/379/182
f 216/143/183 215/207/183 255/388/183 256/388/183
f 213/203/184 210/143/184 250/388/184 253/389/184
f 210/207/185 209/390/185 249/265/185 250/388/185
f 212/387/186 211/359/186 251/362/186 252/345/186
f 215/386/187 214/167/187 254/190/187 255/159/187
f 211/246/188 216/203/188 256/389/188 251/162/188
f 271/391/189 268/392/189 287/115/189 294/393/189
f 272/111/190 271/338/190 294/394/190 295/120/190
f 296/120/191 293/336/191 258/395/191 257/58/191
f 267/335/192 266/275/192 284/219/192 285/111/192
f 266/396/193 265/75/193 282/397/193 284/398/193
f 270/342/194 269/82/194 290/259/194 291/399/194
f 268/400/195 267/401/195 285/75/195 287/394/195
f 281/275/196 292/136/196 259/402/196 264/403/196
f 265/336/197 270/404/197 291/99/197 282/306/197
f 293/75/198 288/120/198 261/52/198 258/405/198
f 292/277/199 289/406/199 260/407/199 259/103/199
f 286/408/200 283/335/200 263/367/200 262/409/200
f 288/73/201 286/275/201 262/122/201 261/410/201
f 269/99/202 272/411/202 295/275/202 290/412/202
f 260/395/203 257/413/203 280/286/203 277/414/203
f 289/415/204 296/416/204 257/417/204 260/418/204
f 292/260/205 281/350/205 282/71/205 291/419/205
f 288/214/206 293/98/206 294/299/206 287/341/206
f 296/342/207 289/420/207 290/421/207 295/379/207
f 293/175/208 296/422/208 295/334/208 294/309/208
f 286/423/209 288/50/209 287/424/209 285/411/209
f 289/425/210 292/426/210 291/427/210 290/179/210
f 281/176/211 283/428/211 284/429/211 282/430/211
f 283/93/212 286/136/212 285/205/212 284/431/212
f 283/136/213 281/277/213 264/432/213 263/96/213
f 261/382/214 262/433/214 275/434/214 276/349/214
f 263/435/215 264/436/215 273/437/215 274/438/215
f 258/323/216 261/439/216 276/255/216 279/440/216
f 257/155/217 258/435/217 279/438/217 280/441/217
f 259/380/218 260/382/218 277/349/218 278/442/218
f 262/443/219 263/286/219 274/413/219 275/52/219
f 264/439/220 259/155/220 278/441/220 273/255/220
f 257/444/221 260/380/221 300/442/221 297/357/221
f 262/374/222 261/251/222 301/445/222 302/143/222
f 264/446/223 263/316/223 303/79/223 304/447/223
f 261/448/224 258/449/224 298/450/224 301/77/224
f 258/316/225 257/443/225 297/52/225 298/79/225
f 260/206/226 259/445/226 299/251/226 300/304/226
f 263/357/227 262/374/227 302/143/227 303/444/227
f 259/449/228 264/323/228 304/440/228 299/450/228
f 311/451/229 308/452/229 316/453/229 319/146/229
f 312/454/230 311/451/230 319/146/230 320/119/230
f 307/230/231 306/214/231 314/99/231 315/100/231
f 306/399/232 305/455/232 313/102/232 314/406/232
f 310/299/233 309/456/233 317/105/233 318/102/233
f 308/365/234 307/75/234 315/112/234 316/457/234
f 305/344/235 310/351/235 318/146/235 313/458/235
f 309/79/236 312/112/236 320/109/236 317/194/236
f 312/75/237 309/459/237 325/437/237 328/438/237
f 310/460/238 305/461/238 321/58/238 326/256/238
f 306/45/239 307/462/239 323/463/239 322/250/239
f 309/195/240 310/464/240 326/251/240 325/341/240
f 311/408/241 312/460/241 328/256/241 327/52/241
f 308/461/242 311/195/242 327/341/242 324/304/242
f 305/101/243 306/427/243 322/374/243 321/251/243
f 307/462/244 308/106/244 324/350/244 323/357/244
f 326/41/245 321/50/245 329/204/245 334/311/245
f 322/60/246 323/465/246 331/466/246 330/467/246
f 325/468/247 326/71/247 334/65/247 333/469/247
f 327/453/248 328/66/248 336/470/248 335/471/248
f 324/472/249 327/468/249 335/469/249 332/473/249
f 321/474/250 322/60/250 330/441/250 329/475/250
f 323/476/251 324/176/251 332/477/251 331/478/251
f 328/176/252 325/223/252 333/63/252 336/477/252
f 63/479/60 60/49/60 356/112/60 372/417/60
f 372/415/60 356/480/60 355/117/60 373/481/60
f 373/230/60 355/45/60 354/482/60 374/483/60
f 374/459/60 354/121/60 353/276/60 375/405/60
f 375/459/60 353/336/60 352/276/60 376/405/60
f 64/230/59 63/45/59 372/108/59 362/282/59
f 362/230/59 372/105/59 373/108/59 363/282/59
f 363/230/59 373/105/59 374/108/59 364/282/59
f 364/336/59 374/45/59 375/482/59 365/410/59
f 365/110/59 375/101/59 376/104/59 366/111/59
f 62/484/58 61/82/58 361/485/58 367/288/58
f 367/484/58 361/82/58 360/485/58 368/288/58
f 368/484/58 360/82/58 359/485/58 369/288/58
f 369/146/58 359/486/58 358/487/58 370/95/58
f 370/106/58 358/119/58 357/114/58 371/107/58
f 57/370/57 62/109/57 367/112/57 347/417/57
f 347/45/57 367/146/57 368/127/57 348/269/57
f 348/370/57 368/109/57 369/112/57 349/417/57
f 349/488/57 369/459/57 370/338/57 350/489/57
f 350/115/57 370/116/57 371/490/57 351/118/57
f 61/428/56 64/491/56 362/278/56 361/276/56
f 361/110/56 362/45/56 363/108/56 360/111/56
f 360/365/56 363/460/56 364/283/56 359/492/56
f 359/493/56 364/494/56 365/114/56 358/278/56
f 358/81/56 365/119/56 366/114/56 357/278/56
f 60/109/55 59/230/55 341/282/55 356/112/55
f 356/109/55 341/230/55 340/282/55 355/112/55
f 355/109/55 340/230/55 339/282/55 354/405/55
f 354/120/55 339/336/55 338/410/55 353/495/55
f 353/109/55 338/110/55 337/111/55 352/112/55
f 58/45/54 57/484/54 347/288/54 342/269/54
f 342/45/54 347/484/54 348/288/54 343/269/54
f 343/45/54 348/484/54 349/288/54 344/269/54
f 344/136/54 349/146/54 350/95/54 345/96/54
f 345/105/54 350/106/54 351/107/54 346/108/54
f 59/49/53 58/428/53 342/276/53 341/112/53
f 341/480/53 342/110/53 343/111/53 340/117/53
f 340/45/53 343/146/53 344/127/53 339/269/53
f 339/275/53 344/493/53 345/278/53 338/496/53
f 338/195/53 345/81/53 346/278/53 337/496/53
f 401/497/253 397/498/253 380/499/253 390/500/253
f 400/501/254 398/502/254 382/503/254 386/498/254
f 395/501/255 394/504/255 385/505/255 388/506/255
f 396/501/256 393/500/256 384/507/256 391/508/256
f 392/498/257 395/501/257 388/506/257 383/509/257
f 399/500/258 400/501/258 386/498/258 379/510/258
f 394/511/259 396/501/259 391/508/259 385/512/259
f 398/513/260 401/497/260 390/500/260 382/514/260
f 381/515/261 389/498/261 396/501/261 394/511/261
f 377/499/262 387/516/262 395/501/262 392/498/262
f 389/498/263 378/510/263 393/500/263 396/501/263
f 387/516/264 381/507/264 394/504/264 395/501/264
f 385/517/265 391/518/265 401/497/265 398/513/265
f 383/519/266 388/520/266 400/501/266 399/500/266
f 388/520/267 385/521/267 398/502/267 400/501/267
f 391/518/268 384/522/268 397/498/268 401/497/268
f 426/501/269 422/498/269 405/523/269 415/500/269
f 425/501/270 423/524/270 407/525/270 411/498/270
f 420/501/271 419/508/271 410/512/271 413/524/271
f 421/501/272 418/516/272 409/526/272 416/527/272
f 417/498/273 420/501/273 413/524/273 408/525/273
f 424/500/274 425/501/274 411/498/274 404/510/274
f 419/528/275 421/501/275 416/527/275 410/505/275
f 423/529/276 426/501/276 415/500/276 407/530/276
f 406/531/277 414/498/277 421/501/277 419/528/277
f 402/510/278 412/500/278 420/501/278 417/498/278
f 414/498/279 403/532/279 418/516/279 421/501/279
f 412/500/280 406/533/280 419/508/280 420/501/280
f 410/517/281 416/534/281 426/501/281 423/529/281
f 408/535/282 413/508/282 425/501/282 424/500/282
f 413/508/283 410/536/283 423/524/283 425/501/283
f 416/534/284 409/537/284 422/498/284 426/501/284
f 441/538/285 447/539/285 436/540/285 429/541/285
f 443/542/286 437/543/286 440/544/286 444/545/286
f 444/545/287 440/544/287 439/546/287 445/547/287
f 445/547/288 439/546/288 438/548/288 446/549/288
f 446/549/289 438/548/289 436/540/289 447/539/289
f 443/542/290 442/550/290 430/551/290 437/543/290
f 431/552/291 428/553/291 442/550/291 443/542/291
f 435/554/292 446/549/292 447/539/292 432/555/292
f 434/556/293 445/547/293 446/549/293 435/554/293
f 433/557/294 444/545/294 445/547/294 434/556/294
f 431/552/295 443/542/295 444/545/295 433/557/295
f 427/558/296 432/555/296 447/539/296 441/538/296
f 462/538/297 468/539/297 457/540/297 450/541/297
f 464/542/298 458/543/298 461/544/298 465/545/298
f 465/545/299 461/544/299 460/546/299 466/547/299
f 466/547/300 460/546/300 459/548/300 467/549/300
f 467/549/301 459/548/301 457/540/301 468/539/301
f 464/542/302 463/550/302 451/551/302 458/543/302
f 452/552/303 449/553/303 463/550/303 464/542/303
f 456/554/304 467/549/304 468/539/304 453/555/304
f 455/556/305 466/547/305 467/549/305 456/554/305
f 454/557/306 465/545/306 466/547/306 455/556/306
f 452/552/307 464/542/307 465/545/307 454/557/307
f 448/558/308 453/555/308 468/539/308 462/538/308
f 483/538/309 489/539/309 478/540/309 471/541/309
f 485/542/310 479/543/310 482/544/310 486/545/310
f 486/545/311 482/544/311 481/546/311 487/547/311
f 487/547/312 481/546/312 480/548/312 488/549/312
f 488/549/313 480/548/313 478/540/313 489/539/313
f 485/542/314 484/550/314 472/551/314 479/543/314
f 473/552/315 470/553/315 484/550/315 485/542/315
f 477/554/316 488/549/316 489/539/316 474/555/316
f 476/556/317 487/547/317 488/549/317 477/554/317
f 475/557/318 486/545/318 487/547/318 476/556/318
f 473/552/319 485/542/319 486/545/319 475/557/319
f 469/558/320 474/555/320 489/539/320 483/538/320
f 504/538/321 510/539/321 499/540/321 492/541/321
f 506/542/322 500/543/322 503/544/322 507/545/322
f 507/545/323 503/544/323 502/546/323 508/547/323
f 508/547/324 502/546/324 501/548/324 509/549/324
f 509/549/325 501/548/325 499/540/325 510/539/325
f 506/542/326 505/550/326 493/551/326 500/543/326
f 494/552/327 491/553/327 505/550/327 506/542/327
f 498/554/328 509/549/328 510/539/328 495/555/328
f 497/556/329 508/547/329 509/549/329 498/554/329
f 496/557/330 507/545/330 508/547/330 497/556/330
f 494/552/331 506/542/331 507/545/331 496/557/331
f 490/558/332 495/555/332 510/539/332 504/538/332
f 535/497/333 531/498/333 514/499/333 524/500/333
f 534/501/334 532/502/334 516/503/334 520/498/334
f 529/501/335 528/504/335 519/505/335 522/506/335
f 530/501/336 527/500/336 518/507/336 525/508/336
f 526/498/337 529/501/337 522/506/337 517/509/337
f 533/500/338 534/501/338 520/498/338 513/510/338
f 528/511/339 530/501/339 525/508/339 519/512/339
f 532/513/340 535/497/340 524/500/340 516/514/340
f 515/515/341 523/498/341 530/501/341 528/511/341
f 511/499/342 521/516/342 529/501/342 526/498/342
f 523/498/343 512/510/343 527/500/343 530/501/343
f 521/516/344 515/507/344 528/504/344 529/501/344
f 519/517/345 525/518/345 535/497/345 532/513/345
f 517/519/346 522/520/346 534/501/346 533/500/346
f 522/520/347 519/521/347 532/502/347 534/501/347
f 525/518/348 518/522/348 531/498/348 535/497/348
f 560/501/349 556/498/349 539/523/349 549/500/349
f 559/501/350 557/524/350 541/525/350 545/498/350
f 554/501/351 553/508/351 544/512/351 547/524/351
f 555/501/352 552/516/352 543/526/352 550/527/352
f 551/498/353 554/501/353 547/524/353 542/525/353
f 558/500/354 559/501/354 545/498/354 538/510/354
f 553/528/355 555/501/355 550/527/355 544/505/355
f 557/529/356 560/501/356 549/500/356 541/530/356
f 540/531/357 548/498/357 555/501/357 553/528/357
f 536/510/358 546/500/358 554/501/358 551/498/358
f 548/498/359 537/532/359 552/516/359 555/501/359
f 546/500/360 540/533/360 553/508/360 554/501/360
f 544/517/361 550/534/361 560/501/361 557/529/361
f 542/535/362 547/508/362 559/501/362 558/500/362
f 547/508/363 544/536/363 557/524/363 559/501/363
f 550/534/364 543/537/364 556/498/364 560/501/364
f 575/538/365 581/539/365 570/540/365 563/541/365
f 577/542/366 571/543/366 574/544/366 578/545/366
f 578/545/367 574/544/367 573/546/367 579/547/367
f 579/547/368 573/546/368 572/548/368 580/549/368
f 580/549/369 572/548/369 570/540/369 581/539/369
f 577/542/370 576/550/370 564/551/370 571/543/370
f 565/552/371 562/553/371 576/550/371 577/542/371
f 569/554/372 580/549/372 581/539/372 566/555/372
f 568/556/373 579/547/373 580/549/373 569/554/373
f 567/557/374 578/545/374 579/547/374 568/556/374
f 565/552/375 577/542/375 578/545/375 567/557/375
f 561/558/376 566/555/376 581/539/376 575/538/376
f 596/538/377 602/539/377 591/540/377 584/541/377
f 598/542/378 592/543/378 595/544/378 599/545/378
f 599/545/379 595/544/379 594/546/379 600/547/379
f 600/547/380 594/546/380 593/548/380 601/549/380
f 601/549/381 593/548/381 591/540/381 602/539/381
f 598/542/382 597/550/382 585/551/382 592/543/382
f 586/552/383 583/553/383 597/550/383 598/542/383
f 590/554/384 601/549/384 602/539/384 587/555/384
f 589/556/385 600/547/385 601/549/385 590/554/385
f 588/557/386 599/545/386 600/547/386 589/556/386
f 586/552/387 598/542/387 599/545/387 588/557/387
f 582/558/388 587/555/388 602/539/388 596/538/388
f 617/538/389 623/539/389 612/540/389 605/541/389
f 619/542/390 613/543/390 616/544/390 620/545/390
f 620/545/391 616/544/391 615/546/391 621/547/391
f 621/547/392 615/546/392 614/548/392 622/549/392
f 622/549/393 614/548/393 612/540/393 623/539/393
f 619/542/394 618/550/394 606/551/394 613/543/394
f 607/552/395 604/553/395 618/550/395 619/542/395
f 611/554/396 622/549/396 623/539/396 608/555/396
f 610/556/397 621/547/397 622/549/397 611/554/397
f 609/557/398 620/545/398 621/547/398 610/556/398
f 607/552/399 619/542/399 620/545/399 609/557/399
f 603/558/400 608/555/400 623/539/400 617/538/400
f 638/538/401 644/539/401 633/540/401 626/541/401
f 640/542/402 634/543/402 637/544/402 641/545/402
f 641/545/403 637/544/403 636/546/403 642/547/403
f 642/547/404 636/546/404 635/548/404 643/549/404
f 643/549/405 635/548/405 633/540/405 644/539/405
f 640/542/406 639/550/406 627/551/406 634/543/406
f 628/552/407 625/553/407 639/550/407 640/542/407
f 632/554/408 643/549/408 644/539/408 629/555/408
f 631/556/409 642/547/409 643/549/409 632/554/409
f 630/557/410 641/545/410 642/547/410 631/556/410
f 628/552/411 640/542/411 641/545/411 630/557/411
f 624/558/412 629/555/412 644/539/412 638/538/412
f 669/497/413 665/498/413 648/499/413 658/500/413
f 668/501/414 666/502/414 650/503/414 654/498/414
f 663/501/415 662/504/415 653/505/415 656/506/415
f 664/501/416 661/500/416 652/507/416 659/508/416
f 660/498/417 663/501/417 656/506/417 651/509/417
f 667/500/418 668/501/418 654/498/418 647/510/418
f 662/511/419 664/501/419 659/508/419 653/512/419
f 666/513/420 669/497/420 658/500/420 650/514/420
f 649/515/421 657/498/421 664/501/421 662/511/421
f 645/499/422 655/516/422 663/501/422 660/498/422
f 657/498/423 646/510/423 661/500/423 664/501/423
f 655/516/424 649/507/424 662/504/424 663/501/424
f 653/517/425 659/518/425 669/497/425 666/513/425
f 651/519/426 656/520/426 668/501/426 667/500/426
f 656/520/427 653/521/427 666/502/427 668/501/427
f 659/518/428 652/522/428 665/498/428 669/497/428
f 694/501/429 690/498/429 673/523/429 683/500/429
f 693/501/430 691/524/430 675/525/430 679/498/430
f 688/501/431 687/508/431 678/512/431 681/524/431
f 689/501/432 686/516/432 677/526/432 684/527/432
f 685/498/433 688/501/433 681/524/433 676/525/433
f 692/500/434 693/501/434 679/498/434 672/510/434
f 687/528/435 689/501/435 684/527/435 678/505/435
f 691/529/436 694/501/436 683/500/436 675/530/436
f 674/531/437 682/498/437 689/501/437 687/528/437
f 670/510/438 680/500/438 688/501/438 685/498/438
f 682/498/439 671/532/439 686/516/439 689/501/439
f 680/500/440 674/533/440 687/508/440 688/501/440
f 678/517/441 684/534/441 694/501/441 691/529/441
f 676/535/442 681/508/442 693/501/442 692/500/442
f 681/508/443 678/536/443 691/524/443 693/501/443
f 684/534/444 677/537/444 690/498/444 694/501/444
f 709/538/445 715/539/445 704/540/445 697/541/445
f 711/542/446 705/543/446 708/544/446 712/545/446
f 712/545/447 708/544/447 707/546/447 713/547/447
f 713/547/448 707/546/448 706/548/448 714/549/448
f 714/549/449 706/548/449 704/540/449 715/539/449
f 711/542/450 710/550/450 698/551/450 705/543/450
f 699/552/451 696/553/451 710/550/451 711/542/451
f 703/554/452 714/549/452 715/539/452 700/555/452
f 702/556/453 713/547/453 714/549/453 703/554/453
f 701/557/454 712/545/454 713/547/454 702/556/454
f 699/552/455 711/542/455 712/545/455 701/557/455
f 695/558/456 700/555/456 715/539/456 709/538/456
f 730/538/457 736/539/457 725/540/457 718/541/457
f 732/542/458 726/543/458 729/544/458 733/545/458
f 733/545/459 729/544/459 728/546/459 734/547/459
f 734/547/460 728/546/460 727/548/460 735/549/460
f 735/549/461 727/548/461 725/540/461 736/539/461
f 732/542/462 731/550/462 719/551/462 726/543/462
f 720/552/463 717/553/463 731/550/463 732/542/463
f 724/554/464 735/549/464 736/539/464 721/555/464
f 723/556/465 734/547/465 735/549/465 724/554/465
f 722/557/466 733/545/466 734/547/466 723/556/466
f 720/552/467 732/542/467 733/545/467 722/557/467
f 716/558/468 721/555/468 736/539/468 730/538/468
f 751/538/469 757/539/469 746/540/469 739/541/469
f 753/542/470 747/543/470 750/544/470 754/545/470
f 754/545/471 750/544/471 749/546/471 755/547/471
f 755/547/472 749/546/472 748/548/472 756/549/472
f 756/549/473 748/548/473 746/540/473 757/539/473
f 753/542/474 752/550/474 740/551/474 747/543/474
f 741/552/475 738/553/475 752/550/475 753/542/475
f 745/554/476 756/549/476 757/539/476 742/555/476
f 744/556/477 755/547/477 756/549/477 745/554/477
f 743/557/478 754/545/478 755/547/478 744/556/478
f 741/552/479 753/542/479 754/545/479 743/557/479
f 737/558/480 742/555/480 757/539/480 751/538/480
f 772/538/481 778/539/481 767/540/481 760/541/481
f 774/542/482 768/543/482 771/544/482 775/545/482
f 775/545/483 771/544/483 770/546/483 776/547/483
f 776/547/484 770/546/484 769/548/484 777/549/484
f 777/549/485 769/548/485 767/540/485 778/539/485
f 774/542/486 773/550/486 761/551/486 768/543/486
f 762/552/487 759/553/487 773/550/487 774/542/487
f 766/554/488 777/549/488 778/539/488 763/555/488
f 765/556/489 776/547/489 777/549/489 766/554/489
f 764/557/490 775/545/490 776/547/490 765/556/490
f 762/552/491 774/542/491 775/545/491 764/557/491
f 758/558/492 763/555/492 778/539/492 772/538/492
f 803/497/493 799/498/493 782/499/493 792/500/493
f 802/501/494 800/502/494 784/503/494 788/498/494
f 797/501/495 796/504/495 787/505/495 790/506/495
f 798/501/496 795/500/496 786/507/496 793/508/496
f 794/498/497 797/501/497 790/506/497 785/509/497
f 801/500/498 802/501/498 788/498/498 781/510/498
f 796/511/499 798/501/499 793/508/499 787/512/499
f 800/513/500 803/497/500 792/500/500 784/514/500
f 783/515/501 791/498/501 798/501/501 796/511/501
f 779/499/502 789/516/502 797/501/502 794/498/502
f 791/498/503 780/510/503 795/500/503 798/501/503
f 789/516/504 783/507/504 796/504/504 797/501/504
f 787/517/505 793/518/505 803/497/505 800/513/505
f 785/519/506 790/520/506 802/501/506 801/500/506
f 790/520/507 787/521/507 800/502/507 802/501/507
f 793/518/508 786/522/508 799/498/508 803/497/508
f 828/501/509 824/498/509 807/523/509 817/500/509
f 827/501/510 825/524/510 809/525/510 813/498/510
f 822/501/511 821/508/511 812/512/511 815/524/511
f 823/501/512 820/516/512 811/526/512 818/527/512
f 819/498/513 822/501/513 815/524/513 810/525/513
f 826/500/514 827/501/514 813/498/514 806/510/514
f 821/528/515 823/501/515 818/527/515 812/505/515
f 825/529/516 828/501/516 817/500/516 809/530/516
f 808/531/517 816/498/517 823/501/517 821/528/517
f 804/510/518 814/500/518 822/501/518 819/498/518
f 816/498/519 805/532/519 820/516/519 823/501/519
f 814/500/520 808/533/520 821/508/520 822/501/520
f 812/517/521 818/534/521 828/501/521 825/529/521
f 810/535/522 815/508/522 827/501/522 826/500/522
f 815/508/523 812/536/523 825/524/523 827/501/523
f 818/534/524 811/537/524 824/498/524 828/501/524
f 843/538/525 849/539/525 838/540/525 831/541/525
f 845/542/526 839/543/526 842/544/526 846/545/526
f 846/545/527 842/544/527 841/546/527 847/547/527
f 847/547/528 841/546/528 840/548/528 848/549/528
f 848/549/529 840/548/529 838/540/529 849/539/529
f 845/542/530 844/550/530 832/551/530 839/543/530
f 833/552/531 830/553/531 844/550/531 845/542/531
f 837/554/532 848/549/532 849/539/532 834/555/532
f 836/556/533 847/547/533 848/549/533 837/554/533
f 835/557/534 846/545/534 847/547/534 836/556/534
f 833/552/535 845/542/535 846/545/535 835/557/535
f 829/558/536 834/555/536 849/539/536 843/538/536
f 864/538/537 870/539/537 859/540/537 852/541/537
f 866/542/538 860/543/538 863/544/538 867/545/538
f 867/545/539 863/544/539 862/546/539 868/547/539
f 868/547/540 862/546/540 861/548/540 869/549/540
f 869/549/541 861/548/541 859/540/541 870/539/541
f 866/542/542 865/550/542 853/551/542 860/543/542
f 854/552/543 851/553/543 865/550/543 866/542/543
f 858/554/544 869/549/544 870/539/544 855/555/544
f 857/556/545 868/547/545 869/549/545 858/554/545
f 856/557/546 867/545/546 868/547/546 857/556/546
f 854/552/547 866/542/547 867/545/547 856/557/547
f 850/558/548 855/555/548 870/539/548 864/538/548
f 885/538/549 891/539/549 880/540/549 873/541/549
f 887/542/550 881/543/550 884/544/550 888/545/550
f 888/545/551 884/544/551 883/546/551 889/547/551
f 889/547/552 883/546/552 882/548/552 890/549/552
f 890/549/553 882/548/553 880/540/553 891/539/553
f 887/542/554 886/550/554 874/551/554 881/543/554
f 875/552/555 872/553/555 886/550/555 887/542/555
f 879/554/556 890/549/556 891/539/556 876/555/556
f 878/556/557 889/547/557 890/549/557 879/554/557
f 877/557/558 888/545/558 889/547/558 878/556/558
f 875/552/559 887/542/559 888/545/559 877/557/559
f 871/558/560 876/555/560 891/539/560 885/538/560
f 906/538/561 912/539/561 901/540/561 894/541/561
f 908/542/562 902/543/562 905/544/562 909/545/562
f 909/545/563 905/544/563 904/546/563 910/547/563
f 910/547/564 904/546/564 903/548/564 911/549/564
f 911/549/565 903/548/565 901/540/565 912/539/565
f 908/542/566 907/550/566 895/551/566 902/543/566
f 896/552/567 893/553/567 907/550/567 908/542/567
f 900/554/568 911/549/568 912/539/568 897/555/568
f 899/556/569 910/547/569 911/549/569 900/554/569
f 898/557/570 909/545/570 910/547/570 899/556/570
f 896/552/571 908/542/571 909/545/571 898/557/571
f 892/558/572 897/555/572 912/539/572 906/538/572
f 937/497/573 933/498/573 916/499/573 926/500/573
f 936/501/574 934/502/574 918/503/574 922/498/574
f 931/501/575 930/504/575 921/505/575 924/506/575
f 932/501/576 929/500/576 920/507/576 927/508/576
f 928/498/577 931/501/577 924/506/577 919/509/577
f 935/500/578 936/501/578 922/498/578 915/510/578
f 930/511/579 932/501/579 927/508/579 921/512/579
f 934/513/580 937/497/580 926/500/580 918/514/580
f 917/515/581 925/498/581 932/501/581 930/511/581
f 913/499/582 923/516/582 931/501/582 928/498/582
f 925/498/583 914/510/583 929/500/583 932/501/583
f 923/516/584 917/507/584 930/504/584 931/501/584
f 921/517/585 927/518/585 937/497/585 934/513/585
f 919/519/586 924/520/586 936/501/586 935/500/586
f 924/520/587 921/521/587 934/502/587 936/501/587
f 927/518/588 920/522/588 933/498/588 937/497/588
f 962/501/589 958/498/589 941/523/589 951/500/589
f 961/501/590 959/524/590 943/525/590 947/498/590
f 956/501/591 955/508/591 946/512/591 949/524/591
f 957/501/592 954/516/592 945/526/592 952/527/592
f 953/498/593 956/501/593 949/524/593 944/525/593
f 960/500/594 961/501/594 947/498/594 940/510/594
f 955/528/595 957/501/595 952/527/595 946/505/595
f 959/529/596 962/501/596 951/500/596 943/530/596
f 942/531/597 950/498/597 957/501/597 955/528/597
f 938/510/598 948/500/598 956/501/598 953/498/598
f 950/498/599 939/532/599 954/516/599 957/501/599
f 948/500/600 942/533/600 955/508/600 956/501/600
f 946/517/601 952/534/601 962/501/601 959/529/601
f 944/535/602 949/508/602 961/501/602 960/500/602
f 949/508/603 946/536/603 959/524/603 961/501/603
f 952/534/604 945/537/604 958/498/604 962/501/604
f 977/538/605 983/539/605 972/540/605 965/541/605
f 979/542/606 973/543/606 976/544/606 980/545/606
f 980/545/607 976/544/607 975/546/607 981/547/607
f 981/547/608 975/546/608 974/548/608 982/549/608
f 982/549/609 974/548/609 972/540/609 983/539/609
f 979/542/610 978/550/610 966/551/610 973/543/610
f 967/552/611 964/553/611 978/550/611 979/542/611
f 971/554/612 982/549/612 983/539/612 968/555/612
f 970/556/613 981/547/613 982/549/613 971/554/613
f 969/557/614 980/545/614 981/547/614 970/556/614
f 967/552/615 979/542/615 980/545/615 969/557/615
f 963/558/616 968/555/616 983/539/616 977/538/616
f 998/538/617 1004/539/617 993/540/617 986/541/617
f 1000/542/618 994/543/618 997/544/618 1001/545/618
f 1001/545/619 997/544/619 996/546/619 1002/547/619
f 1002/547/620 996/546/620 995/548/620 1003/549/620
f 1003/549/621 995/548/621 993/540/621 1004/539/621
f 1000/542/622 999/550/622 987/551/622 994/543/622
f 988/552/623 985/553/623 999/550/623 1000/542/623
f 992/554/624 1003/549/624 1004/539/624 989/555/624
f 991/556/625 1002/547/625 1003/549/625 992/554/625
f 990/557/626 1001/545/626 1002/547/626 991/556/626
f 988/552/627 1000/542/627 1001/545/627 990/557/627
f 984/558/628 989/555/628 1004/539/628 998/538/628
f 1019/538/629 1025/539/629 1014/540/629 1007/541/629
f 1021/542/630 1015/543/630 1018/544/630 1022/545/630
f 1022/545/631 1018/544/631 1017/546/631 1023/547/631
f 1023/547/632 1017/546/632 1016/548/632 1024/549/632
f 1024/549/633 1016/548/633 1014/540/633 1025/539/633
f 1021/542/634 1020/550/634 1008/551/634 1015/543/634
f 1009/552/635 1006/553/635 1020/550/635 1021/542/635
f 1013/554/636 1024/549/636 1025/539/636 1010/555/636
f 1012/556/637 1023/547/637 1024/549/637 1013/554/637
f 1011/557/638 1022/545/638 1023/547/638 1012/556/638
f 1009/552/639 1021/542/639 1022/545/639 1011/557/639
f 1005/558/640 1010/555/640 1025/539/640 1019/538/640
f 1040/538/641 1046/539/641 1035/540/641 1028/541/641
f 1042/542/642 1036/543/642 1039/544/642 1043/545/642
f 1043/545/643 1039/544/643 1038/546/643 1044/547/643
f 1044/547/644 1038/546/644 1037/548/644 1045/549/644
f 1045/549/645 1037/548/645 1035/540/645 1046/539/645
f 1042/542/646 1041/550/646 1029/551/646 1036/543/646
f 1030/552/647 1027/553/647 1041/550/647 1042/542/647
f 1034/554/648 1045/549/648 1046/539/648 1031/555/648
f 1033/556/649 1044/547/649 1045/549/649 1034/554/649
f 1032/557/650 1043/545/650 1044/547/650 1033/556/650
f 1030/552/651 1042/542/651 1043/545/651 1032/557/651
f 1026/558/652 1031/555/652 1046/539/652 1040/538/652
f 1063/559/653 1070/560/653 1050/561/653 1049/562/653
f 1055/563/654 1062/564/654 1054/564/654 1053/563/654
f 1051/565/655 1052/566/655 1059/567/655 1058/568/655
f 1058/568/656 1059/567/656 1060/569/656 1057/570/656
f 1076/571/657 1077/572/657 1069/572/657 1064/571/657
f 1057/570/658 1060/569/658 1074/569/658 1071/570/658
f 1056/573/659 1061/574/659 1062/564/659 1055/563/659
f 1047/575/660 1048/576/660 1067/577/660 1066/578/660
f 1066/578/661 1067/577/661 1068/579/661 1065/580/661
f 1065/580/662 1068/579/662 1078/579/662 1075/580/662
f 1064/571/663 1069/572/663 1070/560/663 1063/559/663
f 1073/574/664 1072/573/664 1071/570/664 1074/569/664
f 1077/572/665 1076/571/665 1075/580/665 1078/579/665
f 1072/573/666 1073/574/666 1061/574/666 1056/573/666
f 1079/565/667 1080/566/667 1082/567/667 1081/568/667
f 1083/565/668 1084/566/668 1086/567/668 1085/568/668
f 1087/565/669 1088/566/669 1090/567/669 1089/568/669
f 1091/565/670 1092/566/670 1094/567/670 1093/568/670
f 1095/565/671 1096/566/671 1098/567/671 1097/568/671
f 1115/559/672 1122/560/672 1102/561/672 1101/562/672
f 1107/563/673 1114/564/673 1106/564/673 1105/563/673
f 1103/565/674 1104/566/674 1111/567/674 1110/568/674
f 1110/568/675 1111/567/675 1112/569/675 1109/570/675
f 1128/571/676 1129/572/676 1121/572/676 1116/571/676
f 1109/570/677 1112/569/677 1126/569/677 1123/570/677
f 1108/573/678 1113/574/678 1114/564/678 1107/563/678
f 1099/575/679 1100/576/679 1119/577/679 1118/578/679
f 1118/578/680 1119/577/680 1120/579/680 1117/580/680
f 1117/580/681 1120/579/681 1130/579/681 1127/580/681
f 1116/571/682 1121/572/682 1122/560/682 1115/559/682
f 1125/574/683 1124/573/683 1123/570/683 1126/569/683
f 1129/572/684 1128/571/684 1127/580/684 1130/579/684
f 1124/573/685 1125/574/685 1113/574/685 1108/573/685
f 1147/559/686 1154/560/686 1134/561/686 1133/562/686
f 1139/563/687 1146/564/687 1138/564/687 1137/563/687
f 1135/565/688 1136/566/688 1143/567/688 1142/568/688
f 1142/568/689 1143/567/689 1144/569/689 1141/570/689
f 1160/571/690 1161/572/690 1153/572/690 1148/571/690
f 1141/570/691 1144/569/691 1158/569/691 1155/570/691
f 1140/573/692 1145/574/692 1146/564/692 1139/563/692
f 1131/575/693 1132/576/693 1151/577/693 1150/578/693
f 1150/578/694 1151/577/694 1152/579/694 1149/580/694
f 1149/580/695 1152/579/695 1162/579/695 1159/580/695
f 1148/571/696 1153/572/696 1154/560/696 1147/559/696
f 1157/574/697 1156/573/697 1155/570/697 1158/569/697
f 1161/572/698 1160/571/698 1159/580/698 1162/579/698
f 1156/573/699 1157/574/699 1145/574/699 1140/573/699
f 1179/559/700 1186/560/700 1166/561/700 1165/562/700
f 1171/563/701 1178/564/701 1170/564/701 1169/563/701
f 1167/565/702 1168/566/702 1175/567/702 1174/568/702
f 1174/568/703 1175/567/703 1176/569/703 1173/570/703
f 1192/571/704 1193/572/704 1185/572/704 1180/571/704
f 1173/570/705 1176/569/705 1190/569/705 1187/570/705
f 1172/573/706 1177/574/706 1178/564/706 1171/563/706
f 1163/575/707 1164/576/707 1183/577/707 1182/578/707
f 1182/578/708 1183/577/708 1184/579/708 1181/580/708
f 1181/580/709 1184/579/709 1194/579/709 1191/580/709
f 1180/571/710 1185/572/710 1186/560/710 1179/559/710
f 1189/574/711 1188/573/711 1187/570/711 1190/569/711
f 1193/572/712 1192/571/712 1191/580/712 1194/579/712
f 1188/573/713 1189/574/713 1177/574/713 1172/573/713
f 1211/559/714 1218/560/714 1198/561/714 1197/562/714
f 1203/563/715 1210/564/715 1202/564/715 1201/563/715
f 1199/565/716 1200/566/716 1207/567/716 1206/568/716
f 1206/568/717 1207/567/717 1208/569/717 1205/570/717
f 1224/571/718 1225/572/718 1217/572/718 1212/571/718
f 1205/570/719 1208/569/719 1222/569/719 1219/570/719
f 1204/573/720 1209/574/720 1210/564/720 1203/563/720
f 1195/575/721 1196/576/721 1215/577/721 1214/578/721
f 1214/578/722 1215/577/722 1216/579/722 1213/580/722
f 1213/580/723 1216/579/723 1226/579/723 1223/580/723
f 1212/571/724 1217/572/724 1218/560/724 1211/559/724
f 1221/574/725 1220/573/725 1219/570/725 1222/569/725
f 1225/572/726 1224/571/726 1223/580/726 1226/579/726
f 1220/573/727 1221/574/727 1209/574/727 1204/573/727
f 1227/565/667 1228/566/667 1230/567/667 1229/568/667
f 1231/565/671 1232/566/671 1234/567/671 1233/568/671
