# Blender 4.2.1 LTS
# www.blender.org
o Cylinder.004
v -1.318536 4.282976 1.903778
v -1.182405 4.609904 1.354882
v -1.653959 4.118026 1.786374
v -1.496863 4.449037 1.185356
v -1.391855 4.690370 1.645049
v -1.349642 4.435523 1.869735
v -1.370172 4.553161 1.788472
v -1.693780 4.302728 1.737410
v -1.705981 4.528678 1.475642
v -1.695045 4.402055 1.629931
v -1.311360 4.720327 1.477152
v -1.625652 4.559048 1.307685
v -1.697608 3.984070 1.208191
v -1.439298 4.535914 1.443657
v -1.493684 3.967497 0.874063
v -1.195790 4.548531 1.136988
v -1.714797 4.471909 1.210110
v -1.755445 4.132195 1.197665
v -1.755059 4.276624 1.199649
v -1.557273 4.151508 0.860130
v -1.470930 4.483736 0.903667
v -1.525711 4.292674 0.882390
v -1.597395 4.577606 1.313121
v -1.353707 4.589827 1.006565
v -0.759350 4.273399 0.967142
v -1.363217 4.484745 1.098968
v -0.585903 4.397741 1.295709
v -1.240579 4.604237 1.451364
v -1.070325 4.649357 0.951800
v -0.828787 4.408831 0.919881
v -0.923633 4.517772 0.919659
v -0.674295 4.564157 1.244814
v -0.947452 4.768015 1.304420
v -0.791260 4.650032 1.263892
v -1.248227 4.637018 1.013161
v -1.125471 4.756093 1.365669
v -0.074422 -0.104549 0.393654
v -0.055497 0.451628 0.408232
v 0.003706 -0.077396 0.268766
v 0.016970 0.476593 0.291416
v 0.073285 -0.080770 0.403987
v 0.082301 0.473430 0.418361
v -1.281958 4.498481 1.273090
v -1.304752 4.499743 1.228206
v -1.332265 4.489767 1.270361
v -0.099778 1.171799 0.466537
v -1.021377 3.929182 1.081133
v -0.166387 1.793735 0.531652
v -0.288575 2.382402 0.624060
v -0.486545 2.925708 0.753682
v -0.740767 3.435342 0.910928
v -0.956514 3.940302 1.084537
v 0.024686 1.191926 0.475391
v -0.663518 3.448543 0.915193
v -0.397496 2.940638 0.759096
v -0.187232 2.399357 0.630380
v -0.053058 1.812531 0.539030
v -0.985785 3.941990 1.026825
v -0.034009 1.194758 0.361195
v -0.698568 3.450524 0.846133
v -0.438432 2.942846 0.678740
v -0.234203 2.401704 0.538801
v -0.105871 1.815132 0.436133
v 0.049900 0.439456 0.987239
v 0.155113 0.809173 0.459091
v -0.341102 0.425886 0.966392
v -0.229143 0.803260 0.382848
v 0.075057 0.892495 0.807214
v 0.072249 0.597090 0.980248
v 0.078396 0.729073 0.921881
v -0.317947 0.619106 0.951309
v -0.309193 0.885689 0.730895
v -0.308512 0.733315 0.860277
v 0.114738 0.928214 0.626338
v -0.269515 0.921855 0.550057
v -0.580087 0.439456 0.421556
v -0.078234 0.809173 0.616883
v -0.491661 0.425886 0.040114
v 0.063577 0.803260 0.251704
v -0.407166 0.892495 0.477591
v -0.577084 0.597090 0.444779
v -0.520671 0.729073 0.460969
v -0.480828 0.619106 0.065536
v -0.265283 0.885689 0.112432
v -0.392817 0.733315 0.090635
v -0.235929 0.928214 0.548078
v -0.094082 0.921855 0.182909
v 0.300925 0.439456 -0.074390
v -0.119160 0.809173 0.262564
v 0.587049 0.425886 0.192911
v 0.126188 0.803260 0.567966
v 0.165936 0.892495 0.047346
v 0.279310 0.597090 -0.083401
v 0.237084 0.729073 -0.042641
v 0.559616 0.619106 0.189581
v 0.411231 0.885689 0.352801
v 0.493874 0.733315 0.253251
v 0.019273 0.928214 0.160399
v 0.264596 0.921855 0.465827
v 0.447164 1.275811 0.902183
v 0.125011 1.644581 0.469834
v 0.150281 1.211139 1.149527
v -0.205360 1.587181 0.672470
v 0.293609 1.724292 0.785685
v 0.441338 1.434825 0.893378
v 0.391731 1.565199 0.855884
v 0.135642 1.405360 1.136804
v -0.036709 1.666006 0.988197
v 0.068238 1.517836 1.071802
v 0.195929 1.760952 0.628582
v -0.134415 1.703108 0.831157
v -0.394241 1.181808 0.911239
v 0.062327 1.617686 0.743141
v -0.587009 1.171610 0.570304
v -0.081452 1.622361 0.378714
v -0.280372 1.654567 0.868592
v -0.393651 1.338962 0.937684
v -0.356182 1.477470 0.921090
v -0.583151 1.365104 0.595658
v -0.423987 1.658368 0.504066
v -0.514717 1.490288 0.563020
v -0.112040 1.713731 0.807516
v -0.255737 1.717968 0.443040
v -0.089929 1.285507 -0.047293
v -0.207586 1.604729 0.510340
v 0.300745 1.314973 -0.044758
v 0.178429 1.637313 0.568924
v -0.155369 1.719702 0.165963
v -0.129085 1.438769 -0.027940
v -0.146669 1.565000 0.040035
v 0.257297 1.502878 -0.014732
v 0.230741 1.751395 0.224558
v 0.240101 1.608930 0.084650
v -0.189288 1.738505 0.350523
v 0.196774 1.770644 0.409112
v 0.325144 2.266219 1.013984
v -0.079066 2.593147 0.618469
v 0.053952 2.101269 1.243653
v -0.384567 2.432279 0.803649
v 0.064943 2.673613 0.946078
v 0.280032 2.418765 1.023548
v 0.199573 2.536404 1.000066
v -0.008438 2.285970 1.253169
v -0.240288 2.511921 1.131033
v -0.101736 2.385298 1.199793
v -0.039008 2.703570 0.791600
v -0.344374 2.542290 0.976668
v -0.466610 1.967312 0.988281
v -0.132718 2.519157 0.884920
v -0.651318 1.950740 0.643158
v -0.273692 2.531773 0.519587
v -0.473668 2.455151 1.004072
v -0.504995 2.115437 1.032807
v -0.503089 2.259867 1.033480
v -0.695554 2.134751 0.690916
v -0.614266 2.466978 0.638544
v -0.660369 2.275917 0.674988
v -0.325368 2.560848 0.955063
v -0.466155 2.573070 0.589632
v -0.198944 2.256642 0.057267
v -0.391314 2.467988 0.644657
v 0.172205 2.380984 0.074245
v -0.025370 2.587479 0.717513
v -0.369760 2.632600 0.317580
v -0.274875 2.392074 0.093178
v -0.323130 2.501014 0.174831
v 0.083536 2.547399 0.124656
v -0.003503 2.751257 0.390346
v 0.040709 2.633275 0.235158
v -0.407015 2.620261 0.502042
v -0.040915 2.739335 0.574854
v -0.209889 3.273795 1.233947
v -0.614099 3.600723 0.838431
v -0.481080 3.108845 1.463616
v -0.919600 3.439855 1.023612
v -0.470090 3.681189 1.166040
v -0.255000 3.426341 1.243511
v -0.335459 3.543980 1.220029
v -0.543471 3.293546 1.473131
v -0.775321 3.519497 1.350996
v -0.636769 3.392874 1.419756
v -0.574041 3.711146 1.011563
v -0.879407 3.549866 1.196631
v -1.001643 2.974888 1.208243
v -0.667750 3.526733 1.104883
v -1.186351 2.958316 0.863121
v -0.808725 3.539349 0.739550
v -1.008700 3.462727 1.224035
v -1.040027 3.123013 1.252770
v -1.038121 3.267443 1.253443
v -1.230586 3.142327 0.910879
v -1.149299 3.474554 0.858507
v -1.195401 3.283493 0.894950
v -0.860401 3.568424 1.175026
v -1.001187 3.580646 0.809595
v -0.733977 3.264218 0.277229
v -0.926347 3.475564 0.864619
v -0.362827 3.388559 0.294208
v -0.560403 3.595055 0.937476
v -0.904793 3.640176 0.537543
v -0.809907 3.399650 0.313140
v -0.858163 3.508590 0.394793
v -0.451497 3.554975 0.344618
v -0.538536 3.758833 0.610309
v -0.494323 3.640851 0.455120
v -0.942048 3.627837 0.722005
v -0.575947 3.746911 0.794816
v -0.538866 3.923732 1.437248
v -0.943076 4.250660 1.041733
v -0.810057 3.758782 1.666917
v -1.248577 4.089793 1.226913
v -0.799067 4.331126 1.369342
v -0.583977 4.076278 1.446812
v -0.664436 4.193917 1.423330
v -0.872448 3.943483 1.676433
v -1.104298 4.169435 1.554297
v -0.965746 4.042811 1.623057
v -0.903018 4.361083 1.214864
v -1.208384 4.199804 1.399932
v -1.330620 3.624825 1.411545
v -0.996727 4.176670 1.308184
v -1.515328 3.608253 1.066422
v -1.137702 4.189286 0.942851
v -1.337677 4.112665 1.427336
v -1.369004 3.772950 1.456071
v -1.367098 3.917380 1.456744
v -1.559563 3.792264 1.114180
v -1.478276 4.124491 1.061808
v -1.524379 3.933430 1.098252
v -1.189378 4.218361 1.378327
v -1.330164 4.230583 1.012896
v -1.062954 3.914155 0.480531
v -1.255324 4.125501 1.067921
v -0.691804 4.038496 0.497509
v -0.889380 4.244993 1.140777
v -1.233770 4.290113 0.740844
v -1.138884 4.049587 0.516442
v -1.187140 4.158527 0.598095
v -0.780474 4.204913 0.547920
v -0.867513 4.408771 0.813610
v -0.823300 4.290788 0.658422
v -1.271025 4.277774 0.925306
v -0.904924 4.396848 0.998118
v -0.788874 4.282977 1.573912
v -1.193084 4.609904 1.178397
v -1.060065 4.118026 1.803581
v -1.498585 4.449037 1.363577
v -1.049075 4.690371 1.506006
v -0.833985 4.435523 1.583476
v -0.914444 4.553162 1.559994
v -1.122456 4.302728 1.813097
v -1.354306 4.528679 1.690961
v -1.215754 4.402055 1.759721
v -1.153026 4.720328 1.351528
v -1.458392 4.559048 1.536596
v -1.580628 3.984070 1.548209
v -1.246735 4.535915 1.444848
v -1.765336 3.967497 1.203086
v -1.387710 4.548531 1.079515
v -1.587685 4.471909 1.564000
v -1.619012 4.132195 1.592735
v -1.617106 4.276624 1.593408
v -1.809571 4.151508 1.250844
v -1.728284 4.483736 1.198472
v -1.774386 4.292674 1.234916
v -1.439386 4.577606 1.514991
v -1.580172 4.589827 1.149560
v -1.312962 4.273399 0.617195
v -1.505332 4.484746 1.204585
v -0.941812 4.397741 0.634173
v -1.139388 4.604237 1.277441
v -1.483778 4.649358 0.877508
v -1.388892 4.408831 0.653105
v -1.437148 4.517772 0.734759
v -1.030482 4.564157 0.684584
v -1.117521 4.768015 0.950274
v -1.073308 4.650033 0.795086
v -1.521033 4.637018 1.061970
v -1.154932 4.756093 1.134782
v -1.427989 3.997440 1.665545
v -1.218877 4.543204 1.373801
v -1.773576 3.968045 1.483318
v -1.540010 4.541971 1.149361
v -1.433968 4.485549 1.665267
v -1.437680 4.147390 1.718629
v -1.438371 4.291722 1.712999
v -1.786974 4.154008 1.541076
v -1.754884 4.483518 1.440484
v -1.769273 4.294267 1.503215
v -1.340266 4.588533 1.538064
v -1.661291 4.586901 1.313452
v -1.798221 4.168650 0.923590
v -1.487930 4.469707 1.413268
v -1.577947 4.303826 0.629129
v -1.226488 4.609271 1.157004
v -1.754489 4.578068 1.185792
v -1.836372 4.306120 0.994606
v -1.818089 4.425826 1.073348
v -1.617107 4.473916 0.716500
v -1.492803 4.716803 0.929292
v -1.569595 4.575833 0.810175
v -1.631324 4.595639 1.327525
v -1.369760 4.734787 1.071142
v -0.818243 4.408939 0.859972
v -1.397930 4.599199 1.093348
v -0.651019 4.314747 1.201535
v -1.283084 4.495329 1.453240
v -1.078355 4.774495 1.052317
v -0.867222 4.556876 0.893327
v -0.947542 4.661217 0.952706
v -0.714682 4.493146 1.248637
v -0.963391 4.669775 1.411951
v -0.820963 4.571012 1.312362
v -1.259817 4.756197 1.100308
v -1.144912 4.651903 1.460071
v -1.743011 3.912874 1.931565
v -1.533898 4.458637 1.639822
v -2.088598 3.883478 1.749339
v -1.855031 4.457404 1.415382
v -1.748989 4.400982 1.931288
v -1.752702 4.062823 1.984650
v -1.753393 4.207156 1.979020
v -2.101996 4.069441 1.807097
v -2.069905 4.398951 1.706505
v -2.084294 4.209700 1.769236
v -1.655288 4.503966 1.804084
v -1.976312 4.502334 1.579473
v -2.113243 4.084083 1.189611
v -1.802952 4.385140 1.679289
v -1.892968 4.219260 0.895150
v -1.541510 4.524704 1.423025
v -2.069510 4.493502 1.451813
v -2.151393 4.221554 1.260626
v -2.133111 4.341259 1.339368
v -1.932129 4.389349 0.982521
v -1.807825 4.632236 1.195313
v -1.884617 4.491267 1.076195
v -1.946345 4.511072 1.593545
v -1.684782 4.650221 1.337163
v -1.133265 4.324373 1.125993
v -1.712952 4.514632 1.359369
v -0.966041 4.230181 1.467556
v -1.598105 4.410762 1.719261
v -1.393376 4.689929 1.318338
v -1.182244 4.472310 1.159348
v -1.262563 4.576650 1.218727
v -1.029704 4.408579 1.514658
v -1.278413 4.585209 1.677971
v -1.135984 4.486446 1.578382
v -1.574839 4.671631 1.366329
v -1.459934 4.567336 1.726092
v -1.168855 4.290937 1.511461
v -0.959743 4.836701 1.219717
v -1.514443 4.261542 1.329234
v -1.280876 4.835468 0.995278
v -1.174834 4.779046 1.511184
v -1.178547 4.440887 1.564546
v -1.179238 4.585219 1.558915
v -1.527841 4.447505 1.386993
v -1.495750 4.777015 1.286400
v -1.510139 4.587764 1.349131
v -1.081133 4.882030 1.383980
v -1.402157 4.880398 1.159369
v -1.539088 4.462147 0.769507
v -1.228797 4.763205 1.259184
v -1.318813 4.597324 0.475045
v -0.967355 4.902768 1.002920
v -1.495355 4.871566 1.031708
v -1.577238 4.599617 0.840522
v -1.558956 4.719323 0.919264
v -1.357973 4.767413 0.562416
v -1.233670 5.010300 0.775208
v -1.310462 4.869330 0.656091
v -1.372190 4.889136 1.173441
v -1.110627 5.028285 0.917059
v -0.559109 4.702436 0.705889
v -1.138797 4.892696 0.939264
v -0.391886 4.608244 1.047451
v -1.023950 4.788826 1.299157
v -0.819221 5.067992 0.898234
v -0.608089 4.850373 0.739244
v -0.688408 4.954714 0.798622
v -0.455549 4.786643 1.094554
v -0.704258 4.963273 1.257867
v -0.561829 4.864510 1.158278
v -1.000683 5.049695 0.946225
v -0.885778 4.945400 1.305987
v -1.127922 4.082007 1.413313
v -0.918810 4.627771 1.121569
v -1.473509 4.052612 1.231087
v -1.239943 4.626537 0.897130
v -1.133901 4.570116 1.413036
v -1.137613 4.231957 1.466398
v -1.138304 4.376289 1.460768
v -1.486908 4.238575 1.288845
v -1.454817 4.568084 1.188252
v -1.469206 4.378834 1.250983
v -1.040199 4.673100 1.285832
v -1.361224 4.671468 1.061221
v -1.498154 4.253217 0.671359
v -1.187863 4.554274 1.161037
v -1.277880 4.388393 0.376898
v -0.926422 4.693837 0.904773
v -1.454422 4.662635 0.933561
v -1.536305 4.390687 0.742374
v -1.518022 4.510393 0.821116
v -1.317040 4.558483 0.464269
v -1.192737 4.801369 0.677060
v -1.269528 4.660400 0.557943
v -1.331257 4.680206 1.075293
v -1.069694 4.819355 0.818911
v -0.518176 4.493506 0.607741
v -1.097864 4.683765 0.841117
v -0.350952 4.399314 0.949304
v -0.983017 4.579895 1.201009
v -0.778288 4.859062 0.800086
v -0.567156 4.641443 0.641096
v -0.647475 4.745783 0.700475
v -0.414615 4.577713 0.996406
v -0.663325 4.754343 1.159719
v -0.520896 4.655579 1.060130
v -0.959750 4.840765 0.848077
v -0.844845 4.736470 1.207839
v -1.552772 4.865215 1.961296
v -1.161909 4.412031 1.369853
v -1.923078 4.859669 1.833454
v -1.514818 4.367054 1.205740
v -1.372092 4.998454 1.527835
v -1.485937 4.954882 1.847763
v -1.433472 4.989078 1.717601
v -1.844125 4.964639 1.689075
v -1.725235 4.952872 1.364340
v -1.788357 4.962003 1.553788
v -1.295559 4.875389 1.407152
v -1.648586 4.830110 1.243348
v -1.996558 5.223172 0.820288
v -1.749580 4.513441 1.427640
v -1.708331 5.246843 0.555967
v -1.438481 4.493296 1.190337
v -1.698366 5.301539 1.198741
v -1.926639 5.295909 0.943647
v -1.836361 5.313869 1.054964
v -1.616726 5.331006 0.706376
v -1.387712 5.280869 0.960864
v -1.524234 5.311701 0.818144
v -1.630961 5.161829 1.305998
v -1.320085 5.141421 1.068408
v -1.076697 5.277949 0.926670
v -1.371770 4.535069 1.066601
v -0.806139 5.232184 1.206322
v -1.117212 4.435304 1.347222
v -1.444630 5.140106 1.216344
v -1.207976 5.286148 1.016646
v -1.314996 5.240031 1.101991
v -0.964893 5.235498 1.319830
v -1.189431 5.040189 1.496359
v -1.064550 5.155549 1.391215
v -1.516595 4.965806 1.213714
v -1.261717 4.865965 1.494032
v -0.843272 4.313979 -1.837073
v -0.401346 4.640907 -1.484201
v -0.596546 4.149029 -2.092844
v -0.116010 4.480039 -1.699158
v -0.577562 4.721373 -1.795671
v -0.799351 4.466525 -1.851125
v -0.716939 4.584164 -1.835850
v -0.535428 4.333730 -2.108584
v -0.292473 4.559681 -2.010378
v -0.437236 4.433058 -2.064859
v -0.458607 4.751330 -1.652428
v -0.173395 4.590050 -1.867260
v -0.052946 4.015072 -1.891103
v -0.374755 4.566917 -1.754696
v 0.165524 3.998499 -1.566299
v -0.197764 4.579533 -1.405388
v -0.047512 4.502911 -1.907524
v -0.019233 4.163197 -1.939263
v -0.021197 4.307627 -1.939740
v 0.204734 4.182511 -1.618263
v 0.129124 4.514738 -1.557983
v 0.171329 4.323677 -1.598878
v -0.190133 4.608608 -1.843853
v -0.013319 4.620830 -1.494429
v -0.225652 4.304401 -0.937895
v -0.093313 4.515748 -1.541650
v -0.596628 4.428743 -0.917473
v -0.464727 4.635239 -1.577345
v -0.081873 4.680360 -1.214063
v -0.153717 4.439834 -0.981258
v -0.113915 4.548774 -1.067349
v -0.513476 4.595159 -0.976542
v -0.453591 4.799017 -1.249637
v -0.481976 4.681035 -1.090790
v -0.063353 4.668021 -1.401336
v -0.434919 4.787095 -1.436971
v 0.009486 -0.073546 -0.076081
v -0.011661 0.482631 -0.064971
v 0.090349 -0.046393 0.047055
v 0.064230 0.507596 0.049650
v -0.061572 -0.049767 0.053822
v -0.078398 0.504432 0.056012
v -0.285459 4.529484 -1.540511
v -0.235157 4.530745 -1.542484
v -0.261975 4.520769 -1.585085
v -0.046153 1.202802 -0.129551
v -0.219831 3.960184 -1.223584
v -0.077510 1.824738 -0.217263
v -0.110462 2.413405 -0.366874
v -0.145590 2.956711 -0.600882
v -0.182331 3.466345 -0.897539
v -0.250006 3.971305 -1.166066
v -0.106164 1.222929 -0.020152
v -0.218460 3.479546 -0.829126
v -0.187689 2.971641 -0.522227
v -0.158518 2.430360 -0.277426
v -0.131532 1.843534 -0.117365
v -0.185344 3.972992 -1.168569
v 0.022108 1.225760 -0.025806
v -0.141073 3.481526 -0.832141
v -0.097580 2.973849 -0.525874
v -0.055692 2.432706 -0.281871
v -0.015982 1.846134 -0.122393
v -0.581791 0.470458 -0.210947
v -0.145809 0.840176 0.105169
v -0.399598 0.456888 -0.557534
v 0.083905 0.834263 -0.212159
v -0.428712 0.923497 -0.112924
v -0.584771 0.628092 -0.187720
v -0.534301 0.760075 -0.157765
v -0.395560 0.650108 -0.530196
v -0.198932 0.916691 -0.430214
v -0.316781 0.764317 -0.483615
v -0.280924 0.959216 -0.001348
v -0.051176 0.952857 -0.318657
v 0.195259 0.470458 -0.547212
v -0.191762 0.840175 -0.172747
v 0.504943 0.456888 -0.307603
v 0.080855 0.834263 0.108581
v 0.072143 0.923497 -0.413480
v 0.172902 0.628092 -0.554180
v 0.134638 0.760075 -0.509679
v 0.477319 0.650108 -0.308373
v 0.344713 0.916692 -0.132094
v 0.417766 0.764317 -0.238880
v -0.063401 0.959216 -0.287312
v 0.209193 0.952857 -0.005955
v 0.278069 0.470458 0.460402
v 0.147283 0.840176 -0.062001
v -0.084281 0.456888 0.608791
v -0.232663 0.834263 0.033429
v 0.223812 0.923497 0.286915
v 0.295281 0.628093 0.444524
v 0.275874 0.760075 0.389136
v -0.069802 0.650108 0.585254
v -0.156161 0.916692 0.382273
v -0.100208 0.764317 0.498933
v 0.182319 0.959216 0.106446
v -0.197640 0.952857 0.201840
v -0.670370 1.306813 0.185547
v -0.143002 1.675584 0.073331
v -0.771168 1.242142 -0.187492
v -0.189195 1.618184 -0.311471
v -0.500399 1.755295 0.094657
v -0.659936 1.465827 0.183930
v -0.605155 1.596201 0.154508
v -0.753496 1.436362 -0.195482
v -0.546501 1.697008 -0.290045
v -0.666288 1.548839 -0.229590
v -0.316862 1.791954 0.071491
v -0.363009 1.734111 -0.313261
v -0.327296 1.212811 -0.582792
v -0.365176 1.648688 -0.097739
v 0.062986 1.202613 -0.615607
v 0.025998 1.653364 -0.076231
v -0.336086 1.685570 -0.461517
v -0.351571 1.369964 -0.593297
v -0.352137 1.508473 -0.552322
v 0.038337 1.396107 -0.622687
v 0.055109 1.689370 -0.439819
v 0.039421 1.521291 -0.546877
v -0.350870 1.744733 -0.283058
v 0.040314 1.748971 -0.261455
v 0.416636 1.316509 0.093932
v -0.040943 1.635731 -0.245801
v 0.251219 1.345975 0.447867
v -0.255346 1.668315 0.080498
v 0.250180 1.750705 -0.054569
v 0.415399 1.469771 0.050272
v 0.360974 1.596002 0.005914
v 0.242075 1.533881 0.395851
v 0.035728 1.782398 0.271812
v 0.158950 1.639932 0.338732
v 0.096638 1.769508 -0.162448
v -0.117789 1.801646 0.163893
v -0.721014 2.297221 0.027992
v -0.192856 2.624149 -0.174165
v -0.816479 2.132272 -0.314322
v -0.233571 2.463282 -0.529081
v -0.550670 2.704616 -0.180092
v -0.710870 2.449768 -0.016992
v -0.655939 2.567406 -0.080299
v -0.799076 2.316973 -0.374988
v -0.591294 2.542924 -0.534668
v -0.711622 2.416300 -0.437479
v -0.366900 2.734572 -0.210052
v -0.407569 2.573293 -0.564797
v -0.367085 1.998315 -0.680718
v -0.412571 2.550159 -0.334165
v 0.023636 1.981742 -0.704461
v -0.021745 2.562776 -0.309731
v -0.378488 2.486154 -0.693724
v -0.391519 2.146440 -0.734187
v -0.392926 2.290869 -0.732736
v -0.001291 2.165753 -0.764596
v 0.012359 2.497981 -0.668866
v -0.001508 2.306919 -0.725974
v -0.395873 2.591851 -0.538507
v -0.005036 2.604072 -0.513861
v 0.367141 2.287644 -0.048782
v -0.086283 2.498990 -0.468829
v 0.196752 2.411986 0.281381
v -0.305274 2.618482 -0.166727
v 0.201922 2.663603 -0.312683
v 0.366213 2.423076 -0.132771
v 0.312165 2.532017 -0.210711
v 0.187966 2.578402 0.179763
v -0.017118 2.782260 -0.010258
v 0.105438 2.664277 0.094710
v 0.049862 2.651263 -0.423552
v -0.169153 2.770338 -0.121288
v -0.697501 3.304797 -0.550014
v -0.169343 3.631725 -0.752171
v -0.792965 3.139847 -0.892328
v -0.210057 3.470858 -1.107086
v -0.527157 3.712191 -0.758098
v -0.687356 3.457344 -0.594998
v -0.632425 3.574982 -0.658305
v -0.775563 3.324549 -0.952993
v -0.567780 3.550500 -1.112674
v -0.688108 3.423876 -1.015485
v -0.343387 3.742148 -0.788057
v -0.384056 3.580869 -1.142803
v -0.343572 3.005891 -1.258724
v -0.389058 3.557735 -0.912171
v 0.047149 2.989318 -1.282466
v 0.001768 3.570352 -0.887736
v -0.354974 3.493730 -1.271730
v -0.368005 3.154016 -1.312193
v -0.369412 3.298445 -1.310742
v 0.022222 3.173329 -1.342602
v 0.035872 3.505557 -1.246872
v 0.022006 3.314495 -1.303980
v -0.372359 3.599427 -1.116512
v 0.018477 3.611648 -1.091866
v 0.390655 3.295220 -0.626787
v -0.062769 3.506566 -1.046835
v 0.220265 3.419562 -0.296625
v -0.281760 3.626058 -0.744732
v 0.225436 3.671179 -0.890688
v 0.389727 3.430652 -0.710777
v 0.335679 3.539593 -0.788717
v 0.211480 3.585978 -0.398243
v 0.006396 3.789836 -0.588264
v 0.128951 3.671853 -0.483295
v 0.073375 3.658839 -1.001557
v -0.145640 3.777914 -0.699294
v -0.744880 3.954735 -0.933827
v -0.216722 4.281662 -1.135984
v -0.840344 3.789784 -1.276141
v -0.257437 4.120795 -1.490900
v -0.574536 4.362129 -1.141911
v -0.734735 4.107281 -0.978811
v -0.679804 4.224919 -1.042118
v -0.822942 3.974486 -1.336806
v -0.615159 4.200437 -1.496487
v -0.735487 4.073813 -1.399298
v -0.390766 4.392086 -1.171870
v -0.431435 4.230806 -1.526616
v -0.390951 3.655828 -1.642537
v -0.436437 4.207673 -1.295984
v -0.000230 3.639256 -1.666279
v -0.045611 4.220289 -1.271550
v -0.402353 4.143667 -1.655543
v -0.415384 3.803953 -1.696006
v -0.416792 3.948382 -1.694555
v -0.025157 3.823267 -1.726415
v -0.011507 4.155494 -1.630685
v -0.025374 3.964432 -1.687793
v -0.419738 4.249364 -1.500326
v -0.028902 4.261585 -1.475679
v 0.343276 3.945157 -1.010601
v -0.110148 4.156504 -1.430648
v 0.172886 4.069499 -0.680438
v -0.329139 4.275995 -1.128546
v 0.178057 4.321116 -1.274502
v 0.342348 4.080589 -1.094590
v 0.288300 4.189530 -1.172530
v 0.164101 4.235915 -0.782056
v -0.040983 4.439773 -0.972077
v 0.081572 4.321791 -0.867108
v 0.025996 4.308776 -1.385370
v -0.193019 4.427851 -1.083107
v -0.764679 4.313979 -1.218061
v -0.236521 4.640907 -1.420218
v -0.860143 4.149029 -1.560375
v -0.277236 4.480040 -1.775133
v -0.594335 4.721373 -1.426145
v -0.754534 4.466525 -1.263045
v -0.699603 4.584164 -1.326352
v -0.842741 4.333730 -1.621040
v -0.634958 4.559681 -1.780721
v -0.755286 4.433058 -1.683532
v -0.410565 4.751330 -1.456105
v -0.451234 4.590051 -1.810850
v -0.410750 4.015072 -1.926771
v -0.456236 4.566917 -1.580218
v -0.020029 3.998500 -1.950513
v -0.065410 4.579533 -1.555784
v -0.422152 4.502912 -1.939777
v -0.435183 4.163198 -1.980240
v -0.436590 4.307627 -1.978789
v -0.044956 4.182511 -2.010648
v -0.031306 4.514738 -1.914919
v -0.045172 4.323677 -1.972027
v -0.439537 4.608608 -1.784559
v -0.048701 4.620830 -1.759913
v 0.323477 4.304402 -1.294835
v -0.129947 4.515748 -1.714882
v 0.153087 4.428744 -0.964672
v -0.348938 4.635240 -1.412780
v 0.158258 4.680360 -1.558736
v 0.322549 4.439834 -1.378824
v 0.268501 4.548775 -1.456764
v 0.144302 4.595160 -1.066290
v -0.060782 4.799017 -1.256311
v 0.061773 4.681035 -1.151342
v 0.006197 4.668021 -1.669605
v -0.212818 4.787095 -1.367341
v -0.581099 4.028443 -1.837063
v -0.403309 4.574206 -1.525240
v -0.271226 3.999047 -2.075004
v -0.065289 4.572973 -1.723336
v -0.578351 4.516551 -1.842380
v -0.625289 4.178392 -1.868033
v -0.619884 4.322725 -1.866310
v -0.318115 4.185010 -2.111293
v -0.240108 4.514520 -2.040134
v -0.291103 4.325269 -2.079400
v -0.501887 4.619535 -1.704126
v -0.163756 4.617903 -1.902051
v 0.247670 4.199652 -1.863700
v -0.326837 4.500710 -1.786199
v 0.423269 4.334829 -1.540601
v -0.203135 4.640273 -1.441640
v -0.008843 4.609071 -1.933437
v 0.199070 4.337123 -1.928017
v 0.119886 4.456829 -1.944280
v 0.360228 4.504919 -1.612664
v 0.114972 4.747805 -1.588558
v 0.255272 4.606836 -1.608602
v -0.189055 4.626641 -1.880697
v -0.065296 4.765790 -1.535978
v -0.103682 4.439942 -0.946664
v -0.073712 4.630201 -1.570846
v -0.483868 4.345750 -0.937322
v -0.448686 4.526331 -1.616751
v -0.169858 4.805498 -1.263327
v -0.113541 4.587879 -1.005096
v -0.133961 4.692219 -1.102872
v -0.500088 4.524148 -1.014837
v -0.544645 4.700778 -1.309017
v -0.513618 4.602015 -1.138016
v -0.137702 4.787200 -1.448253
v -0.512582 4.682905 -1.494050
v -0.691296 3.943876 -2.234381
v -0.513506 4.489640 -1.922559
v -0.381423 3.914481 -2.472322
v -0.175486 4.488407 -2.120655
v -0.688547 4.431985 -2.239698
v -0.735486 4.093826 -2.265352
v -0.730081 4.238158 -2.263629
v -0.428312 4.100444 -2.508612
v -0.350305 4.429954 -2.437453
v -0.401299 4.240703 -2.476719
v -0.612084 4.534969 -2.101444
v -0.273953 4.533337 -2.299370
v 0.137474 4.115086 -2.261020
v -0.437033 4.416143 -2.183518
v 0.313072 4.250262 -1.937920
v -0.313332 4.555707 -1.838959
v -0.119040 4.524504 -2.330756
v 0.088873 4.252556 -2.325336
v 0.009689 4.372262 -2.341599
v 0.250031 4.420352 -2.009983
v 0.004775 4.663239 -1.985877
v 0.145075 4.522269 -2.005921
v -0.299252 4.542075 -2.278015
v -0.175493 4.681223 -1.933297
v -0.213879 4.355375 -1.343983
v -0.183909 4.545634 -1.968165
v -0.594065 4.261183 -1.334641
v -0.558882 4.441765 -2.014070
v -0.280055 4.720931 -1.660646
v -0.223738 4.503312 -1.402416
v -0.244158 4.607653 -1.500191
v -0.610285 4.439582 -1.412156
v -0.654842 4.616211 -1.706336
v -0.623815 4.517448 -1.535336
v -0.247899 4.702634 -1.845572
v -0.622778 4.598339 -1.891369
v -0.549281 4.321940 -1.537264
v -0.371491 4.867703 -1.225441
v -0.239408 4.292545 -1.775204
v -0.033471 4.866470 -1.423537
v -0.546533 4.810049 -1.542580
v -0.593471 4.471890 -1.568234
v -0.588067 4.616222 -1.566510
v -0.286298 4.478508 -1.811494
v -0.208291 4.808017 -1.740335
v -0.259285 4.618766 -1.779601
v -0.470069 4.913033 -1.404327
v -0.131938 4.911400 -1.602252
v 0.279488 4.493149 -1.563901
v -0.295019 4.794207 -1.486400
v 0.455087 4.628326 -1.240802
v -0.171317 4.933770 -1.141841
v 0.022975 4.902568 -1.633638
v 0.230887 4.630620 -1.628218
v 0.151704 4.750326 -1.644481
v 0.392046 4.798416 -1.312865
v 0.146789 5.041302 -1.288759
v 0.287089 4.900333 -1.308803
v -0.157237 4.920139 -1.580898
v -0.033479 5.059287 -1.236179
v -0.071864 4.733439 -0.646865
v -0.041895 4.923698 -1.271047
v -0.452051 4.639247 -0.637523
v -0.416868 4.819829 -1.316952
v -0.138041 5.098995 -0.963528
v -0.081723 4.881376 -0.705297
v -0.102144 4.985716 -0.803073
v -0.468270 4.817646 -0.715038
v -0.512827 4.994275 -1.009218
v -0.481801 4.895512 -0.838217
v -0.105884 5.080698 -1.148454
v -0.480764 4.976403 -1.194251
v -0.477188 4.113009 -1.459090
v -0.299398 4.658773 -1.147268
v -0.167315 4.083614 -1.697031
v 0.038622 4.657540 -1.345364
v -0.474440 4.601118 -1.464407
v -0.521378 4.262959 -1.490060
v -0.515973 4.407292 -1.488337
v -0.214205 4.269578 -1.733321
v -0.136198 4.599087 -1.662162
v -0.187192 4.409836 -1.701428
v -0.397976 4.704103 -1.326153
v -0.059845 4.702470 -1.524079
v 0.351581 4.284219 -1.485728
v -0.222926 4.585277 -1.408227
v 0.527180 4.419396 -1.162628
v -0.099224 4.724840 -1.063668
v 0.095068 4.693638 -1.555464
v 0.302980 4.421690 -1.550045
v 0.223797 4.541396 -1.566308
v 0.464139 4.589486 -1.234691
v 0.218883 4.832372 -1.210585
v 0.359182 4.691403 -1.230630
v -0.085144 4.711208 -1.502724
v 0.038615 4.850357 -1.158005
v 0.000229 4.524508 -0.568691
v 0.030199 4.714768 -1.192874
v -0.379957 4.430317 -0.559350
v -0.344775 4.610898 -1.238778
v -0.065947 4.890065 -0.885354
v -0.009630 4.672445 -0.627124
v -0.030050 4.776786 -0.724899
v -0.396177 4.608716 -0.636864
v -0.440734 4.785345 -0.931045
v -0.409708 4.686582 -0.760044
v -0.033791 4.871767 -1.070281
v -0.408671 4.767472 -1.116078
v -0.797740 4.896217 -2.073931
v -0.423508 4.443033 -1.471827
v -0.526964 4.890672 -2.357039
v -0.127037 4.398057 -1.723984
v -0.479305 5.029456 -1.728774
v -0.722480 4.985885 -1.965798
v -0.626112 5.020080 -1.863779
v -0.428735 4.995641 -2.225016
v -0.183298 4.983874 -1.981402
v -0.329088 4.993005 -2.117857
v -0.401598 4.906392 -1.608844
v -0.105359 4.861113 -1.861237
v 0.424347 5.254174 -2.000792
v -0.230652 4.544443 -2.029952
v 0.544187 5.277846 -1.628530
v -0.144912 4.524298 -1.648188
v -0.044041 5.332541 -1.887846
v 0.283062 5.326912 -1.988764
v 0.144219 5.344872 -1.953208
v 0.369268 5.362008 -1.608090
v 0.042405 5.311871 -1.506247
v 0.229091 5.342704 -1.570712
v -0.169645 5.192831 -1.871379
v -0.083552 5.172423 -1.489697
v -0.056379 5.308951 -1.209361
v -0.060330 4.566071 -1.535907
v -0.423453 5.263187 -1.080273
v -0.421605 4.466306 -1.421764
v -0.165977 5.171109 -1.664634
v -0.083325 5.317151 -1.366216
v -0.116192 5.271034 -1.499095
v -0.460310 5.266500 -1.271919
v -0.526968 5.071191 -1.549654
v -0.483567 5.186551 -1.392280
v -0.133540 4.996809 -1.728928
v -0.494673 4.896967 -1.614367
v -1.884400 4.282976 -0.284822
v -1.332979 4.609904 -0.410331
v -1.930544 4.118026 -0.637190
v -1.323141 4.449037 -0.767439
v -1.686367 4.690370 -0.466752
v -1.868002 4.435523 -0.327922
v -1.804678 4.553161 -0.382833
v -1.904745 4.302728 -0.694788
v -1.676487 4.528678 -0.823511
v -1.809339 4.402055 -0.744297
v -1.500207 4.720327 -0.470447
v -1.490348 4.559048 -0.827380
v -1.433892 3.984070 -0.936419
v -1.527885 4.535914 -0.599768
v -1.043736 3.967497 -0.904720
v -1.144431 4.548531 -0.520362
v -1.443343 4.471909 -0.950905
v -1.450527 4.132195 -0.992803
v -1.452124 4.276624 -0.991566
v -1.059917 4.151508 -0.967774
v -1.059929 4.483736 -0.871076
v -1.065588 4.292674 -0.929570
v -1.482483 4.577606 -0.799701
v -1.099050 4.589827 -0.720083
v -0.796313 4.273399 -0.207087
v -1.185843 4.484745 -0.686982
v -1.011641 4.397741 0.095691
v -1.445320 4.604237 -0.418850
v -0.922590 4.649357 -0.491683
v -0.785366 4.408831 -0.290365
v -0.827860 4.517772 -0.375159
v -1.005981 4.564157 -0.006149
v -1.182161 4.768015 -0.223239
v -1.075665 4.650032 -0.102008
v -1.057461 4.637018 -0.622924
v -1.316985 4.756093 -0.354636
v 0.024093 -0.104549 0.146394
v 0.019593 0.451628 0.169854
v 0.170781 -0.077396 0.159944
v 0.156526 0.476593 0.181984
v 0.081352 -0.080770 0.282942
v 0.072575 0.473430 0.297462
v -1.304752 4.498481 -0.536044
v -1.274933 4.499743 -0.576603
v -1.324960 4.489767 -0.582196
v -0.052403 1.171799 0.156557
v -1.016048 3.929182 -0.389759
v -0.140530 1.793735 0.126387
v -0.278047 2.382402 0.058872
v -0.482905 2.925708 -0.059563
v -0.737752 3.435342 -0.215796
v -0.989891 3.940302 -0.330306
v -0.004285 1.191926 0.271685
v -0.706789 3.448543 -0.144895
v -0.447658 2.940638 0.022392
v -0.238074 2.399357 0.152213
v -0.096107 1.812531 0.230907
v -0.951532 3.941990 -0.382421
v 0.071268 1.194758 0.167871
v -0.660897 3.450524 -0.207278
v -0.394328 2.942846 -0.050333
v -0.177440 2.401704 0.069047
v -0.027995 1.815132 0.137431
v -0.449999 0.439456 0.524593
v 0.068978 0.809173 0.380816
v -0.607382 0.425886 0.166058
v -0.035900 0.803260 0.003368
v -0.277919 0.892495 0.466025
v -0.433697 0.597090 0.541404
v -0.378810 0.729073 0.520621
v -0.583490 0.619106 0.179945
v -0.382728 0.885689 0.088549
v -0.497955 0.733315 0.147395
v -0.098542 0.928214 0.420043
v -0.203386 0.921855 0.042581
v -0.228433 0.439456 -0.292590
v -0.176959 0.809173 0.243469
v 0.151985 0.425886 -0.385324
v 0.212966 0.803260 0.205727
v -0.200635 0.892495 -0.112955
v -0.247819 0.597090 -0.279455
v -0.236883 0.729073 -0.221793
v 0.134160 0.619106 -0.364206
v 0.189305 0.885689 -0.150623
v 0.151363 0.733315 -0.274318
v -0.186501 0.928214 0.071682
v 0.203432 0.921855 0.033977
v 0.610992 0.439456 0.270889
v 0.121014 0.809173 0.047437
v 0.501092 0.425886 0.646707
v -0.041263 0.803260 0.403993
v 0.441525 0.892495 0.205144
v 0.609310 0.597090 0.247532
v 0.553905 0.729073 0.228173
v 0.491717 0.619106 0.620711
v 0.279176 0.885689 0.561677
v 0.405270 0.733315 0.590665
v 0.274557 0.928214 0.125067
v 0.112244 0.921855 0.481611
v -0.195230 1.275811 0.841052
v 0.045836 1.644581 0.358770
v -0.549734 1.211139 0.687280
v -0.283819 1.587181 0.154971
v -0.160319 1.724292 0.651494
v -0.189990 1.434825 0.831887
v -0.178838 1.565199 0.770712
v -0.544962 1.405360 0.668481
v -0.489839 1.666006 0.447686
v -0.517257 1.517836 0.579033
v -0.064000 1.760952 0.493554
v -0.393587 1.703108 0.289750
v -0.582051 1.181808 0.093781
v -0.226434 1.617686 0.425817
v -0.364376 1.171610 -0.231817
v 0.034269 1.622361 0.133391
v -0.492714 1.654567 0.176266
v -0.605400 1.338962 0.106211
v -0.573717 1.477470 0.132200
v -0.385280 1.365104 -0.216959
v -0.231848 1.658368 -0.116058
v -0.325332 1.490288 -0.170541
v -0.362405 1.713731 0.299090
v -0.101620 1.717968 0.006715
v 0.410864 1.285507 -0.065934
v -0.140043 1.604729 0.080005
v 0.584452 1.314973 0.284067
v -0.018604 1.637313 0.451074
v 0.190978 1.719702 -0.028379
v 0.375958 1.438769 -0.092187
v 0.307344 1.565000 -0.077292
v 0.538082 1.502878 0.258784
v 0.312451 1.751395 0.342780
v 0.441597 1.608930 0.288163
v 0.010904 1.738505 0.024407
v 0.132360 1.770644 0.395521
v -0.349989 2.266219 0.782416
v -0.178750 2.593147 0.243440
v -0.677145 2.101269 0.643629
v -0.481622 2.432279 0.053991
v -0.406473 2.673613 0.519499
v -0.378835 2.418765 0.746438
v -0.394082 2.536404 0.664021
v -0.713725 2.285970 0.592200
v -0.709023 2.511921 0.330190
v -0.708058 2.385298 0.484863
v -0.315320 2.703570 0.357141
v -0.618031 2.542290 0.167762
v -0.683422 1.967312 0.063835
v -0.440832 2.519157 0.315466
v -0.458379 1.950740 -0.256449
v -0.178057 2.531773 0.025136
v -0.700700 2.455151 0.064642
v -0.740460 2.115437 0.049602
v -0.740203 2.259867 0.051607
v -0.520937 2.134751 -0.274453
v -0.437581 2.466978 -0.225440
v -0.490876 2.275917 -0.250204
v -0.590183 2.560848 0.175008
v -0.327237 2.573070 -0.115198
v 0.268426 2.256642 -0.116216
v -0.342684 2.467988 -0.023600
v 0.420327 2.380984 0.222851
v -0.243024 2.587479 0.335971
v -0.040913 2.632600 -0.151577
v 0.202181 2.392074 -0.167856
v 0.107546 2.501014 -0.174192
v 0.335400 2.547399 0.166363
v 0.058968 2.751257 0.208233
v 0.217448 2.633275 0.177859
v -0.222401 2.620261 -0.101814
v -0.122630 2.739335 0.257876
v -0.787238 3.273795 0.403659
v -0.615999 3.600723 -0.135317
v -1.114394 3.108845 0.264873
v -0.918871 3.439855 -0.324766
v -0.843722 3.681189 0.140742
v -0.816084 3.426341 0.367681
v -0.831331 3.543980 0.285264
v -1.150974 3.293546 0.213443
v -1.146272 3.519497 -0.048567
v -1.145307 3.392874 0.106105
v -0.752568 3.711146 -0.021616
v -1.055280 3.549866 -0.210995
v -1.120671 2.974888 -0.314922
v -0.878081 3.526733 -0.063291
v -0.895628 2.958316 -0.635206
v -0.615306 3.539349 -0.353621
v -1.137949 3.462727 -0.314115
v -1.177709 3.123013 -0.329155
v -1.177452 3.267443 -0.327150
v -0.958186 3.142327 -0.653210
v -0.874830 3.474554 -0.604197
v -0.928125 3.283493 -0.628961
v -1.027432 3.568424 -0.203749
v -0.764485 3.580646 -0.493955
v -0.168823 3.264218 -0.494973
v -0.779933 3.475564 -0.402357
v -0.016922 3.388559 -0.155906
v -0.680273 3.595055 -0.042786
v -0.478162 3.640176 -0.530334
v -0.235068 3.399650 -0.546613
v -0.329703 3.508590 -0.552949
v -0.101849 3.554975 -0.212394
v -0.378280 3.758833 -0.170524
v -0.219801 3.640851 -0.200898
v -0.659650 3.627837 -0.480571
v -0.559879 3.746911 -0.120881
v -1.116859 3.923732 0.201404
v -0.945620 4.250660 -0.337573
v -1.444015 3.758782 0.062617
v -1.248492 4.089793 -0.527022
v -1.173342 4.331126 -0.061514
v -1.145705 4.076278 0.165425
v -1.160952 4.193917 0.083008
v -1.480595 3.943483 0.011187
v -1.475893 4.169435 -0.250823
v -1.474928 4.042811 -0.096150
v -1.082189 4.361083 -0.223872
v -1.384901 4.199804 -0.413251
v -1.450292 3.624825 -0.517177
v -1.207702 4.176670 -0.265546
v -1.225249 3.608253 -0.837462
v -0.944927 4.189286 -0.555876
v -1.467570 4.112665 -0.516371
v -1.507330 3.772950 -0.531411
v -1.507073 3.917380 -0.529406
v -1.287807 3.792264 -0.855466
v -1.204451 4.124491 -0.806453
v -1.257746 3.933430 -0.831217
v -1.357053 4.218361 -0.406004
v -1.094106 4.230583 -0.696210
v -0.498444 3.914155 -0.697229
v -1.109554 4.125501 -0.604612
v -0.346543 4.038496 -0.358162
v -1.009894 4.244993 -0.245042
v -0.807783 4.290113 -0.732589
v -0.564689 4.049587 -0.748868
v -0.659324 4.158527 -0.755205
v -0.431470 4.204913 -0.414650
v -0.707901 4.408771 -0.372780
v -0.549422 4.290788 -0.403154
v -0.989271 4.277774 -0.682826
v -0.889500 4.396848 -0.323137
v -1.351429 4.282977 0.039670
v -1.180190 4.609904 -0.499307
v -1.678585 4.118026 -0.099117
v -1.483062 4.449037 -0.688756
v -1.407913 4.690371 -0.223248
v -1.380275 4.435523 0.003692
v -1.395523 4.553162 -0.078726
v -1.715165 4.302728 -0.150546
v -1.710463 4.528679 -0.412557
v -1.709498 4.402055 -0.257884
v -1.316760 4.720328 -0.385606
v -1.619471 4.559048 -0.574985
v -1.684862 3.984070 -0.678911
v -1.442272 4.535915 -0.427280
v -1.459819 3.967497 -0.999196
v -1.179497 4.548531 -0.717610
v -1.702140 4.471909 -0.678105
v -1.741900 4.132195 -0.693144
v -1.741643 4.276624 -0.691140
v -1.522377 4.151508 -1.017200
v -1.439021 4.483736 -0.968186
v -1.492316 4.292674 -0.992951
v -1.591623 4.577606 -0.567738
v -1.328677 4.589827 -0.857944
v -0.733014 4.273399 -0.858962
v -1.344124 4.484746 -0.766346
v -0.581113 4.397741 -0.519895
v -1.244464 4.604237 -0.406776
v -1.042354 4.649358 -0.894323
v -0.799259 4.408831 -0.910602
v -0.893894 4.517772 -0.916939
v -0.666040 4.564157 -0.576384
v -0.942472 4.768015 -0.534514
v -0.783992 4.650033 -0.564887
v -1.223841 4.637018 -0.844560
v -1.124070 4.756093 -0.484870
v -1.720933 3.997440 -0.489794
v -1.366289 4.543204 -0.434383
v -1.713767 3.968045 -0.880416
v -1.310421 4.541971 -0.822170
v -1.723376 4.485549 -0.495257
v -1.772698 4.147390 -0.474553
v -1.767981 4.291722 -0.477705
v -1.771374 4.154008 -0.866382
v -1.667103 4.483518 -0.883005
v -1.729596 4.294267 -0.867617
v -1.567611 4.588533 -0.468842
v -1.511540 4.586901 -0.856609
v -1.225041 4.168650 -1.154368
v -1.522639 4.469707 -0.656874
v -0.862946 4.303826 -1.090213
v -1.176123 4.609271 -0.538765
v -1.439494 4.578068 -0.997294
v -1.305628 4.306120 -1.156470
v -1.367713 4.425826 -1.104701
v -0.958593 4.473916 -1.085855
v -1.092657 4.716803 -0.879074
v -1.020855 4.575833 -1.001263
v -1.510617 4.595639 -0.823515
v -1.163941 4.734787 -0.705350
v -0.727123 4.408939 -0.307915
v -1.196450 4.599199 -0.720510
v -0.956857 4.314747 -0.004845
v -1.466127 4.495329 -0.455961
v -1.015963 4.774495 -0.453608
v -0.778955 4.556876 -0.336639
v -0.868132 4.661217 -0.381634
v -1.027574 4.493146 -0.040493
v -1.285357 4.669775 -0.189071
v -1.132317 4.571012 -0.106714
v -1.140497 4.756197 -0.594046
v -1.410033 4.651903 -0.329503
v -2.100279 3.912874 -0.651357
v -1.745635 4.458637 -0.595946
v -2.093112 3.883478 -1.041979
v -1.689767 4.457404 -0.983732
v -2.102722 4.400982 -0.656820
v -2.152044 4.062823 -0.636116
v -2.147327 4.207156 -0.639268
v -2.150719 4.069441 -1.027945
v -2.046449 4.398951 -1.044568
v -2.108942 4.209700 -1.029180
v -1.946956 4.503966 -0.630405
v -1.890886 4.502334 -1.018171
v -1.604387 4.084083 -1.315931
v -1.901985 4.385140 -0.818437
v -1.242292 4.219260 -1.251776
v -1.555469 4.524704 -0.700328
v -1.818840 4.493502 -1.158857
v -1.684974 4.221554 -1.318033
v -1.747058 4.341259 -1.266263
v -1.337939 4.389349 -1.247417
v -1.472003 4.632236 -1.040637
v -1.400201 4.491267 -1.162826
v -1.889963 4.511072 -0.985078
v -1.543287 4.650221 -0.866913
v -1.106469 4.324373 -0.469478
v -1.575796 4.514632 -0.882073
v -1.336203 4.230181 -0.166408
v -1.845473 4.410762 -0.617523
v -1.395309 4.689929 -0.615171
v -1.158301 4.472310 -0.498201
v -1.247478 4.576650 -0.543196
v -1.406920 4.408579 -0.202055
v -1.664703 4.585209 -0.350634
v -1.511663 4.486446 -0.268277
v -1.519843 4.671631 -0.755609
v -1.789378 4.567336 -0.491066
v -1.466700 4.290937 -0.327752
v -1.112056 4.836701 -0.272342
v -1.459533 4.261542 -0.718374
v -1.056188 4.835468 -0.660128
v -1.469143 4.779046 -0.333216
v -1.518465 4.440887 -0.312512
v -1.513748 4.585219 -0.315663
v -1.517141 4.447505 -0.704340
v -1.412870 4.777015 -0.720963
v -1.475363 4.587764 -0.705575
v -1.313377 4.882030 -0.306800
v -1.257307 4.880398 -0.694567
v -0.970808 4.462147 -0.992327
v -1.268406 4.763205 -0.494833
v -0.608713 4.597324 -0.928172
v -0.921890 4.902768 -0.376723
v -1.185261 4.871566 -0.835253
v -1.051395 4.599617 -0.994429
v -1.113479 4.719323 -0.942659
v -0.704360 4.767413 -0.923813
v -0.838424 5.010300 -0.717032
v -0.766622 4.869330 -0.839222
v -1.256384 4.889136 -0.661474
v -0.909708 5.028285 -0.543309
v -0.472890 4.702436 -0.145874
v -0.942217 4.892696 -0.558469
v -0.702624 4.608244 0.157196
v -1.211894 4.788826 -0.293919
v -0.761730 5.067992 -0.291566
v -0.524722 4.850373 -0.174597
v -0.613899 4.954714 -0.219592
v -0.773341 4.786643 0.121549
v -1.031124 4.963273 -0.027030
v -0.878084 4.864510 0.055328
v -0.886264 5.049695 -0.432005
v -1.155800 4.945400 -0.167462
v -1.360632 4.082007 -0.335379
v -1.005989 4.627771 -0.279968
v -1.353466 4.052612 -0.726000
v -0.950120 4.626537 -0.667754
v -1.363076 4.570116 -0.340842
v -1.412397 4.231957 -0.320138
v -1.407681 4.376289 -0.323289
v -1.411073 4.238575 -0.711967
v -1.306802 4.568084 -0.728589
v -1.369296 4.378834 -0.713202
v -1.207310 4.673100 -0.314427
v -1.151239 4.671468 -0.702193
v -0.864740 4.253217 -0.999953
v -1.162338 4.554274 -0.502459
v -0.502646 4.388393 -0.935798
v -0.815822 4.693837 -0.384350
v -1.079193 4.662635 -0.842879
v -0.945327 4.390687 -1.002055
v -1.007412 4.510393 -0.950286
v -0.598292 4.558483 -0.931440
v -0.732357 4.801369 -0.724658
v -0.660555 4.660400 -0.846848
v -1.150317 4.680206 -0.669100
v -0.803640 4.819355 -0.550935
v -0.366823 4.493506 -0.153500
v -0.836149 4.683765 -0.566095
v -0.596556 4.399314 0.149570
v -1.105826 4.579895 -0.301545
v -0.655662 4.859062 -0.299193
v -0.418654 4.641443 -0.182223
v -0.507831 4.745783 -0.227218
v -0.667273 4.577713 0.113923
v -0.925056 4.754343 -0.034656
v -0.772016 4.655579 0.047702
v -0.780197 4.840765 -0.439631
v -1.049732 4.736470 -0.175088
v -2.041197 4.865215 -0.468097
v -1.337122 4.412031 -0.385289
v -2.093720 4.859669 -0.856313
v -1.349426 4.367054 -0.774297
v -1.572802 4.998454 -0.501865
v -1.909731 4.954882 -0.459520
v -1.769886 4.989078 -0.471258
v -1.929256 4.964639 -0.850798
v -1.585764 4.952872 -0.890804
v -1.783347 4.962003 -0.861895
v -1.430587 4.875389 -0.487846
v -1.443220 4.830110 -0.876819
v -1.222071 5.223172 -1.377975
v -1.653246 4.513441 -0.884050
v -0.856303 5.246843 -1.239574
v -1.301310 4.493296 -0.713064
v -1.425795 5.301539 -0.941350
v -1.300755 5.295909 -1.260013
v -1.359521 5.313869 -1.129292
v -0.949381 5.331006 -1.090072
v -1.073547 5.280869 -0.771019
v -1.007554 5.311701 -0.957171
v -1.491231 5.161829 -0.832881
v -1.139139 5.141421 -0.662222
v -0.903018 5.277949 -0.508684
v -1.160790 4.535069 -0.709189
v -1.030955 5.232184 -0.141208
v -1.296794 4.435304 -0.355563
v -1.327302 5.140106 -0.706848
v -1.042455 5.286148 -0.585412
v -1.166837 5.240031 -0.642562
v -1.203772 5.235498 -0.231878
v -1.462476 5.040189 -0.352923
v -1.312375 5.155549 -0.288736
v -1.357346 4.965806 -0.772295
v -1.492935 4.865965 -0.418519
v 1.349024 4.282976 -1.542282
v 1.283184 4.609904 -0.980603
v 1.696573 4.118026 -1.468105
v 1.616506 4.449037 -0.852076
v 1.454378 4.690370 -1.294862
v 1.384174 4.435523 -1.512432
v 1.414785 4.553161 -1.434406
v 1.742249 4.302728 -1.424553
v 1.787356 4.528678 -1.166412
v 1.757055 4.402055 -1.318090
v 1.395693 4.720327 -1.118155
v 1.728844 4.559048 -0.989667
v 1.812769 3.984070 -0.900039
v 1.526834 4.535914 -1.101058
v 1.652600 3.967497 -0.542867
v 1.323933 4.548531 -0.766136
v 1.829580 4.471909 -0.904110
v 1.871472 4.132195 -0.896890
v 1.870839 4.276624 -0.898809
v 1.717438 4.151508 -0.537062
v 1.626295 4.483736 -0.569365
v 1.683321 4.292674 -0.555166
v 1.700127 4.577606 -0.991497
v 1.497034 4.589827 -0.656663
v 0.912390 4.273399 -0.542618
v 1.494818 4.484745 -0.749528
v 0.698902 4.397741 -0.846695
v 1.328729 4.604237 -1.083650
v 1.222819 4.649357 -0.566607
v 0.987232 4.408831 -0.504489
v 1.081349 4.517772 -0.516227
v 0.793006 4.564157 -0.807351
v 1.056467 4.768015 -0.900921
v 0.906632 4.650032 -0.841024
v 1.391564 4.637018 -0.649908
v 1.225344 4.756093 -0.984126
v 0.305232 -0.104549 0.112648
v 0.284621 0.451628 0.100572
v 0.243474 -0.077396 0.246390
v 0.227461 0.476593 0.225593
v 0.157402 -0.080770 0.121021
v 0.146646 0.473430 0.107898
v 1.392254 4.498481 -0.912015
v 1.420525 4.499743 -0.870364
v 1.442504 4.489767 -0.915651
v 0.321198 1.171799 0.037150
v 1.157955 3.929182 -0.688736
v 0.379065 1.793735 -0.035843
v 0.488628 2.382402 -0.142919
v 0.668675 2.925708 -0.296467
v 0.901043 3.435342 -0.484510
v 1.093180 3.940302 -0.683935
v 0.196611 1.191926 0.044059
v 0.823873 3.448543 -0.479002
v 0.579654 2.940638 -0.290611
v 0.387297 2.399357 -0.136412
v 0.265710 1.812531 -0.028874
v 1.129494 3.941990 -0.630374
v 0.269235 1.194758 0.149943
v 0.867350 3.450524 -0.414912
v 0.630395 2.942846 -0.216057
v 0.445439 2.401704 -0.051486
v 0.331075 1.815132 0.066543
v 0.107065 0.439456 -0.460525
v 0.069279 0.809173 0.076673
v 0.497575 0.425886 -0.489142
v 0.460082 0.803260 0.103861
v 0.104806 0.892495 -0.278766
v 0.085775 0.597090 -0.450773
v 0.087036 0.729073 -0.392097
v 0.476506 0.619106 -0.471260
v 0.495612 0.885689 -0.251502
v 0.478624 0.733315 -0.379765
v 0.088246 0.928214 -0.094330
v 0.479050 0.921855 -0.067104
v 0.803345 0.439456 0.021215
v 0.280870 0.809173 -0.109280
v 0.763717 0.425886 0.410762
v 0.186232 0.803260 0.270864
v 0.624739 0.892495 -0.012572
v 0.797438 0.597090 -0.001445
v 0.739434 0.729073 -0.010392
v 0.749764 0.619106 0.386908
v 0.530027 0.885689 0.367563
v 0.659291 0.733315 0.373106
v 0.445982 0.928214 -0.060907
v 0.351307 0.921855 0.319233
v -0.008108 0.439456 0.624281
v 0.366142 0.809173 0.237051
v -0.325650 0.425886 0.395187
v 0.084246 0.803260 -0.034980
v 0.110456 0.892495 0.486496
v 0.014470 0.597090 0.630495
v 0.051220 0.729073 0.584736
v -0.298016 0.619106 0.395031
v -0.171394 0.885689 0.214406
v -0.240827 0.733315 0.323581
v 0.241694 0.928214 0.355855
v -0.040179 0.921855 0.083794
v -0.276306 1.275811 -0.326062
v 0.097787 1.644581 0.062221
v -0.012977 1.211139 -0.608862
v 0.399973 1.587181 -0.180452
v -0.109288 1.724292 -0.229853
v -0.269417 1.434825 -0.318061
v -0.215478 1.565199 -0.287121
v 0.003150 1.405360 -0.598087
v 0.192862 1.666006 -0.472396
v 0.078211 1.517836 -0.542102
v 0.007420 1.760952 -0.086320
v 0.309588 1.703108 -0.328927
v 0.557243 1.181808 -0.441130
v 0.125512 1.617686 -0.216809
v 0.791458 1.171610 -0.127218
v 0.314091 1.622361 0.126583
v 0.449660 1.654567 -0.384466
v 0.553324 1.338962 -0.467289
v 0.518246 1.477470 -0.446103
v 0.784434 1.365104 -0.151884
v 0.638088 1.658368 -0.040956
v 0.720661 1.490288 -0.110879
v 0.290371 1.713731 -0.302654
v 0.478874 1.717968 0.040797
v 0.376211 1.285507 0.548121
v 0.422622 1.604729 -0.019896
v -0.011666 1.314973 0.594863
v 0.032302 1.637313 -0.029344
v 0.414241 1.719702 0.328317
v 0.412614 1.438769 0.523986
v 0.421487 1.565000 0.454337
v 0.027650 1.502878 0.559598
v 0.023825 1.751395 0.318870
v 0.032179 1.608930 0.458842
v 0.424621 1.738505 0.140953
v 0.034252 1.770644 0.131506
v -0.169355 2.266219 -0.452355
v 0.281496 2.593147 -0.110958
v 0.070716 2.101269 -0.714383
v 0.561211 2.432279 -0.333178
v 0.097331 2.673613 -0.417796
v -0.125810 2.418765 -0.467530
v -0.043032 2.536404 -0.454380
v 0.131409 2.285970 -0.731689
v 0.376808 2.511921 -0.639759
v 0.230692 2.385298 -0.690502
v 0.219929 2.703570 -0.277658
v 0.499525 2.542290 -0.499749
v 0.619322 1.967312 -0.526680
v 0.301125 2.519157 -0.382048
v 0.846068 1.950740 -0.207600
v 0.487036 2.531773 -0.037404
v 0.624332 2.455151 -0.543236
v 0.651786 2.115437 -0.575691
v 0.649810 2.259867 -0.576118
v 0.883929 2.134751 -0.260554
v 0.809894 2.466978 -0.198351
v 0.851034 2.275917 -0.240316
v 0.483395 2.560848 -0.475920
v 0.669131 2.573070 -0.131156
v 0.471173 2.256642 0.430651
v 0.587950 2.467988 -0.176305
v 0.100845 2.380984 0.460602
v 0.215741 2.587479 -0.202442
v 0.607806 2.632600 0.150879
v 0.541970 2.392074 0.385454
v 0.579546 2.501014 0.298368
v 0.182450 2.547399 0.399415
v 0.235297 2.751257 0.124871
v 0.211004 2.633275 0.284395
v 0.621506 2.620261 -0.036808
v 0.249147 2.739335 -0.062881
v 0.333675 3.273795 -0.738019
v 0.784526 3.600723 -0.396622
v 0.573746 3.108845 -1.000046
v 1.064242 3.439855 -0.618842
v 0.600362 3.681189 -0.703460
v 0.377221 3.426341 -0.753194
v 0.459999 3.543980 -0.740044
v 0.634439 3.293546 -1.017353
v 0.879838 3.519497 -0.925423
v 0.733722 3.392874 -0.976166
v 0.722959 3.711146 -0.563321
v 1.002555 3.549866 -0.785413
v 1.122352 2.974888 -0.812344
v 0.804155 3.526733 -0.667711
v 1.349098 2.958316 -0.493264
v 0.990066 3.539349 -0.323068
v 1.127362 3.462727 -0.828900
v 1.154816 3.123013 -0.861355
v 1.152841 3.267443 -0.861782
v 1.386960 3.142327 -0.546218
v 1.312924 3.474554 -0.484015
v 1.354064 3.283493 -0.525980
v 0.986425 3.568424 -0.761584
v 1.172161 3.580646 -0.416820
v 0.974203 3.264218 0.144987
v 1.090980 3.475564 -0.461969
v 0.603875 3.388559 0.174939
v 0.718771 3.595055 -0.488106
v 1.110836 3.640176 -0.134785
v 1.045000 3.399650 0.099790
v 1.082576 3.508590 0.012704
v 0.685481 3.554975 0.113751
v 0.738327 3.758833 -0.160793
v 0.714034 3.640851 -0.001269
v 1.124537 3.627837 -0.322472
v 0.752178 3.746911 -0.348545
v 0.634395 3.923732 -0.981175
v 1.085246 4.250660 -0.639778
v 0.874466 3.758782 -1.243203
v 1.364961 4.089793 -0.861998
v 0.901081 4.331126 -0.946616
v 0.677941 4.076278 -0.996351
v 0.760718 4.193917 -0.983200
v 0.935159 3.943483 -1.260509
v 1.180557 4.169435 -1.168579
v 1.034442 4.042811 -1.219322
v 1.023679 4.361083 -0.806478
v 1.303275 4.199804 -1.028569
v 1.423072 3.624825 -1.055501
v 1.104875 4.176670 -0.910868
v 1.649818 3.608253 -0.736420
v 1.290786 4.189286 -0.566224
v 1.428082 4.112665 -1.072056
v 1.455536 3.772950 -1.104511
v 1.453560 3.917380 -1.104938
v 1.687680 3.792264 -0.789374
v 1.613644 4.124491 -0.727171
v 1.654784 3.933430 -0.769136
v 1.287145 4.218361 -1.004740
v 1.472881 4.230583 -0.659976
v 1.274923 3.914155 -0.098169
v 1.391700 4.125501 -0.705125
v 0.904595 4.038496 -0.068218
v 1.019491 4.244993 -0.731263
v 1.411556 4.290113 -0.377941
v 1.345720 4.049587 -0.143366
v 1.383296 4.158527 -0.230452
v 0.986201 4.204913 -0.129405
v 1.039047 4.408771 -0.403949
v 1.014754 4.290788 -0.244425
v 1.425256 4.277774 -0.565628
v 1.052897 4.396848 -0.591701
v 0.865177 4.282977 -1.148269
v 1.316028 4.609904 -0.806872
v 1.105248 4.118026 -1.410297
v 1.595744 4.449037 -1.029092
v 1.131864 4.690371 -1.113711
v 0.908723 4.435523 -1.163445
v 0.991501 4.553162 -1.150294
v 1.165941 4.302728 -1.427603
v 1.411340 4.528679 -1.335674
v 1.265224 4.402055 -1.386416
v 1.254461 4.720328 -0.973572
v 1.534057 4.559048 -1.195663
v 1.653854 3.984070 -1.222595
v 1.335657 4.535915 -1.077962
v 1.880601 3.967497 -0.903514
v 1.521568 4.548531 -0.733318
v 1.658864 4.471909 -1.239150
v 1.686318 4.132195 -1.271605
v 1.684343 4.276624 -1.272032
v 1.918462 4.151508 -0.956468
v 1.844426 4.483736 -0.894265
v 1.885566 4.292674 -0.936231
v 1.517927 4.577606 -1.171834
v 1.703663 4.589827 -0.827070
v 1.505705 4.273399 -0.265263
v 1.622482 4.484746 -0.872220
v 1.135377 4.397741 -0.235312
v 1.250273 4.604237 -0.898357
v 1.642338 4.649358 -0.545035
v 1.576503 4.408831 -0.310461
v 1.614078 4.517772 -0.397546
v 1.216983 4.564157 -0.296499
v 1.269830 4.768015 -0.571044
v 1.245536 4.650033 -0.411519
v 1.656039 4.637018 -0.732723
v 1.283680 4.756093 -0.758795
v 1.487640 3.997440 -1.319750
v 1.316979 4.543204 -1.003969
v 1.853444 3.968045 -1.182549
v 1.663846 4.541971 -0.821809
v 1.493606 4.485549 -1.320228
v 1.490560 4.147390 -1.373633
v 1.491956 4.291722 -1.368134
v 1.859453 4.154008 -1.241535
v 1.840301 4.483518 -1.137699
v 1.846666 4.294267 -1.201744
v 1.416689 4.588533 -1.182226
v 1.763471 4.586901 -0.999882
v 1.948463 4.168650 -0.630395
v 1.578909 4.469707 -1.077044
v 1.767071 4.303826 -0.310511
v 1.351863 4.609271 -0.789862
v 1.872021 4.578068 -0.884991
v 1.977355 4.306120 -0.705653
v 1.949290 4.425826 -0.781462
v 1.794903 4.473916 -0.402122
v 1.644763 4.716803 -0.597544
v 1.735960 4.575833 -0.489059
v 1.731969 4.595639 -1.010063
v 1.504817 4.734787 -0.722749
v 0.984325 4.408939 -0.443729
v 1.529963 4.599199 -0.748329
v 0.775372 4.314747 -0.761483
v 1.370658 4.495329 -1.090870
v 1.218110 4.774495 -0.667334
v 1.028709 4.556876 -0.482994
v 1.100901 4.661217 -0.552025
v 0.832588 4.493146 -0.816236
v 1.058722 4.669775 -1.009603
v 0.929986 4.571012 -0.892852
v 1.392074 4.756197 -0.737821
v 1.232727 4.651903 -1.080225
v 1.766608 3.912874 -1.623365
v 1.595947 4.458637 -1.307585
v 2.132412 3.883478 -1.486164
v 1.942815 4.457404 -1.125425
v 1.772574 4.400982 -1.623844
v 1.769529 4.062823 -1.677248
v 1.770924 4.207156 -1.671750
v 2.138421 4.069441 -1.545151
v 2.119269 4.398951 -1.441315
v 2.125634 4.209700 -1.505360
v 1.695657 4.503966 -1.485842
v 2.042439 4.502334 -1.303497
v 2.227431 4.084083 -0.934010
v 1.857877 4.385140 -1.380659
v 2.046039 4.219260 -0.614127
v 1.630831 4.524704 -1.093477
v 2.150989 4.493502 -1.188606
v 2.256324 4.221554 -1.009269
v 2.228259 4.341259 -1.085078
v 2.073871 4.389349 -0.705738
v 1.923731 4.632236 -0.901160
v 2.014929 4.491267 -0.792675
v 2.010937 4.511072 -1.313679
v 1.783786 4.650221 -1.026365
v 1.263294 4.324373 -0.747345
v 1.808931 4.514632 -1.051945
v 1.054340 4.230181 -1.065099
v 1.649626 4.410762 -1.394485
v 1.497079 4.689929 -0.970950
v 1.307677 4.472310 -0.786609
v 1.379869 4.576650 -0.855641
v 1.111556 4.408579 -1.119852
v 1.337691 4.585209 -1.313219
v 1.208954 4.486446 -1.196467
v 1.671042 4.671631 -1.041436
v 1.511696 4.567336 -1.383841
v 1.250001 4.290937 -1.134224
v 1.079340 4.836701 -0.818444
v 1.615805 4.261542 -0.997023
v 1.426208 4.835468 -0.636284
v 1.255967 4.779046 -1.134703
v 1.252922 4.440887 -1.188107
v 1.254317 4.585219 -1.182609
v 1.621814 4.447505 -1.056010
v 1.602662 4.777015 -0.952174
v 1.609027 4.587764 -1.016219
v 1.179051 4.882030 -0.996700
v 1.525832 4.880398 -0.814356
v 1.710824 4.462147 -0.444869
v 1.341271 4.763205 -0.891518
v 1.529432 4.597324 -0.124986
v 1.114224 4.902768 -0.604337
v 1.634382 4.871566 -0.699465
v 1.739716 4.599617 -0.520128
v 1.711652 4.719323 -0.595936
v 1.557264 4.767413 -0.216597
v 1.407124 5.010300 -0.412018
v 1.498321 4.869330 -0.303534
v 1.494330 4.889136 -0.824538
v 1.267178 5.028285 -0.537224
v 0.746686 4.702436 -0.258204
v 1.292324 4.892696 -0.562804
v 0.537733 4.608244 -0.575958
v 1.133019 4.788826 -0.905345
v 0.980472 5.067992 -0.481809
v 0.791070 4.850373 -0.297468
v 0.863262 4.954714 -0.366499
v 0.594949 4.786643 -0.630711
v 0.821084 4.963273 -0.824078
v 0.692347 4.864510 -0.707326
v 1.154435 5.049695 -0.552295
v 0.995089 4.945400 -0.894700
v 1.221769 4.082007 -1.031699
v 1.051108 4.627771 -0.715918
v 1.587573 4.052612 -0.894498
v 1.397976 4.626537 -0.533758
v 1.227734 4.570116 -1.032177
v 1.224689 4.231957 -1.085582
v 1.226085 4.376289 -1.080083
v 1.593582 4.238575 -0.953485
v 1.574430 4.568084 -0.849649
v 1.580795 4.378834 -0.913693
v 1.150818 4.673100 -0.894175
v 1.497600 4.671468 -0.711831
v 1.682591 4.253217 -0.342344
v 1.313038 4.554274 -0.788993
v 1.501200 4.388393 -0.022460
v 1.085992 4.693837 -0.501811
v 1.606150 4.662635 -0.596940
v 1.711484 4.390687 -0.417603
v 1.683419 4.510393 -0.493411
v 1.529032 4.558483 -0.114071
v 1.378892 4.801369 -0.309493
v 1.470089 4.660400 -0.201008
v 1.466098 4.680206 -0.722013
v 1.238946 4.819355 -0.434699
v 0.718454 4.493506 -0.155679
v 1.264092 4.683765 -0.460279
v 0.509501 4.399314 -0.473432
v 1.104787 4.579895 -0.802819
v 0.952239 4.859062 -0.379284
v 0.762837 4.641443 -0.194943
v 0.835029 4.745783 -0.263974
v 0.566717 4.577713 -0.528186
v 0.792851 4.754343 -0.721553
v 0.664115 4.655579 -0.604801
v 1.126203 4.840765 -0.449770
v 0.966856 4.736470 -0.792175
v 1.574139 4.865215 -1.628874
v 1.260963 4.412031 -0.992871
v 1.957608 4.859669 -1.548739
v 1.631747 4.367054 -0.874562
v 1.449551 4.998454 -1.176092
v 1.522152 4.954882 -1.507820
v 1.486515 4.989078 -1.372082
v 1.897488 4.964639 -1.395558
v 1.820490 4.952872 -1.058426
v 1.859222 4.962003 -1.254319
v 1.388845 4.875389 -1.046722
v 1.759706 4.830110 -0.928735
v 2.158241 5.223172 -0.552923
v 1.836659 4.513441 -1.124289
v 1.905639 5.246843 -0.254371
v 1.557962 4.493296 -0.849657
v 1.814714 5.301539 -0.890760
v 2.073326 5.295909 -0.666482
v 1.969735 5.313869 -0.765528
v 1.795802 5.331006 -0.392031
v 1.536529 5.280869 -0.615614
v 1.689957 5.311701 -0.491246
v 1.734324 5.161829 -0.988663
v 1.455883 5.141421 -0.713774
v 1.232308 5.277949 -0.542481
v 1.507383 4.535069 -0.718497
v 0.928650 5.232184 -0.785789
v 1.219476 4.435304 -0.964785
v 1.560783 5.140106 -0.876231
v 1.351195 5.286148 -0.648290
v 1.446601 5.240031 -0.746447
v 1.071826 5.235498 -0.918407
v 1.272316 5.040189 -1.121837
v 1.161689 5.155549 -1.001787
v 1.632505 4.965806 -0.882696
v 1.344318 4.865965 -1.128642
v 1.512241 4.282976 1.894637
v 0.994352 4.609904 1.667460
v 1.339695 4.118026 2.205314
v 0.773990 4.449037 1.948643
v 1.244830 4.690370 1.923052
v 1.473419 4.435523 1.919524
v 1.389852 4.553161 1.925986
v 1.284692 4.302728 2.236262
v 1.024642 4.528678 2.203928
v 1.178552 4.402055 2.219296
v 1.093001 4.720327 1.815269
v 0.872726 4.559048 2.096299
v 0.762478 3.984070 2.150354
v 1.038310 4.535914 1.935681
v 0.467738 3.967497 1.892760
v 0.777341 4.548531 1.643728
v 0.761456 4.471909 2.167620
v 0.742303 4.132195 2.205571
v 0.744324 4.276624 2.205527
v 0.443231 4.151508 1.953067
v 0.500769 4.483736 1.875351
v 0.470518 4.292674 1.925734
v 0.882872 4.577606 2.069372
v 0.622044 4.589827 1.777260
v 0.683909 4.273399 1.184818
v 0.711499 4.484745 1.802291
v 1.037115 4.397741 1.069558
v 1.079581 4.604237 1.741143
v 0.616092 4.649357 1.488697
v 0.625565 4.408831 1.245242
v 0.609274 4.517772 1.338679
v 0.971978 4.564157 1.148047
v 0.984434 4.768015 1.427354
v 0.970959 4.650032 1.266554
v 0.646419 4.637018 1.674423
v 1.014631 4.756093 1.613178
v 0.234781 -0.104549 0.412614
v 0.252355 0.451628 0.396434
v 0.124938 -0.077396 0.314453
v 0.149508 0.476593 0.305220
v 0.269994 -0.080770 0.268794
v 0.285688 0.473430 0.262345
v 0.896873 4.498481 1.751713
v 0.848776 4.499743 1.766572
v 0.885658 4.489767 1.800831
v 0.302313 1.171799 0.449954
v 0.751849 3.929182 1.462373
v 0.355199 1.793735 0.526634
v 0.425564 2.382402 0.662714
v 0.519765 2.925708 0.879786
v 0.631657 3.435342 1.156978
v 0.766195 3.940302 1.399024
v 0.332130 1.191926 0.328791
v 0.648951 3.448543 1.081569
v 0.540191 2.940638 0.792943
v 0.448967 2.399357 0.563908
v 0.381675 1.812531 0.416194
v 0.704358 3.941990 1.418092
v 0.209640 1.194758 0.367285
v 0.574950 3.450524 1.104409
v 0.454059 2.942846 0.819670
v 0.350752 2.401704 0.594681
v 0.271316 1.815132 0.450807
v 0.840848 0.439456 0.390678
v 0.338168 0.809173 0.197488
v 0.754045 0.425886 0.772492
v 0.197912 0.803260 0.563267
v 0.667690 0.892495 0.335378
v 0.837746 0.597090 0.367467
v 0.781265 0.729073 0.351518
v 0.743103 0.619106 0.747116
v 0.527361 0.885689 0.701138
v 0.654987 0.733315 0.722392
v 0.496154 0.928214 0.265620
v 0.355862 0.921855 0.631390
v 0.176590 0.439456 0.915695
v 0.454135 0.809173 0.454199
v -0.184350 0.425886 0.763910
v 0.118268 0.803260 0.252557
v 0.261118 0.892495 0.754770
v 0.199987 0.597090 0.916671
v 0.225502 0.729073 0.863817
v -0.157460 0.619106 0.757541
v -0.074717 0.885689 0.553060
v -0.117810 0.733315 0.675056
v 0.359603 0.928214 0.597954
v 0.023752 0.921855 0.396278
v -0.162889 0.439456 -0.036617
v 0.098005 0.809173 0.434492
v 0.149031 0.425886 -0.273308
v 0.440566 0.803260 0.244444
v -0.065788 0.892495 0.117049
v -0.175433 0.597090 -0.016842
v -0.142417 0.729073 0.031680
v 0.141102 0.619106 -0.246835
v 0.276816 0.885689 -0.072937
v 0.192710 0.733315 -0.171255
v 0.020776 0.928214 0.280747
v 0.363358 0.921855 0.090730
v 0.824342 1.275811 -0.015254
v 0.343654 1.644581 0.228975
v 1.017799 1.211139 0.319249
v 0.487376 1.587181 0.588906
v 0.683507 1.724292 0.116338
v 0.814676 1.434825 -0.011005
v 0.769319 1.565199 0.031531
v 1.002780 1.405360 0.331521
v 0.827116 1.666006 0.476197
v 0.927296 1.517836 0.386934
v 0.512124 1.760952 0.185984
v 0.655790 1.703108 0.545878
v 0.690685 1.181808 0.815516
v 0.602386 1.617686 0.337066
v 0.322014 1.171610 0.947723
v 0.218865 1.622361 0.417012
v 0.667950 1.654567 0.696068
v 0.716847 1.338962 0.819417
v 0.706842 1.477470 0.779678
v 0.347656 1.365104 0.948217
v 0.284360 1.658368 0.775834
v 0.327087 1.490288 0.875243
v 0.636283 1.713731 0.519820
v 0.252727 1.717968 0.599676
v -0.202417 1.285507 0.353176
v 0.327213 1.604729 0.563626
v -0.133716 1.314973 -0.031419
v 0.450363 1.637313 0.193121
v -0.003335 1.719702 0.453807
v -0.189979 1.438769 0.395045
v -0.125967 1.565000 0.423893
v -0.111487 1.502878 0.016489
v 0.119842 1.751395 0.083211
v -0.016457 1.608930 0.050277
v 0.172808 1.738505 0.518511
v 0.295971 1.770644 0.147960
v 0.913849 2.266219 0.123947
v 0.455557 2.593147 0.455288
v 1.094241 2.101269 0.430135
v 0.586290 2.432279 0.787751
v 0.802831 2.673613 0.368878
v 0.915630 2.418765 0.170026
v 0.878853 2.536404 0.245343
v 1.093046 2.285970 0.493236
v 0.933389 2.511921 0.701036
v 1.024633 2.385298 0.576140
v 0.632973 2.703570 0.445148
v 0.763618 2.542290 0.777458
v 0.754349 1.967312 0.899895
v 0.709063 2.519157 0.553316
v 0.382917 1.950740 1.023448
v 0.325125 2.531773 0.630343
v 0.768716 2.455151 0.909526
v 0.791727 2.115437 0.945269
v 0.792713 2.259867 0.943505
v 0.422489 2.134751 1.075136
v 0.384649 2.466978 0.986150
v 0.412753 2.275917 1.037761
v 0.745546 2.560848 0.755066
v 0.361543 2.573070 0.831892
v -0.117842 2.256642 0.478333
v 0.428454 2.467988 0.767458
v -0.038216 2.380984 0.115428
v 0.562268 2.587479 0.419152
v 0.109760 2.632600 0.690790
v -0.095318 2.392074 0.559251
v -0.023023 2.501014 0.620645
v -0.003560 2.547399 0.211357
v 0.243539 2.751257 0.342161
v 0.098087 2.633275 0.272290
v 0.285241 2.620261 0.758765
v 0.419038 2.739335 0.410297
v 1.039965 3.273795 0.688516
v 0.581674 3.600723 1.019857
v 1.220357 3.108845 0.994704
v 0.712407 3.439855 1.352320
v 0.928948 3.681189 0.933446
v 1.041746 3.426341 0.734595
v 1.004969 3.543980 0.809911
v 1.219163 3.293546 1.057805
v 1.059505 3.519497 1.265605
v 1.150749 3.392874 1.140709
v 0.759089 3.711146 1.009717
v 0.889734 3.549866 1.342027
v 0.880465 2.974888 1.464464
v 0.835180 3.526733 1.117885
v 0.509034 2.958316 1.588016
v 0.451241 3.539349 1.194912
v 0.894832 3.462727 1.474095
v 0.917843 3.123013 1.509838
v 0.918829 3.267443 1.508074
v 0.548605 3.142327 1.639705
v 0.510765 3.474554 1.550718
v 0.538869 3.283493 1.602330
v 0.871662 3.568424 1.319635
v 0.487660 3.580646 1.396461
v 0.008274 3.264218 1.042902
v 0.554570 3.475564 1.332027
v 0.087901 3.388559 0.679997
v 0.688385 3.595055 0.983721
v 0.235876 3.640176 1.255359
v 0.030798 3.399650 1.123820
v 0.103093 3.508590 1.185214
v 0.122556 3.554975 0.775926
v 0.369655 3.758833 0.906730
v 0.224203 3.640851 0.836859
v 0.411358 3.627837 1.323334
v 0.545154 3.746911 0.974866
v 1.184579 3.923732 1.047186
v 0.726287 4.250660 1.378527
v 1.364971 3.758782 1.353374
v 0.857020 4.089793 1.710990
v 1.073562 4.331126 1.292116
v 1.186360 4.076278 1.093266
v 1.149583 4.193917 1.168582
v 1.363776 3.943483 1.416475
v 1.204119 4.169435 1.624275
v 1.295363 4.042811 1.499379
v 0.903703 4.361083 1.368387
v 1.034348 4.199804 1.700697
v 1.025079 3.624825 1.823134
v 0.979793 4.176670 1.476555
v 0.653648 3.608253 1.946687
v 0.595855 4.189286 1.553582
v 1.039446 4.112665 1.832765
v 1.062457 3.772950 1.868508
v 1.063443 3.917380 1.866744
v 0.693219 3.792264 1.998375
v 0.655379 4.124491 1.909389
v 0.683483 3.933430 1.961000
v 1.016276 4.218361 1.678305
v 0.632273 4.230583 1.755131
v 0.152888 3.914155 1.401572
v 0.699184 4.125501 1.690697
v 0.232514 4.038496 1.038667
v 0.832999 4.244993 1.342392
v 0.380490 4.290113 1.614029
v 0.175412 4.049587 1.482490
v 0.247707 4.158527 1.543884
v 0.267170 4.204913 1.134596
v 0.514269 4.408771 1.265400
v 0.368817 4.290788 1.195529
v 0.555971 4.277774 1.682003
v 0.689768 4.396848 1.333536
v 1.276901 4.282977 1.316737
v 0.818609 4.609904 1.648078
v 1.457293 4.118026 1.622925
v 0.949342 4.449037 1.980541
v 1.165883 4.690371 1.561668
v 1.278682 4.435523 1.362816
v 1.241905 4.553162 1.438133
v 1.456098 4.302728 1.686026
v 1.296441 4.528679 1.893826
v 1.387684 4.402055 1.768930
v 0.996025 4.720328 1.637938
v 1.126670 4.559048 1.970248
v 1.117401 3.984070 2.092685
v 1.072115 4.535915 1.746105
v 0.745969 3.967497 2.216238
v 0.688177 4.548531 1.823133
v 1.131768 4.471909 2.102316
v 1.154779 4.132195 2.138059
v 1.155765 4.276624 2.136295
v 0.785541 4.151508 2.267926
v 0.747701 4.483736 2.178940
v 0.775805 4.292674 2.230551
v 1.108598 4.577606 1.947856
v 0.724595 4.589827 2.024682
v 0.245210 4.273399 1.671123
v 0.791506 4.484746 1.960248
v 0.324836 4.397741 1.308218
v 0.925321 4.604237 1.611943
v 0.472812 4.649358 1.883580
v 0.267734 4.408831 1.752041
v 0.340029 4.517772 1.813435
v 0.359492 4.564157 1.404147
v 0.606591 4.768015 1.534951
v 0.461138 4.650033 1.465080
v 0.648293 4.637018 1.951555
v 0.782090 4.756093 1.603087
v 1.258905 3.997440 1.962136
v 1.006816 4.543204 1.706610
v 1.020752 3.968045 2.271846
v 0.731205 4.541971 1.985067
v 1.257619 4.485549 1.967982
v 1.309580 4.147390 1.980683
v 1.303914 4.291722 1.980410
v 1.075405 4.154008 2.294838
v 0.981705 4.483518 2.246165
v 1.041090 4.294267 2.270976
v 1.148133 4.588533 1.854080
v 0.872371 4.586901 2.132400
v 0.464943 4.168650 2.201285
v 1.000120 4.469707 1.978461
v 0.212067 4.303826 1.934297
v 0.791865 4.609271 1.677374
v 0.730763 4.578068 2.202617
v 0.528466 4.306120 2.250918
v 0.609168 4.425826 2.246243
v 0.291539 4.473916 1.987697
v 0.522317 4.716803 1.901250
v 0.391910 4.575833 1.956746
v 0.891318 4.595639 2.105251
v 0.682967 4.734787 1.804024
v 0.568309 4.408939 1.224699
v 0.700078 4.599199 1.835550
v 0.933269 4.314747 1.117774
v 1.074227 4.495329 1.783350
v 0.713795 4.774495 1.513643
v 0.592882 4.556876 1.278622
v 0.637791 4.661217 1.367842
v 0.968902 4.493146 1.188498
v 1.087708 4.669775 1.461285
v 1.013695 4.571012 1.304040
v 0.730341 4.756197 1.700613
v 1.104373 4.651903 1.648335
v 1.467696 3.912874 2.317681
v 1.215607 4.458637 2.062155
v 1.229543 3.883478 2.627391
v 0.939996 4.457404 2.340611
v 1.466410 4.400982 2.323527
v 1.518371 4.062823 2.336228
v 1.512705 4.207156 2.335955
v 1.284196 4.069441 2.650383
v 1.190496 4.398951 2.601710
v 1.249881 4.209700 2.626521
v 1.356924 4.503966 2.209624
v 1.081161 4.502334 2.487944
v 0.673734 4.084083 2.556830
v 1.208911 4.385140 2.334006
v 0.420858 4.219260 2.289842
v 1.000656 4.524704 2.032919
v 0.939554 4.493502 2.558162
v 0.737257 4.221554 2.606462
v 0.817959 4.341259 2.601788
v 0.500330 4.389349 2.343242
v 0.731108 4.632236 2.256795
v 0.600701 4.491267 2.312291
v 1.100109 4.511072 2.460796
v 0.891758 4.650221 2.159569
v 0.777100 4.324373 1.580244
v 0.908869 4.514632 2.191095
v 1.142060 4.230181 1.473319
v 1.283018 4.410762 2.138895
v 0.922586 4.689929 1.869188
v 0.801673 4.472310 1.634167
v 0.846582 4.576650 1.723387
v 1.177693 4.408579 1.544043
v 1.296499 4.585209 1.816830
v 1.222486 4.486446 1.659585
v 0.939132 4.671631 2.056158
v 1.313163 4.567336 2.003879
v 1.150962 4.290937 1.680640
v 0.898873 4.836701 1.425114
v 0.912809 4.261542 1.990350
v 0.623262 4.835468 1.703570
v 1.149675 4.779046 1.686486
v 1.201637 4.440887 1.699187
v 1.195971 4.585219 1.698914
v 0.967461 4.447505 2.013342
v 0.873762 4.777015 1.964669
v 0.933147 4.587764 1.989480
v 1.040190 4.882030 1.572583
v 0.764427 4.880398 1.850903
v 0.357000 4.462147 1.919789
v 0.892177 4.763205 1.696965
v 0.104124 4.597324 1.652801
v 0.683922 4.902768 1.395878
v 0.622820 4.871566 1.921121
v 0.420523 4.599617 1.969422
v 0.501225 4.719323 1.964746
v 0.183596 4.767413 1.706201
v 0.414374 5.010300 1.619754
v 0.283967 4.869330 1.675250
v 0.783374 4.889136 1.823755
v 0.575024 5.028285 1.522528
v 0.460366 4.702436 0.943203
v 0.592135 4.892696 1.554054
v 0.825326 4.608244 0.836277
v 0.966283 4.788826 1.501854
v 0.605852 5.067992 1.232147
v 0.484939 4.850373 0.997126
v 0.529848 4.954714 1.086346
v 0.860959 4.786643 0.907002
v 0.979765 4.963273 1.179789
v 0.905752 4.864510 1.022543
v 0.622398 5.049695 1.419117
v 0.996429 4.945400 1.366838
v 1.061170 4.082007 1.623667
v 0.809081 4.627771 1.368141
v 0.823017 4.052612 1.933377
v 0.533470 4.626537 1.646597
v 1.059884 4.570116 1.629512
v 1.111845 4.231957 1.642214
v 1.106179 4.376289 1.641941
v 0.877670 4.238575 1.956369
v 0.783970 4.568084 1.907696
v 0.843355 4.378834 1.932507
v 0.950398 4.673100 1.515610
v 0.674636 4.671468 1.793930
v 0.267208 4.253217 1.862816
v 0.802385 4.554274 1.639991
v 0.014332 4.388393 1.595828
v 0.594130 4.693837 1.338905
v 0.533028 4.662635 1.864148
v 0.330731 4.390687 1.912449
v 0.411433 4.510393 1.907773
v 0.093804 4.558483 1.649228
v 0.324582 4.801369 1.562781
v 0.194175 4.660400 1.618277
v 0.693583 4.680206 1.766782
v 0.485232 4.819355 1.465555
v 0.370574 4.493506 0.886230
v 0.502343 4.683765 1.497080
v 0.735534 4.399314 0.779304
v 0.876492 4.579895 1.444881
v 0.516060 4.859062 1.175174
v 0.395147 4.641443 0.940153
v 0.440056 4.745783 1.029373
v 0.771168 4.577713 0.850029
v 0.889973 4.754343 1.122815
v 0.815960 4.655579 0.965570
v 0.532606 4.840765 1.362144
v 0.906638 4.736470 1.309865
v 1.529234 4.865215 2.135231
v 1.012580 4.412031 1.649797
v 1.340490 4.859669 2.478518
v 0.791037 4.367054 1.969793
v 1.132660 4.998454 1.883712
v 1.428668 4.954882 2.050125
v 1.309280 4.989078 1.976362
v 1.211578 4.964639 2.376241
v 0.911687 4.952872 2.204043
v 1.087698 4.962003 2.298355
v 1.026691 4.875389 1.787836
v 0.805433 4.830110 2.107999
v 0.329525 5.223172 2.379248
v 0.969945 4.513441 2.238762
v 0.117869 5.246843 2.050398
v 0.788792 4.493296 1.891949
v 0.753035 5.301539 2.149500
v 0.462949 5.295909 2.331244
v 0.587954 5.313869 2.261135
v 0.281626 5.331006 1.985606
v 0.571242 5.280869 1.803029
v 0.407451 5.311701 1.913392
v 0.870163 5.161829 2.101246
v 0.688690 5.141421 1.754604
v 0.590246 5.277949 1.490718
v 0.678150 4.535069 1.805235
v 0.911701 5.232184 1.271461
v 0.997850 4.435304 1.601912
v 0.813381 5.140106 1.902417
v 0.656674 5.286148 1.635345
v 0.722649 5.240031 1.755280
v 0.996665 5.235498 1.447154
v 1.132592 5.040189 1.698359
v 1.050131 5.155549 1.557467
v 0.798594 4.965806 1.972895
v 1.118049 4.865965 1.769205
v -1.872293 3.504141 0.892119
v -1.562174 3.772047 0.547750
v -2.069537 3.368971 0.677869
v -1.724156 3.640222 0.303900
v -1.825521 3.837986 0.676772
v -1.881654 3.629148 0.855508
v -1.865157 3.725548 0.788834
v -2.079445 3.520327 0.627109
v -1.987311 3.705485 0.433136
v -2.038908 3.601722 0.548910
v -1.702568 3.862534 0.586421
v -1.864454 3.730372 0.342678
v -1.878109 3.259199 0.242990
v -1.782154 3.711415 0.512861
v -1.601802 3.245618 0.080050
v -1.487816 3.721753 0.385043
v -1.891278 3.658964 0.237747
v -1.915867 3.380581 0.213073
v -1.916353 3.498936 0.214656
v -1.642405 3.396408 0.045452
v -1.596767 3.668656 0.110230
v -1.628170 3.512089 0.073720
v -1.846120 3.745579 0.357506
v -1.551696 3.755594 0.229839
v -1.106751 3.496293 0.430560
v -1.594209 3.669483 0.292982
v -1.108061 3.598187 0.735018
v -1.641446 3.767402 0.595074
v -1.325680 3.804377 0.299533
v -1.138729 3.607275 0.369609
v -1.207221 3.696548 0.332869
v -1.152343 3.734558 0.664129
v -1.372833 3.901613 0.601879
v -1.244271 3.804930 0.632813
v -1.477974 3.794266 0.275289
v -1.525169 3.891843 0.577507
v -0.390348 -0.091271 0.280064
v -0.382287 0.364495 0.297903
v -0.285693 -0.069020 0.219897
v -0.284839 0.384953 0.241389
v -0.287536 -0.071785 0.344501
v -0.286561 0.382361 0.358371
v -1.602609 3.680740 0.450217
v -1.601780 3.681773 0.408974
v -1.637931 3.673599 0.428842
v -0.436790 0.954649 0.322982
v -1.340169 3.214220 0.411923
v -0.510063 1.464302 0.344373
v -0.634049 1.946692 0.364063
v -0.827178 2.391911 0.381433
v -1.071635 2.809537 0.397082
v -1.294583 3.223333 0.439400
v -0.350213 0.971142 0.377385
v -1.017426 2.820355 0.429959
v -0.764882 2.404146 0.419691
v -0.563212 1.960586 0.407718
v -0.430968 1.479704 0.393415
v -1.293489 3.224716 0.386384
v -0.348610 0.973462 0.272182
v -1.016134 2.821978 0.366508
v -0.763488 2.405955 0.345803
v -0.561854 1.962509 0.323388
v -0.429469 1.481835 0.298649
v -0.529387 0.354521 0.757193
v -0.249623 0.657490 0.415902
v -0.804054 0.343400 0.591323
v -0.498049 0.652645 0.212579
v -0.441767 0.725769 0.636731
v -0.510531 0.483696 0.760758
v -0.483576 0.591851 0.720928
v -0.781495 0.501737 0.589347
v -0.690159 0.720192 0.433357
v -0.739565 0.595327 0.527167
v -0.343318 0.755039 0.521256
v -0.591727 0.749828 0.317907
v -0.766722 0.354520 0.105218
v -0.479197 0.657490 0.439996
v -0.555677 0.343400 -0.136474
v -0.235824 0.652645 0.230651
v -0.663306 0.725769 0.212424
v -0.773508 0.483696 0.123168
v -0.738963 0.591851 0.156630
v -0.557648 0.501737 -0.113914
v -0.419888 0.720192 0.003122
v -0.503694 0.595327 -0.061824
v -0.566680 0.755039 0.329430
v -0.323285 0.749828 0.120106
v 0.061550 0.354520 0.086412
v -0.372138 0.657490 0.168027
v 0.165339 0.343400 0.390029
v -0.312527 0.652645 0.483466
v -0.083001 0.725769 0.122370
v 0.049398 0.483696 0.071561
v 0.003147 0.591851 0.084746
v 0.146788 0.501737 0.377041
v -0.023449 0.720192 0.437827
v 0.074699 0.595327 0.397722
v -0.232644 0.755039 0.147548
v -0.173062 0.749828 0.462996
v -0.209348 1.039882 0.848908
v -0.275532 1.342076 0.412060
v -0.519397 0.986886 0.913247
v -0.592552 1.295039 0.431159
v -0.275443 1.407396 0.705454
v -0.210164 1.170188 0.840294
v -0.231571 1.277025 0.794053
v -0.525075 1.146042 0.898402
v -0.592377 1.359632 0.724484
v -0.548741 1.238213 0.825408
v -0.285480 1.437437 0.554191
v -0.602457 1.390036 0.573256
v -0.821205 0.962851 0.530952
v -0.426260 1.320036 0.585495
v -0.829095 0.954494 0.210099
v -0.389669 1.323867 0.266550
v -0.722426 1.350259 0.544032
v -0.830977 1.091632 0.550299
v -0.797486 1.205135 0.552752
v -0.836083 1.113055 0.229919
v -0.685678 1.353373 0.225079
v -0.774016 1.215639 0.232713
v -0.577161 1.398741 0.564792
v -0.540491 1.402214 0.245844
v -0.231501 1.047827 -0.044736
v -0.531632 1.309418 0.313075
v 0.049993 1.071974 0.107767
v -0.275124 1.336119 0.504307
v -0.361062 1.403634 0.084217
v -0.267276 1.173420 -0.045845
v -0.306205 1.276861 -0.003478
v 0.006998 1.225955 0.112721
v -0.104490 1.429605 0.275493
v -0.043764 1.312861 0.177945
v -0.456766 1.419043 0.204578
v -0.200226 1.445379 0.395833
v -0.340691 1.851484 0.882684
v -0.480410 2.119390 0.440822
v -0.625348 1.716314 0.944152
v -0.772716 1.987565 0.456891
v -0.502636 2.185329 0.733234
v -0.376996 1.976490 0.872201
v -0.426115 2.072891 0.824192
v -0.674128 1.867670 0.926970
v -0.794660 2.052828 0.749245
v -0.721000 1.949065 0.852396
v -0.518218 2.209877 0.581451
v -0.810383 2.077715 0.597491
v -0.903243 1.606542 0.558744
v -0.621964 2.058758 0.612783
v -0.903690 1.592961 0.237973
v -0.582996 2.069096 0.294266
v -0.914436 2.006307 0.567440
v -0.948169 1.727924 0.576135
v -0.947050 1.846279 0.577357
v -0.954092 1.743751 0.255443
v -0.875120 2.015999 0.248927
v -0.922509 1.859431 0.257496
v -0.788309 2.092922 0.589200
v -0.749167 2.102937 0.270684
v -0.350648 1.843636 -0.011180
v -0.716276 2.016826 0.339332
v -0.088842 1.945530 0.144237
v -0.479785 2.114745 0.533143
v -0.574548 2.151720 0.111157
v -0.419398 1.954618 -0.014499
v -0.485779 2.043890 0.025928
v -0.172395 2.081901 0.146489
v -0.337796 2.248955 0.305024
v -0.245977 2.152273 0.209868
v -0.672626 2.141608 0.230162
v -0.436004 2.239185 0.424000
v -0.812370 2.677155 0.835379
v -0.952090 2.945060 0.393517
v -1.097027 2.541985 0.896847
v -1.244396 2.813235 0.409586
v -0.974315 3.010999 0.685929
v -0.848676 2.802161 0.824896
v -0.897794 2.898561 0.776887
v -1.145808 2.693341 0.879665
v -1.266339 2.878499 0.701940
v -1.192680 2.774736 0.805091
v -0.989898 3.035548 0.534146
v -1.282063 2.903385 0.550186
v -1.374923 2.432212 0.511439
v -1.093644 2.884429 0.565478
v -1.375369 2.418632 0.190668
v -1.054676 2.894767 0.246961
v -1.386116 2.831978 0.520135
v -1.419848 2.553595 0.528830
v -1.418730 2.671950 0.530051
v -1.425772 2.569422 0.208138
v -1.346800 2.841670 0.201622
v -1.394189 2.685102 0.210191
v -1.259989 2.918593 0.541895
v -1.220847 2.928608 0.223379
v -0.822327 2.669307 -0.058485
v -1.187955 2.842497 0.292027
v -0.560522 2.771200 0.096932
v -0.951464 2.940416 0.485838
v -1.046228 2.977391 0.063852
v -0.891078 2.780288 -0.061804
v -0.957459 2.869561 -0.021377
v -0.644074 2.907572 0.099184
v -0.809475 3.074626 0.257719
v -0.717657 2.977944 0.162563
v -1.144306 2.967279 0.182857
v -0.907684 3.064856 0.376695
v -1.128639 3.209754 0.855497
v -1.268359 3.477659 0.413634
v -1.413296 3.074584 0.916965
v -1.560665 3.345835 0.429703
v -1.290584 3.543599 0.706046
v -1.164945 3.334760 0.845014
v -1.214063 3.431161 0.797005
v -1.462076 3.225940 0.899783
v -1.582608 3.411098 0.722057
v -1.508949 3.307335 0.825208
v -1.306167 3.568147 0.554263
v -1.598332 3.435985 0.570304
v -1.691191 2.964812 0.531557
v -1.409912 3.417027 0.585596
v -1.691638 2.951231 0.210785
v -1.370944 3.427366 0.267078
v -1.702384 3.364578 0.540253
v -1.736117 3.086195 0.548948
v -1.734998 3.204549 0.550169
v -1.742041 3.102021 0.228256
v -1.663069 3.374269 0.221739
v -1.710458 3.217701 0.230309
v -1.576257 3.451192 0.562012
v -1.537115 3.461207 0.243496
v -1.138596 3.201906 -0.038367
v -1.504224 3.375097 0.312145
v -0.876790 3.303799 0.117050
v -1.267733 3.473015 0.505956
v -1.362497 3.509990 0.083970
v -1.207346 3.312887 -0.041687
v -1.273728 3.402160 -0.001259
v -0.960343 3.440171 0.119301
v -1.125744 3.607225 0.277836
v -1.033926 3.510543 0.182681
v -1.460575 3.499878 0.202974
v -1.223953 3.597455 0.396813
v -1.362110 3.504142 0.857889
v -1.501830 3.772047 0.416026
v -1.646767 3.368971 0.919357
v -1.794136 3.640222 0.432096
v -1.524055 3.837986 0.708439
v -1.398416 3.629148 0.847406
v -1.447534 3.725548 0.799397
v -1.695548 3.520327 0.902175
v -1.816079 3.705486 0.724450
v -1.742420 3.601722 0.827601
v -1.539638 3.862535 0.556656
v -1.831803 3.730372 0.572696
v -1.924663 3.259199 0.533949
v -1.643384 3.711415 0.587988
v -1.925109 3.245618 0.213178
v -1.604416 3.721753 0.269470
v -1.935856 3.658965 0.542645
v -1.969588 3.380582 0.551340
v -1.968470 3.498936 0.552561
v -1.975512 3.396408 0.230648
v -1.896540 3.668656 0.224131
v -1.943929 3.512089 0.232701
v -1.809729 3.745579 0.564405
v -1.770587 3.755594 0.245889
v -1.372067 3.496294 -0.035975
v -1.737696 3.669484 0.314537
v -1.110262 3.598187 0.119442
v -1.501204 3.767403 0.508348
v -1.595968 3.804377 0.086362
v -1.440818 3.607275 -0.039294
v -1.507199 3.696548 0.001133
v -1.193814 3.734559 0.121693
v -1.359215 3.901613 0.280229
v -1.267397 3.804930 0.185073
v -1.694046 3.794266 0.205366
v -1.457424 3.891843 0.399205
v -1.859552 3.270155 0.677655
v -1.595840 3.717388 0.547363
v -2.039144 3.246067 0.412617
v -1.741471 3.716378 0.261234
v -1.863768 3.670142 0.675149
v -1.887032 3.393034 0.712300
v -1.885360 3.511308 0.707962
v -2.071107 3.398457 0.449211
v -2.009109 3.668478 0.388855
v -2.043706 3.513394 0.428663
v -1.746960 3.754534 0.619314
v -1.892446 3.753196 0.333103
v -1.841094 3.410455 -0.001590
v -1.805596 3.657160 0.472133
v -1.568263 3.521227 -0.129542
v -1.517732 3.771528 0.387676
v -1.910597 3.745958 0.204857
v -1.896067 3.523107 0.035043
v -1.913216 3.621202 0.099027
v -1.630274 3.660609 -0.081473
v -1.622465 3.859646 0.120322
v -1.632048 3.744127 0.004581
v -1.876206 3.760357 0.354835
v -1.588208 3.874384 0.270339
v -1.108001 3.607363 0.330359
v -1.617140 3.763274 0.275530
v -1.118822 3.530177 0.641814
v -1.672901 3.678157 0.580037
v -1.370252 3.906923 0.369114
v -1.156278 3.728592 0.335586
v -1.237253 3.814095 0.347542
v -1.183019 3.676368 0.651318
v -1.425829 3.821109 0.673479
v -1.284440 3.740176 0.656403
v -1.519964 3.891928 0.333829
v -1.575633 3.806463 0.638265
v -2.189919 3.200856 0.748503
v -1.926208 3.648089 0.618211
v -2.369512 3.176768 0.483465
v -2.071839 3.647079 0.332082
v -2.194135 3.600843 0.745997
v -2.217400 3.323734 0.783148
v -2.215728 3.442009 0.778810
v -2.401475 3.329158 0.520059
v -2.339477 3.599179 0.459703
v -2.374074 3.444094 0.499511
v -2.077327 3.685235 0.690162
v -2.222813 3.683897 0.403951
v -2.171461 3.341156 0.069258
v -2.135964 3.587861 0.542981
v -1.898631 3.451928 -0.058695
v -1.848099 3.702228 0.458524
v -2.240964 3.676659 0.275705
v -2.226434 3.453808 0.105891
v -2.243583 3.551902 0.169875
v -1.960641 3.591310 -0.010625
v -1.952833 3.790347 0.191170
v -1.962416 3.674828 0.075429
v -2.206573 3.691057 0.425683
v -1.918576 3.805085 0.341187
v -1.438368 3.538064 0.401207
v -1.947508 3.693974 0.346378
v -1.449190 3.460877 0.712662
v -2.003269 3.608857 0.650885
v -1.700619 3.837624 0.439962
v -1.486646 3.659293 0.406434
v -1.567620 3.744796 0.418390
v -1.513386 3.607069 0.722166
v -1.756196 3.751810 0.744327
v -1.614807 3.670877 0.727251
v -1.850331 3.822630 0.404677
v -1.906000 3.737164 0.709113
v -1.612764 3.510665 0.666187
v -1.349053 3.957898 0.535895
v -1.792357 3.486577 0.401149
v -1.494684 3.956888 0.249766
v -1.616981 3.910652 0.663681
v -1.640245 3.633544 0.700832
v -1.638573 3.751818 0.696494
v -1.824320 3.638967 0.437743
v -1.762321 3.908988 0.377388
v -1.796919 3.753903 0.417195
v -1.500172 3.995044 0.607846
v -1.645658 3.993706 0.321635
v -1.594306 3.650965 -0.013058
v -1.558809 3.897671 0.460665
v -1.321476 3.761738 -0.141010
v -1.270944 4.012037 0.376208
v -1.663809 3.986469 0.193389
v -1.649279 3.763617 0.023575
v -1.666428 3.861712 0.087559
v -1.383486 3.901119 -0.092941
v -1.375678 4.100156 0.108854
v -1.385261 3.984637 -0.006887
v -1.629419 4.000867 0.343367
v -1.341421 4.114894 0.258871
v -0.861213 3.847873 0.318891
v -1.370353 4.003784 0.264062
v -0.872035 3.770687 0.630346
v -1.426114 3.918666 0.568570
v -1.123464 4.147433 0.357646
v -0.909491 3.969102 0.324118
v -0.990465 4.054605 0.336074
v -0.936231 3.916878 0.639850
v -1.179041 4.061619 0.662011
v -1.037652 3.980686 0.644935
v -1.273176 4.132439 0.322361
v -1.328845 4.046973 0.626797
v -1.545316 3.339455 0.611010
v -1.281604 3.786688 0.480717
v -1.724908 3.315367 0.345972
v -1.427235 3.785677 0.194589
v -1.549532 3.739441 0.608503
v -1.572796 3.462333 0.645654
v -1.571124 3.580608 0.641317
v -1.756871 3.467756 0.382566
v -1.694873 3.737777 0.322210
v -1.729470 3.582693 0.362017
v -1.432724 3.823833 0.552669
v -1.578210 3.822496 0.266458
v -1.526857 3.479755 -0.068236
v -1.491360 3.726460 0.405488
v -1.254027 3.590527 -0.196188
v -1.203496 3.840827 0.321030
v -1.596361 3.815258 0.138212
v -1.581830 3.592407 -0.031603
v -1.598980 3.690501 0.032382
v -1.316037 3.729909 -0.148119
v -1.308229 3.928945 0.053677
v -1.317812 3.813426 -0.062065
v -1.561970 3.829656 0.288190
v -1.273972 3.943683 0.203694
v -0.793764 3.676663 0.263714
v -1.302904 3.832573 0.208885
v -0.804586 3.599476 0.575168
v -1.358665 3.747456 0.513392
v -1.056015 3.976223 0.302469
v -0.842042 3.797891 0.268941
v -0.923016 3.883394 0.280897
v -0.868783 3.745667 0.584672
v -1.111593 3.890409 0.606834
v -0.970203 3.809475 0.589758
v -1.205728 3.961228 0.267183
v -1.261397 3.875762 0.571619
v -2.063836 3.981264 0.843369
v -1.553128 3.609897 0.566480
v -2.282276 3.976720 0.608119
v -1.745000 3.573040 0.311714
v -1.766026 4.090448 0.599645
v -1.971727 4.054743 0.787056
v -1.883593 4.082765 0.713179
v -2.169507 4.062738 0.534178
v -1.958306 4.053096 0.345236
v -2.077009 4.060578 0.457869
v -1.664147 3.989602 0.541903
v -1.856223 3.952497 0.287315
v -1.944657 4.274596 -0.152773
v -2.000321 3.692998 0.381614
v -1.634319 4.293994 -0.232727
v -1.683865 3.676490 0.330018
v -1.875012 4.338815 0.235864
v -1.941679 4.334202 -0.036615
v -1.919337 4.348920 0.078688
v -1.626094 4.362962 -0.088646
v -1.558657 4.321877 0.183681
v -1.602325 4.347143 0.027837
v -1.867642 4.224328 0.339411
v -1.551237 4.207605 0.287520
v -1.320595 4.319484 0.278907
v -1.587909 3.710722 0.266280
v -1.232826 4.281982 0.585450
v -1.512083 3.628968 0.567354
v -1.698341 4.206527 0.346450
v -1.450215 4.326203 0.293331
v -1.560509 4.288412 0.313765
v -1.391386 4.284698 0.606293
v -1.621817 4.124649 0.647333
v -1.490973 4.219182 0.619473
v -1.749360 4.063695 0.316793
v -1.673185 3.981879 0.617772
v 0.119279 3.504141 2.308211
v -0.102323 3.772047 1.901201
v -0.148380 3.368971 2.422955
v -0.386168 3.640222 1.972847
v -0.068246 3.837986 2.192470
v 0.081639 3.629148 2.304861
v 0.024250 3.725548 2.267125
v -0.199545 3.520327 2.415415
v -0.351826 3.705485 2.264005
v -0.259808 3.601722 2.351174
v -0.112554 3.862534 2.046464
v -0.396266 3.730372 2.118054
v -0.494820 3.259199 2.097771
v -0.208398 3.711415 2.097050
v -0.556571 3.245618 1.783000
v -0.231031 3.721753 1.776956
v -0.504144 3.658964 2.108447
v -0.535593 3.380581 2.123429
v -0.534262 3.498936 2.124414
v -0.602705 3.396408 1.809782
v -0.526435 3.668656 1.788291
v -0.571313 3.512089 1.805760
v -0.376184 3.745579 2.105696
v -0.398646 3.755594 1.785572
v -0.061350 3.496293 1.432731
v -0.353239 3.669483 1.846667
v 0.225335 3.598187 1.535240
v -0.084063 3.767402 1.991701
v -0.257739 3.804377 1.595609
v -0.129467 3.607275 1.442614
v -0.186897 3.696548 1.494984
v 0.143753 3.734558 1.553421
v 0.011705 3.901613 1.740648
v 0.083642 3.804930 1.629696
v -0.331261 3.794266 1.731166
v -0.061951 3.891843 1.876203
v 0.035026 -0.091271 0.707063
v 0.054530 0.364495 0.705395
v 0.013096 -0.069020 0.588354
v 0.033649 0.384953 0.594698
v 0.129992 -0.071785 0.631539
v 0.143396 0.382361 0.635234
v -0.207752 3.680740 1.906891
v -0.246371 3.681773 1.892390
v -0.239659 3.673599 1.933092
v 0.060051 0.954649 0.765137
v -0.156568 3.214220 1.646657
v 0.055851 1.464302 0.841353
v 0.033178 1.946692 0.964827
v -0.014683 2.391911 1.152737
v -0.081241 2.809537 1.388479
v -0.115493 3.223333 1.612808
v 0.140155 0.971142 0.701587
v -0.032204 2.820355 1.348293
v 0.042119 2.404146 1.106714
v 0.097909 1.960586 0.912546
v 0.128410 1.479704 0.783075
v -0.165126 3.224716 1.594141
v 0.041475 0.973462 0.665080
v -0.091612 2.821978 1.325968
v -0.027099 2.405955 1.080822
v 0.018833 1.962509 0.883214
v 0.039539 1.481835 0.750139
v 0.438735 0.354521 0.996894
v 0.209938 0.657490 0.619537
v 0.190946 0.343400 1.200747
v -0.064441 0.652645 0.786183
v 0.354278 0.725769 0.874195
v 0.448369 0.483696 0.980299
v 0.419773 0.591851 0.941630
v 0.196587 0.501737 1.178815
v 0.079861 0.720192 1.040792
v 0.151895 0.595327 1.118590
v 0.278126 0.755039 0.742941
v 0.003728 0.749828 0.909563
v -0.255059 0.354520 1.003845
v 0.156296 0.657490 0.844052
v -0.412787 0.343400 0.724422
v 0.039826 0.652645 0.544902
v -0.119558 0.725769 0.941978
v -0.240389 0.483696 1.016215
v -0.197341 0.591851 0.994768
v -0.392168 0.501737 0.733786
v -0.235973 0.720192 0.642800
v -0.325097 0.595327 0.700230
v 0.022926 0.755039 0.889775
v -0.093516 0.749828 0.590611
v 0.002718 0.354520 0.216482
v -0.064574 0.657490 0.652623
v 0.323569 0.343400 0.219598
v 0.252731 0.652645 0.701332
v -0.011454 0.725769 0.364763
v -0.015330 0.483696 0.223003
v -0.018280 0.591851 0.271006
v 0.305151 0.501737 0.232773
v 0.305849 0.720192 0.413535
v 0.300675 0.595327 0.307636
v -0.037487 0.755039 0.514260
v 0.279817 0.749828 0.563000
v 0.631683 1.039882 0.725587
v 0.197696 1.342076 0.642691
v 0.589225 0.986886 1.039383
v 0.110256 1.295039 0.948012
v 0.474413 1.407396 0.740201
v 0.623289 1.170188 0.723492
v 0.572560 1.277025 0.728299
v 0.573337 1.146042 1.039799
v 0.386935 1.359632 1.045418
v 0.496628 1.238213 1.037837
v 0.328425 1.437437 0.699351
v 0.240967 1.390036 1.004619
v 0.128308 0.962851 1.196839
v 0.311118 1.320036 0.842528
v -0.176899 0.954494 1.097552
v 0.022507 1.323867 0.701928
v 0.173500 1.350259 1.108036
v 0.143303 1.091632 1.212491
v 0.156756 1.205135 1.181723
v -0.160532 1.113055 1.110736
v -0.115066 1.353373 0.967286
v -0.137251 1.215639 1.053133
v 0.241399 1.398741 0.977949
v -0.047189 1.402214 0.837274
v -0.218441 1.047827 0.449221
v 0.019160 1.309418 0.851282
v 0.019013 1.071974 0.234485
v 0.284826 1.336119 0.672992
v -0.139928 1.403634 0.614299
v -0.231386 1.173420 0.482590
v -0.204382 1.276861 0.533395
v 0.009383 1.225955 0.276680
v 0.125802 1.429605 0.435963
v 0.054008 1.312861 0.346247
v -0.058255 1.419043 0.744590
v 0.207443 1.445379 0.566276
v 0.619847 1.851484 0.860686
v 0.156671 2.119390 0.845470
v 0.583128 1.716314 1.149580
v 0.074594 1.987565 1.126477
v 0.425039 2.185329 0.963697
v 0.597885 1.976490 0.891438
v 0.536271 2.072891 0.921789
v 0.550698 1.867670 1.189867
v 0.343000 2.052828 1.244418
v 0.464779 1.949065 1.209264
v 0.276716 2.209877 0.927904
v 0.194658 2.077715 1.208767
v 0.127229 1.606542 1.283451
v 0.271754 2.058758 1.036164
v -0.175425 1.592961 1.177172
v -0.015663 2.069096 0.893465
v 0.131707 2.006307 1.296899
v 0.128686 1.727924 1.331602
v 0.130210 1.846279 1.330954
v -0.175715 1.743751 1.230515
v -0.155592 2.015999 1.153873
v -0.163273 1.859431 1.201414
v 0.194181 2.092922 1.185192
v -0.093177 2.102937 1.042329
v -0.226428 1.843636 0.572746
v -0.017497 2.016826 1.034146
v 0.007225 1.945530 0.377546
v 0.243943 2.114745 0.875590
v -0.185535 2.151720 0.824590
v -0.252427 1.954618 0.636477
v -0.236383 2.043890 0.712526
v -0.018445 2.081901 0.457089
v 0.076044 2.248955 0.665806
v 0.016850 2.152273 0.547564
v -0.105931 2.141608 0.956668
v 0.155578 2.239185 0.797998
v 0.418339 2.677155 1.289771
v -0.044838 2.945060 1.274555
v 0.381619 2.541985 1.578665
v -0.126915 2.813235 1.555561
v 0.223530 3.010999 1.392781
v 0.396376 2.802161 1.320522
v 0.334762 2.898561 1.350874
v 0.349190 2.693341 1.618952
v 0.141492 2.878499 1.673502
v 0.263270 2.774736 1.638349
v 0.075207 3.035548 1.356988
v -0.006851 2.903385 1.637852
v -0.074279 2.432212 1.712535
v 0.070246 2.884429 1.465249
v -0.376933 2.418632 1.606256
v -0.217172 2.894767 1.322549
v -0.069802 2.831978 1.725983
v -0.072823 2.553595 1.760687
v -0.071299 2.671950 1.760039
v -0.377223 2.569422 1.659600
v -0.357100 2.841670 1.582958
v -0.364782 2.685102 1.630499
v -0.007327 2.918593 1.614277
v -0.294685 2.928608 1.471414
v -0.427937 2.669307 1.001830
v -0.219005 2.842497 1.463231
v -0.194284 2.771200 0.806630
v 0.042434 2.940416 1.304675
v -0.387044 2.977391 1.253675
v -0.453936 2.780288 1.065561
v -0.437891 2.869561 1.141610
v -0.219953 2.907572 0.886174
v -0.125464 3.074626 1.094891
v -0.184659 2.977944 0.976649
v -0.307440 2.967279 1.385752
v -0.045930 3.064856 1.227082
v 0.332108 3.209754 1.594722
v -0.131068 3.477659 1.579506
v 0.295389 3.074584 1.883615
v -0.213145 3.345835 1.860512
v 0.137300 3.543599 1.697732
v 0.310146 3.334760 1.625473
v 0.248532 3.431161 1.655825
v 0.262960 3.225940 1.923903
v 0.055262 3.411098 1.978453
v 0.177040 3.307335 1.943300
v -0.011023 3.568147 1.661939
v -0.093081 3.435985 1.942802
v -0.160510 2.964812 2.017486
v -0.015985 3.417027 1.770200
v -0.463163 2.951231 1.911207
v -0.303402 3.427366 1.627500
v -0.156032 3.364578 2.030934
v -0.159053 3.086195 2.065638
v -0.157529 3.204549 2.064989
v -0.463454 3.102021 1.964551
v -0.443331 3.374269 1.887908
v -0.451012 3.217701 1.935449
v -0.093558 3.451192 1.919227
v -0.380916 3.461207 1.776365
v -0.514167 3.201906 1.306781
v -0.305236 3.375097 1.768181
v -0.280514 3.303799 1.111581
v -0.043796 3.473015 1.609626
v -0.473274 3.509990 1.558625
v -0.540166 3.312887 1.370512
v -0.524122 3.402160 1.446561
v -0.306184 3.440171 1.191125
v -0.211695 3.607225 1.399841
v -0.270889 3.510543 1.281599
v -0.393670 3.499878 1.690703
v -0.132161 3.597455 1.532033
v 0.256704 3.504142 1.815694
v -0.206473 3.772047 1.800478
v 0.219984 3.368971 2.104588
v -0.288550 3.640222 2.081484
v 0.061895 3.837986 1.918705
v 0.234741 3.629148 1.846445
v 0.173127 3.725548 1.876797
v 0.187555 3.520327 2.144875
v -0.020143 3.705486 2.199425
v 0.101635 3.601722 2.164272
v -0.086428 3.862535 1.882911
v -0.168486 3.730372 2.163774
v -0.235914 3.259199 2.238458
v -0.091389 3.711415 1.991172
v -0.538568 3.245618 2.132179
v -0.378807 3.721753 1.848472
v -0.231437 3.658965 2.251906
v -0.234458 3.380582 2.286610
v -0.232934 3.498936 2.285962
v -0.538858 3.396408 2.185523
v -0.518735 3.668656 2.108881
v -0.526417 3.512089 2.156421
v -0.168962 3.745579 2.140199
v -0.456320 3.755594 1.997337
v -0.589572 3.496294 1.527753
v -0.380641 3.669484 1.989153
v -0.355919 3.598187 1.332553
v -0.119201 3.767403 1.830597
v -0.548679 3.804377 1.779598
v -0.615571 3.607275 1.591484
v -0.599526 3.696548 1.667533
v -0.381588 3.734559 1.412097
v -0.287099 3.901613 1.620813
v -0.346294 3.804930 1.502572
v -0.469075 3.794266 1.911675
v -0.207565 3.891843 1.753005
v -0.078734 3.270155 2.224857
v -0.113887 3.717388 1.932822
v -0.388418 3.246067 2.306061
v -0.432164 3.716378 1.974984
v -0.082500 3.670142 2.227999
v -0.055203 3.393034 2.262296
v -0.058737 3.511308 2.259277
v -0.364540 3.398457 2.348377
v -0.400836 3.668478 2.269832
v -0.374804 3.513394 2.315701
v -0.096300 3.754534 2.099270
v -0.414607 3.753196 2.141268
v -0.713160 3.410455 1.981509
v -0.254605 3.657160 2.105610
v -0.743073 3.521227 1.681653
v -0.238499 3.771528 1.806044
v -0.541588 3.745958 2.115726
v -0.696899 3.523107 2.045536
v -0.642263 3.621202 2.082993
v -0.718368 3.660609 1.756121
v -0.525466 3.859646 1.815882
v -0.637804 3.744127 1.786420
v -0.388711 3.760357 2.133182
v -0.372597 3.874384 1.833477
v -0.156260 3.607363 1.400579
v -0.377325 3.763274 1.862488
v 0.133859 3.530177 1.514386
v -0.108706 3.678157 2.016364
v -0.206946 3.906923 1.660788
v -0.167390 3.728592 1.447847
v -0.183049 3.814095 1.528187
v 0.121468 3.676368 1.578088
v 0.061600 3.821109 1.814443
v 0.092528 3.740176 1.675425
v -0.290022 3.891928 1.790237
v -0.021439 3.806463 1.944003
v -0.121812 3.200856 2.559978
v -0.156965 3.648089 2.267943
v -0.431497 3.176768 2.641183
v -0.475242 3.647079 2.310105
v -0.125578 3.600843 2.563120
v -0.098281 3.323734 2.597418
v -0.101816 3.442009 2.594398
v -0.407618 3.329158 2.683498
v -0.443914 3.599179 2.604954
v -0.417882 3.444094 2.650822
v -0.139379 3.685235 2.434391
v -0.457685 3.683897 2.476389
v -0.756238 3.341156 2.316630
v -0.297683 3.587861 2.440731
v -0.786151 3.451928 2.016774
v -0.281577 3.702228 2.141165
v -0.584667 3.676659 2.450847
v -0.739977 3.453808 2.380658
v -0.685341 3.551902 2.418114
v -0.761446 3.591310 2.091243
v -0.568544 3.790347 2.151004
v -0.680883 3.674828 2.121541
v -0.431789 3.691057 2.468303
v -0.415675 3.805085 2.168598
v -0.199339 3.538064 1.735701
v -0.420403 3.693974 2.197609
v 0.090780 3.460877 1.849507
v -0.151784 3.608857 2.351485
v -0.250025 3.837624 1.995909
v -0.210468 3.659293 1.782968
v -0.226128 3.744796 1.863308
v 0.078389 3.607069 1.913209
v 0.018521 3.751810 2.149564
v 0.049449 3.670877 2.010546
v -0.333100 3.822630 2.125359
v -0.064518 3.737164 2.279124
v -0.007458 3.510665 1.988308
v -0.042611 3.957898 1.696273
v -0.317143 3.486577 2.069512
v -0.360888 3.956888 1.738435
v -0.011224 3.910652 1.991450
v 0.016073 3.633544 2.025747
v 0.012538 3.751818 2.022728
v -0.293265 3.638967 2.111827
v -0.329560 3.908988 2.033283
v -0.303528 3.753903 2.079152
v -0.025025 3.995044 1.862721
v -0.343331 3.993706 1.904719
v -0.641884 3.650965 1.744960
v -0.183329 3.897671 1.869061
v -0.671797 3.761738 1.445104
v -0.167224 4.012037 1.569495
v -0.470313 3.986469 1.879176
v -0.625623 3.763617 1.808987
v -0.570987 3.861712 1.846443
v -0.647092 3.901119 1.519572
v -0.454190 4.100156 1.579333
v -0.566529 3.984637 1.549871
v -0.317435 4.000867 1.896632
v -0.301321 4.114894 1.596928
v -0.084985 3.847873 1.164030
v -0.306049 4.003784 1.625939
v 0.205134 3.770687 1.277837
v -0.037431 3.918666 1.779815
v -0.135671 4.147433 1.424239
v -0.096114 3.969102 1.211298
v -0.111774 4.054605 1.291638
v 0.192743 3.916878 1.341539
v 0.132875 4.061619 1.577894
v 0.163803 3.980686 1.438876
v -0.218746 4.132439 1.553689
v 0.049836 4.046973 1.707453
v -0.037058 3.339455 1.906346
v -0.072211 3.786688 1.614311
v -0.346742 3.315367 1.987550
v -0.390488 3.785677 1.656473
v -0.040824 3.739441 1.909488
v -0.013527 3.462333 1.943785
v -0.017061 3.580608 1.940766
v -0.322864 3.467756 2.029866
v -0.359160 3.737777 1.951322
v -0.333128 3.582693 1.997190
v -0.054624 3.823833 1.780759
v -0.372931 3.822496 1.822757
v -0.671484 3.479755 1.662998
v -0.212929 3.726460 1.787099
v -0.701397 3.590527 1.363142
v -0.196823 3.840827 1.487533
v -0.499912 3.815258 1.797215
v -0.655223 3.592407 1.727026
v -0.600587 3.690501 1.764482
v -0.676692 3.729909 1.437611
v -0.483790 3.928945 1.497371
v -0.596129 3.813426 1.467909
v -0.347035 3.829656 1.814671
v -0.330921 3.943683 1.514966
v -0.114584 3.676663 1.082068
v -0.335649 3.832573 1.543977
v 0.175535 3.599476 1.195875
v -0.067030 3.747456 1.697853
v -0.165270 3.976223 1.342277
v -0.125714 3.797891 1.129336
v -0.141374 3.883394 1.209676
v 0.163143 3.745667 1.259577
v 0.103276 3.890409 1.495932
v 0.134204 3.809475 1.356914
v -0.248346 3.961228 1.471727
v 0.020236 3.875762 1.625492
v 0.009591 3.981264 2.472631
v -0.081651 3.609897 1.898901
v -0.284923 3.976720 2.600379
v -0.385733 3.573040 1.995103
v -0.121192 4.090448 2.110708
v -0.012876 4.054743 2.367034
v -0.053229 4.082765 2.259346
v -0.317143 4.062738 2.469436
v -0.425073 4.053096 2.207413
v -0.358339 4.060578 2.356822
v -0.141757 3.989602 1.995423
v -0.445739 3.952497 2.091877
v -0.890183 4.274596 2.028886
v -0.404741 3.692998 2.259136
v -0.862354 4.293994 1.709624
v -0.348136 3.676490 1.943537
v -0.500510 4.338815 2.092481
v -0.779648 4.334202 2.064716
v -0.663480 4.348920 2.082000
v -0.723742 4.362962 1.749794
v -0.444490 4.321877 1.776783
v -0.605985 4.347143 1.766125
v -0.400408 4.224328 2.119974
v -0.344096 4.207605 1.804326
v -0.275500 4.319484 1.583953
v -0.376325 3.710722 1.831845
v 0.042783 4.281982 1.603148
v -0.067173 3.628968 1.860484
v -0.337454 4.206527 1.962656
v -0.305012 4.326203 1.710989
v -0.322430 4.288412 1.821800
v 0.009697 4.284698 1.759613
v -0.028250 4.124649 1.990573
v -0.011000 4.219182 1.857913
v -0.382393 4.063695 2.000904
v -0.073214 3.981879 2.029183
v 1.995361 3.504141 -0.310836
v 1.690723 3.772047 0.038391
v 2.195966 3.368971 -0.099731
v 1.856540 3.640222 0.279650
v 1.951999 3.837986 -0.094778
v 2.005300 3.629148 -0.274378
v 1.989859 3.725548 -0.207452
v 2.206675 3.520327 -0.049134
v 2.117619 3.705485 0.146271
v 2.167380 3.601722 0.029696
v 1.830489 3.862534 -0.002494
v 1.996207 3.730372 0.238659
v 2.011436 3.259199 0.338120
v 1.911227 3.711415 0.069798
v 1.737739 3.245618 0.505406
v 1.618947 3.721753 0.202253
v 2.024686 3.658964 0.343153
v 2.049663 3.380581 0.367436
v 2.050123 3.498936 0.365845
v 1.778884 3.396408 0.539358
v 1.732228 3.668656 0.475309
v 1.764204 3.512089 0.511319
v 1.977641 3.745579 0.224123
v 1.685272 3.755594 0.356428
v 1.237210 3.496293 0.162765
v 1.726781 3.669483 0.292621
v 1.233707 3.598187 -0.141676
v 1.769237 3.767402 -0.010180
v 1.458182 3.804377 0.290315
v 1.270147 3.607275 0.223203
v 1.339211 3.696548 0.258855
v 1.279104 3.734558 -0.071496
v 1.500551 3.901613 -0.012738
v 1.371515 3.804930 -0.041637
v 1.610841 3.794266 0.312149
v 1.653253 3.891843 0.009223
v 0.523275 -0.091271 0.324565
v 0.514934 0.364495 0.306856
v 0.419585 -0.069020 0.386379
v 0.418390 0.384953 0.364903
v 0.419457 -0.071785 0.261762
v 0.418263 0.382361 0.247909
v 1.732695 3.680740 0.135273
v 1.732518 3.681773 0.176524
v 1.768350 3.673599 0.156087
v 0.569033 0.954649 0.280919
v 1.470893 3.214220 0.177710
v 0.641959 1.464302 0.258372
v 0.765618 1.946692 0.236725
v 0.958449 2.391911 0.216304
v 1.202627 2.809537 0.196794
v 1.424878 3.223333 0.150957
v 0.481607 0.971142 0.227890
v 1.147905 2.820355 0.164778
v 0.895555 2.404146 0.179036
v 0.694100 1.960586 0.194195
v 0.562099 1.479704 0.210586
v 1.424623 3.224716 0.203984
v 0.481667 0.973462 0.333107
v 1.147617 2.821978 0.228241
v 0.895330 2.405955 0.252936
v 0.694075 1.962509 0.278536
v 0.562098 1.481835 0.305365
v 0.654755 0.354521 -0.154701
v 0.380421 0.657490 0.190968
v 0.932010 0.343400 0.006806
v 0.632029 0.652645 0.390339
v 0.569051 0.725769 -0.032870
v 0.635845 0.483696 -0.157968
v 0.609524 0.591851 -0.117717
v 0.909485 0.501737 0.009138
v 0.820626 0.720192 0.166553
v 0.868543 0.595327 0.071974
v 0.472439 0.755039 0.084147
v 0.724031 0.749828 0.283544
v 0.902366 0.354520 0.493440
v 0.609585 0.657490 0.163249
v 0.695167 0.343400 0.738438
v 0.369552 0.652645 0.376415
v 0.797268 0.725769 0.387882
v 0.908867 0.483696 0.475385
v 0.873797 0.591851 0.442474
v 0.696782 0.501737 0.715850
v 0.557189 0.720192 0.601006
v 0.642010 0.595327 0.664619
v 0.698805 0.755039 0.272419
v 0.458749 0.749828 0.485563
v 0.074494 0.354520 0.525336
v 0.506839 0.657490 0.436876
v -0.034080 0.343400 0.223398
v 0.442249 0.652645 0.122418
v 0.218459 0.725769 0.487097
v 0.086880 0.483696 0.539993
v 0.132917 0.591851 0.526078
v -0.015326 0.501737 0.236090
v 0.153928 0.720192 0.172621
v 0.056427 0.595327 0.214272
v 0.367685 0.755039 0.459558
v 0.303125 0.749828 0.145091
v 0.333306 1.039882 -0.241346
v 0.406387 1.342076 0.194401
v 0.642300 0.986886 -0.310578
v 0.723065 1.295039 0.170293
v 0.401661 1.407396 -0.098955
v 0.334258 1.170188 -0.232747
v 0.356394 1.277025 -0.186850
v 0.648212 1.146042 -0.295825
v 0.718255 1.359632 -0.122992
v 0.673028 1.238213 -0.223214
v 0.414087 1.437437 0.052130
v 0.730723 1.390036 0.028058
v 0.950112 0.962851 0.066899
v 0.554355 1.320036 0.018605
v 0.963073 0.954494 0.387587
v 0.522810 1.323867 0.338088
v 0.851140 1.350259 0.055382
v 0.959578 1.091632 0.047399
v 0.926052 1.205135 0.045476
v 0.969747 1.113055 0.367659
v 0.819438 1.353373 0.374875
v 0.907644 1.215639 0.365846
v 0.705564 1.398741 0.036920
v 0.673941 1.402214 0.356408
v 0.369581 1.047827 0.651836
v 0.664020 1.309418 0.289326
v 0.085713 1.071974 0.503800
v 0.404522 1.336119 0.102172
v 0.497088 1.403634 0.520851
v 0.405369 1.173420 0.652378
v 0.443624 1.276861 0.609402
v 0.128624 1.225955 0.498168
v 0.237525 1.429605 0.333654
v 0.178348 1.312861 0.432149
v 0.590878 1.419043 0.398992
v 0.331347 1.445379 0.211816
v 0.464099 1.851484 -0.277195
v 0.610785 2.119390 0.162404
v 0.747749 1.716314 -0.343154
v 0.902801 1.987565 0.141717
v 0.628386 2.185329 -0.130323
v 0.500566 1.976490 -0.267287
v 0.550437 2.072891 -0.220060
v 0.796795 1.867670 -0.326745
v 0.920120 2.052828 -0.150947
v 0.844840 1.949065 -0.252921
v 0.646366 2.209877 0.021195
v 0.938241 2.077715 0.000539
v 1.031701 1.606542 0.037813
v 0.749603 2.058758 -0.011773
v 1.037218 1.592961 0.358537
v 0.715675 2.069096 0.307321
v 1.042755 2.006307 0.028941
v 1.076346 1.727924 0.019715
v 1.075209 1.846279 0.018511
v 1.087338 1.743751 0.340272
v 1.008479 2.015999 0.348037
v 1.055727 1.859431 0.338719
v 0.916300 2.092922 0.009178
v 0.882198 2.102937 0.328273
v 0.488183 1.843636 0.616400
v 0.848225 2.016826 0.260153
v 0.223954 1.945530 0.465141
v 0.608700 2.114745 0.070104
v 0.710122 2.151720 0.490540
v 0.556977 1.954618 0.618633
v 0.622712 2.043890 0.577161
v 0.307460 2.081901 0.461569
v 0.470335 2.248955 0.300439
v 0.380032 2.152273 0.397034
v 0.806307 2.141608 0.370000
v 0.566651 2.239185 0.179925
v 0.936467 2.677155 -0.237351
v 1.083153 2.945060 0.202248
v 1.220117 2.541985 -0.303310
v 1.375169 2.813235 0.181561
v 1.100754 3.010999 -0.090479
v 0.972934 2.802161 -0.227443
v 1.022805 2.898561 -0.180216
v 1.269163 2.693341 -0.286902
v 1.392489 2.878499 -0.111104
v 1.317208 2.774736 -0.213077
v 1.118734 3.035548 0.061039
v 1.410609 2.903385 0.040383
v 1.504069 2.432212 0.077657
v 1.221972 2.884429 0.028071
v 1.509586 2.418632 0.398381
v 1.188043 2.894767 0.347164
v 1.515124 2.831978 0.068785
v 1.548714 2.553595 0.059558
v 1.547577 2.671950 0.058355
v 1.559706 2.569422 0.380116
v 1.480847 2.841670 0.387881
v 1.528095 2.685102 0.378563
v 1.388669 2.918593 0.049022
v 1.354566 2.928608 0.368117
v 0.960552 2.669307 0.656244
v 1.320594 2.842497 0.299997
v 0.696322 2.771200 0.504985
v 1.081069 2.940416 0.109948
v 1.182491 2.977391 0.530384
v 1.029346 2.780288 0.658476
v 1.095080 2.869561 0.617005
v 0.779829 2.907572 0.501413
v 0.942703 3.074626 0.340283
v 0.852400 2.977944 0.436878
v 1.278675 2.967279 0.409844
v 1.039019 3.064856 0.219769
v 1.252379 3.209754 -0.262465
v 1.399065 3.477659 0.177134
v 1.536028 3.074584 -0.328424
v 1.691080 3.345835 0.156447
v 1.416665 3.543599 -0.115593
v 1.288845 3.334760 -0.252557
v 1.338716 3.431161 -0.205330
v 1.585074 3.225940 -0.312016
v 1.708400 3.411098 -0.136217
v 1.633119 3.307335 -0.238191
v 1.434645 3.568147 0.035925
v 1.726520 3.435985 0.015269
v 1.819981 2.964812 0.052543
v 1.537883 3.417027 0.002957
v 1.825497 2.951231 0.373267
v 1.503954 3.427366 0.322050
v 1.831035 3.364578 0.043671
v 1.864626 3.086195 0.034444
v 1.863488 3.204549 0.033241
v 1.875618 3.102021 0.355002
v 1.796758 3.374269 0.362767
v 1.844006 3.217701 0.353449
v 1.704580 3.451192 0.023908
v 1.670477 3.461207 0.343003
v 1.276463 3.201906 0.631130
v 1.636505 3.375097 0.274883
v 1.012233 3.303799 0.479871
v 1.396980 3.473015 0.084834
v 1.498402 3.509990 0.505270
v 1.345257 3.312887 0.633362
v 1.410991 3.402160 0.591891
v 1.095740 3.440171 0.476299
v 1.258614 3.607225 0.315169
v 1.168311 3.510543 0.411764
v 1.594586 3.499878 0.384730
v 1.354930 3.597455 0.194655
v 1.485783 3.504142 -0.268547
v 1.632469 3.772047 0.171052
v 1.769432 3.368971 -0.334506
v 1.924484 3.640222 0.150364
v 1.650070 3.837986 -0.121675
v 1.522249 3.629148 -0.258639
v 1.572121 3.725548 -0.211412
v 1.818478 3.520327 -0.318098
v 1.941804 3.705486 -0.142300
v 1.866524 3.601722 -0.244273
v 1.668049 3.862535 0.029843
v 1.959924 3.730372 0.009187
v 2.053385 3.259199 0.046461
v 1.771287 3.711415 -0.003126
v 2.058902 3.245618 0.367185
v 1.737358 3.721753 0.315968
v 2.064439 3.658965 0.037589
v 2.098030 3.380582 0.028362
v 2.096892 3.498936 0.027158
v 2.109022 3.396408 0.348920
v 2.030163 3.668656 0.356684
v 2.077410 3.512089 0.347367
v 1.937984 3.745579 0.017826
v 1.903881 3.755594 0.336920
v 1.509867 3.496294 0.625048
v 1.869909 3.669484 0.268801
v 1.245638 3.598187 0.473788
v 1.630384 3.767403 0.078752
v 1.731806 3.804377 0.499187
v 1.578661 3.607275 0.627280
v 1.644395 3.696548 0.585809
v 1.329144 3.734559 0.470217
v 1.492019 3.901613 0.309087
v 1.401716 3.804930 0.405682
v 1.827991 3.794266 0.378648
v 1.588334 3.891843 0.188573
v 1.986011 3.270155 -0.096198
v 1.724392 3.717388 0.038246
v 2.169770 3.246067 0.165968
v 1.874527 3.716378 0.322037
v 1.990266 3.670142 -0.093759
v 2.012940 3.393034 -0.131273
v 2.011337 3.511308 -0.126909
v 2.201151 3.398457 0.128874
v 2.140115 3.668478 0.190202
v 2.174078 3.513394 0.149852
v 1.874355 3.754534 -0.036085
v 2.024347 3.753196 0.247791
v 1.978291 3.410455 0.583254
v 1.935311 3.657160 0.110151
v 1.707517 3.521227 0.715503
v 1.648817 3.771528 0.199148
v 2.044523 3.745958 0.375734
v 2.032678 3.523107 0.545757
v 2.048814 3.621202 0.481509
v 1.768760 3.660609 0.666459
v 1.757763 3.859646 0.464812
v 1.769175 3.744127 0.580388
v 2.007766 3.760357 0.226318
v 1.721139 3.874384 0.315356
v 1.240043 3.607363 0.262933
v 1.749985 3.763274 0.309708
v 1.245940 3.530177 -0.048653
v 1.800927 3.678157 0.004357
v 1.501649 3.906923 0.220038
v 1.288232 3.728592 0.256944
v 1.369007 3.814095 0.243709
v 1.309979 3.676368 -0.059171
v 1.552408 3.821109 -0.085167
v 1.411307 3.740176 -0.065859
v 1.651900 3.891928 0.252953
v 1.702750 3.806463 -0.052325
v 2.315217 3.200856 -0.172259
v 2.053598 3.648089 -0.037815
v 2.498976 3.176768 0.089907
v 2.203733 3.647079 0.245976
v 2.319473 3.600843 -0.169820
v 2.342147 3.323734 -0.207334
v 2.340544 3.442009 -0.202970
v 2.530357 3.329158 0.052813
v 2.469321 3.599179 0.114141
v 2.503284 3.444094 0.073791
v 2.203562 3.685235 -0.112146
v 2.353554 3.683897 0.171730
v 2.307498 3.341156 0.507193
v 2.264517 3.587861 0.034090
v 2.036723 3.451928 0.639442
v 1.978023 3.702228 0.123087
v 2.373729 3.676659 0.299673
v 2.361885 3.453808 0.469696
v 2.378021 3.551902 0.405448
v 2.097966 3.591310 0.590399
v 2.086970 3.790347 0.388751
v 2.098381 3.674828 0.504327
v 2.336972 3.691057 0.150257
v 2.050346 3.805085 0.239295
v 1.569249 3.538064 0.186872
v 2.079192 3.693974 0.233647
v 1.575147 3.460877 -0.124714
v 2.130133 3.608857 -0.071703
v 1.830855 3.837624 0.143977
v 1.617438 3.659293 0.180883
v 1.698214 3.744796 0.167649
v 1.639185 3.607069 -0.135232
v 1.881615 3.751810 -0.161228
v 1.740513 3.670877 -0.141920
v 1.981106 3.822630 0.176892
v 2.031956 3.737164 -0.128386
v 1.739436 3.510665 -0.080831
v 1.477816 3.957898 0.053614
v 1.923195 3.486577 0.181336
v 1.627952 3.956888 0.337404
v 1.743691 3.910652 -0.078392
v 1.766365 3.633544 -0.115906
v 1.764762 3.751818 -0.111542
v 1.954575 3.638967 0.144241
v 1.893539 3.908988 0.205569
v 1.927502 3.753903 0.165219
v 1.627780 3.995044 -0.020718
v 1.777772 3.993706 0.263158
v 1.731716 3.650965 0.598621
v 1.688735 3.897671 0.125518
v 1.460942 3.761738 0.730870
v 1.402242 4.012037 0.214515
v 1.797947 3.986469 0.391101
v 1.786103 3.763617 0.561124
v 1.802238 3.861712 0.496877
v 1.522184 3.901119 0.681827
v 1.511188 4.100156 0.480179
v 1.522599 3.984637 0.595755
v 1.761190 4.000867 0.241685
v 1.474564 4.114894 0.330723
v 0.993467 3.847873 0.278301
v 1.503410 4.003784 0.325075
v 0.999365 3.770687 -0.033286
v 1.554351 3.918666 0.019725
v 1.255073 4.147433 0.235405
v 1.041657 3.969102 0.272311
v 1.122432 4.054605 0.259077
v 1.063403 3.916878 -0.043803
v 1.305833 4.061619 -0.069800
v 1.164731 3.980686 -0.050492
v 1.405324 4.132439 0.268320
v 1.456175 4.046973 -0.036958
v 1.672867 3.339455 -0.024594
v 1.411248 3.786688 0.109850
v 1.856626 3.315367 0.237572
v 1.561383 3.785677 0.393641
v 1.677122 3.739441 -0.022155
v 1.699797 3.462333 -0.059669
v 1.698194 3.580608 -0.055305
v 1.888007 3.467756 0.200477
v 1.826971 3.737777 0.261805
v 1.860934 3.582693 0.221456
v 1.561212 3.823833 0.035519
v 1.711203 3.822496 0.319395
v 1.665148 3.479755 0.654858
v 1.622167 3.726460 0.181755
v 1.394374 3.590527 0.787107
v 1.335674 3.840827 0.270752
v 1.731379 3.815258 0.447338
v 1.719535 3.592407 0.617360
v 1.735670 3.690501 0.553113
v 1.455616 3.729909 0.738063
v 1.444620 3.928945 0.536416
v 1.456031 3.813426 0.651992
v 1.694622 3.829656 0.297922
v 1.407996 3.943683 0.386959
v 0.926899 3.676663 0.334537
v 1.436842 3.832573 0.381312
v 0.932797 3.599476 0.022950
v 1.487783 3.747456 0.075961
v 1.188505 3.976223 0.291642
v 0.975088 3.797891 0.328548
v 1.055864 3.883394 0.315313
v 0.996835 3.745667 0.012433
v 1.239265 3.890409 -0.013563
v 1.098163 3.809475 0.005745
v 1.338756 3.961228 0.324557
v 1.389606 3.875762 0.019279
v 2.187651 3.981264 -0.265120
v 1.681383 3.609897 0.019807
v 2.409781 3.976720 -0.033352
v 1.877258 3.573040 0.271508
v 1.893730 4.090448 -0.016719
v 2.096442 4.054743 -0.207359
v 2.009488 4.082765 -0.132098
v 2.298195 4.062738 0.042362
v 2.090007 4.053096 0.234619
v 2.206915 4.060578 0.120124
v 1.792776 3.989602 0.042626
v 1.988852 3.952497 0.294145
v 2.084232 4.274596 0.732781
v 2.131442 3.692998 0.197581
v 1.775195 4.293994 0.817630
v 1.815841 3.676490 0.254173
v 2.008453 4.338815 0.345293
v 2.079418 4.334202 0.616684
v 2.055256 4.348920 0.501749
v 1.764694 4.362962 0.673698
v 1.692961 4.321877 0.402470
v 1.739087 4.347143 0.557604
v 1.999446 4.224328 0.241876
v 1.683900 4.207605 0.298761
v 1.453424 4.319484 0.311019
v 1.720904 3.710722 0.319419
v 1.360820 4.281982 0.005901
v 1.640329 3.628968 0.019581
v 1.830056 4.206527 0.237514
v 1.582800 4.326203 0.294547
v 1.692757 4.288412 0.272374
v 1.519032 4.284698 -0.017446
v 1.748785 4.124649 -0.062122
v 1.618398 4.219182 -0.032198
v 1.881537 4.063695 0.266360
v 1.800614 3.981879 -0.033377
v 0.338154 3.504141 -1.790548
v 0.520631 3.772047 -1.364559
v 0.615390 3.368971 -1.879699
v 0.809942 3.640222 -1.409284
v 0.514005 3.837986 -1.657740
v 0.375314 3.629148 -1.783684
v 0.428914 3.725548 -1.740736
v 0.665623 3.520327 -1.867395
v 0.803041 3.705485 -1.702379
v 0.719599 3.601722 -1.797789
v 0.544432 3.862534 -1.508224
v 0.833606 3.730372 -1.552905
v 0.929824 3.259199 -1.523474
v 0.644596 3.711415 -1.549602
v 0.961800 3.245618 -1.204300
v 0.637126 3.721753 -1.228797
v 0.940108 3.658964 -1.533228
v 0.972823 3.380581 -1.545197
v 0.971590 3.498936 -1.546302
v 1.010241 3.396408 -1.226640
v 0.932292 3.668656 -1.212392
v 0.978610 3.512089 -1.225579
v 0.812453 3.745579 -1.542484
v 0.804810 3.755594 -1.221663
v 0.435928 3.496293 -0.901992
v 0.765331 3.669483 -1.286746
v 0.160113 3.598187 -1.030921
v 0.510933 3.767402 -1.456372
v 0.646719 3.804377 -1.045745
v 0.504671 3.607275 -0.905446
v 0.566757 3.696548 -0.952203
v 0.243039 3.734558 -1.041374
v 0.392056 3.901613 -1.215400
v 0.310036 3.804930 -1.111680
v 0.732623 3.794266 -1.173814
v 0.478093 3.891843 -1.343454
v 0.271958 -0.091271 -0.188552
v 0.252383 0.364495 -0.188720
v 0.282664 -0.069020 -0.068310
v 0.262796 0.384953 -0.076552
v 0.170331 -0.071785 -0.122262
v 0.157331 0.382361 -0.127197
v 0.626129 3.680740 -1.360342
v 0.663219 3.681773 -1.342285
v 0.660351 3.673599 -1.383436
v 0.252486 0.954649 -0.248716
v 0.550778 3.214220 -1.106051
v 0.263812 1.464302 -0.324202
v 0.297959 1.946692 -0.445008
v 0.363222 2.391911 -0.627605
v 0.451582 2.809537 -0.856070
v 0.506711 3.223333 -1.076200
v 0.166778 0.971142 -0.192953
v 0.398995 2.820355 -0.820657
v 0.302356 2.404146 -0.587108
v 0.228611 1.960586 -0.399024
v 0.186109 1.479704 -0.272982
v 0.554376 3.224716 -1.052964
v 0.261601 0.973462 -0.147358
v 0.456049 2.821978 -0.792862
v 0.368842 2.405955 -0.554843
v 0.304590 1.962509 -0.362410
v 0.271502 1.481835 -0.231861
v -0.102808 0.354521 -0.514948
v 0.089611 0.657490 -0.117806
v 0.162997 0.343400 -0.694677
v 0.378403 0.652645 -0.258001
v -0.030224 0.725769 -0.384872
v -0.113955 0.483696 -0.499328
v -0.089109 0.591851 -0.458149
v 0.155326 0.501737 -0.673371
v 0.258601 0.720192 -0.525014
v 0.194176 0.595327 -0.609221
v 0.033290 0.755039 -0.247058
v 0.322099 0.749828 -0.387227
v 0.588584 0.354520 -0.456837
v 0.164062 0.657490 -0.336304
v 0.719426 0.343400 -0.163860
v 0.251979 0.652645 -0.027555
v 0.447880 0.725769 -0.407943
v 0.575137 0.483696 -0.470527
v 0.530269 0.591851 -0.453210
v 0.699776 0.501737 -0.175115
v 0.535740 0.720192 -0.099171
v 0.629854 0.595327 -0.147994
v 0.301130 0.755039 -0.369325
v 0.389019 0.749828 -0.060564
v 0.258140 0.354520 0.302897
v 0.366017 0.657490 -0.125016
v -0.061007 0.343400 0.269721
v 0.054674 0.652645 -0.203252
v 0.286149 0.725769 0.156597
v 0.276720 0.483696 0.298097
v 0.284156 0.591851 0.250582
v -0.041434 0.501737 0.258331
v -0.025186 0.720192 0.078300
v -0.029961 0.595327 0.184217
v 0.326079 0.755039 0.010199
v 0.014740 0.749828 -0.068068
v -0.320337 1.039882 -0.262920
v 0.103969 1.342076 -0.139711
v -0.248653 0.986886 -0.571355
v 0.219643 1.295039 -0.435491
v -0.162389 1.407396 -0.262729
v -0.312176 1.170188 -0.260047
v -0.261220 1.277025 -0.260078
v -0.232796 1.146042 -0.570280
v -0.046688 1.359632 -0.558402
v -0.156608 1.238213 -0.561136
v -0.020873 1.437437 -0.208375
v 0.094814 1.390036 -0.504102
v 0.224994 0.962851 -0.684915
v 0.009779 1.320036 -0.349299
v 0.519550 0.954494 -0.557458
v 0.283940 1.323867 -0.182266
v 0.171677 1.350259 -0.600739
v 0.211532 1.091632 -0.701904
v 0.195254 1.205135 -0.672532
v 0.504491 1.113055 -0.572118
v 0.445780 1.353373 -0.433561
v 0.475913 1.215639 -0.516950
v 0.091883 1.398741 -0.477589
v 0.366015 1.402214 -0.310483
v 0.500141 1.047827 0.091913
v 0.301271 1.309418 -0.330649
v 0.243604 1.071974 0.283446
v 0.020063 1.336119 -0.178045
v 0.437446 1.403634 -0.079798
v 0.516156 1.173420 0.059904
v 0.494033 1.276861 0.006791
v 0.257147 1.225955 0.242340
v 0.156171 1.429605 0.072846
v 0.219239 1.312861 0.168897
v 0.368345 1.419043 -0.217170
v 0.087103 1.445379 -0.064546
v -0.295890 1.851484 -0.396315
v 0.163822 2.119390 -0.337752
v -0.232254 1.716314 -0.680495
v 0.271876 1.987565 -0.609828
v -0.092283 2.185329 -0.480613
v -0.271142 1.976490 -0.424873
v -0.206954 2.072891 -0.449316
v -0.196191 1.867670 -0.717566
v 0.015706 2.052828 -0.752408
v -0.108831 1.949065 -0.728824
v 0.052032 2.209877 -0.431074
v 0.160054 2.077715 -0.703010
v 0.234186 1.606542 -0.771044
v 0.067119 2.058758 -0.538393
v 0.525546 1.592961 -0.636865
v 0.339895 2.069096 -0.369382
v 0.230989 2.006307 -0.784853
v 0.237249 1.727924 -0.819121
v 0.235671 1.846279 -0.818618
v 0.530835 1.743751 -0.689947
v 0.503616 2.015999 -0.615528
v 0.515720 1.859431 -0.662139
v 0.158319 2.092922 -0.679494
v 0.431021 2.102937 -0.510325
v 0.519670 1.843636 -0.030319
v 0.354907 2.016826 -0.509272
v 0.268750 1.945530 0.142121
v 0.079756 2.114745 -0.375919
v 0.502563 2.151720 -0.284888
v 0.551529 1.954618 -0.091333
v 0.542683 2.043890 -0.168551
v 0.301762 2.081901 0.065333
v 0.227252 2.248955 -0.151321
v 0.275104 2.152273 -0.028051
v 0.435690 2.141608 -0.423846
v 0.160459 2.239185 -0.290386
v -0.055049 2.677155 -0.804623
v 0.404662 2.945060 -0.746060
v 0.008587 2.541985 -1.088803
v 0.512717 2.813235 -1.018135
v 0.148557 3.010999 -0.888920
v -0.030301 2.802161 -0.833180
v 0.033886 2.898561 -0.857623
v 0.044650 2.693341 -1.125873
v 0.256546 2.878499 -1.160716
v 0.132009 2.774736 -1.137132
v 0.292872 3.035548 -0.839382
v 0.400895 2.903385 -1.111318
v 0.475026 2.432212 -1.179352
v 0.307959 2.884429 -0.946701
v 0.766386 2.418632 -1.045173
v 0.580736 2.894767 -0.777690
v 0.471829 2.831978 -1.193161
v 0.478090 2.553595 -1.227428
v 0.476512 2.671950 -1.226926
v 0.771675 2.569422 -1.098254
v 0.744457 2.841670 -1.023835
v 0.756561 2.685102 -1.070447
v 0.399159 2.918593 -1.087801
v 0.671861 2.928608 -0.918633
v 0.760511 2.669307 -0.438627
v 0.595747 2.842497 -0.917579
v 0.509591 2.771200 -0.266187
v 0.320597 2.940416 -0.784227
v 0.743404 2.977391 -0.693195
v 0.792369 2.780288 -0.499640
v 0.783524 2.869561 -0.576859
v 0.542603 2.907572 -0.342975
v 0.468093 3.074626 -0.559629
v 0.515944 2.977944 -0.436359
v 0.676530 2.967279 -0.832153
v 0.401300 3.064856 -0.698694
v 0.059385 3.209754 -1.100149
v 0.519096 3.477659 -1.041585
v 0.123021 3.074584 -1.384329
v 0.627151 3.345835 -1.313661
v 0.262991 3.543599 -1.184446
v 0.084133 3.334760 -1.128706
v 0.148321 3.431161 -1.153149
v 0.159084 3.225940 -1.421399
v 0.370981 3.411098 -1.456241
v 0.246443 3.307335 -1.432657
v 0.407307 3.568147 -1.134908
v 0.515329 3.435985 -1.406843
v 0.589461 2.964812 -1.474878
v 0.422393 3.417027 -1.242227
v 0.880820 2.951231 -1.340698
v 0.695170 3.427366 -1.073215
v 0.586263 3.364578 -1.488686
v 0.592524 3.086195 -1.522954
v 0.590946 3.204549 -1.522451
v 0.886109 3.102021 -1.393780
v 0.858891 3.374269 -1.319361
v 0.870995 3.217701 -1.365973
v 0.513593 3.451192 -1.383327
v 0.786295 3.461207 -1.214159
v 0.874945 3.201906 -0.734153
v 0.710182 3.375097 -1.213105
v 0.624025 3.303799 -0.561713
v 0.435031 3.473015 -1.079752
v 0.857838 3.509990 -0.988721
v 0.906804 3.312887 -0.795166
v 0.897958 3.402160 -0.872384
v 0.657037 3.440171 -0.638500
v 0.582527 3.607225 -0.855155
v 0.630378 3.510543 -0.731885
v 0.790965 3.499878 -1.127679
v 0.515734 3.597455 -0.994219
v 0.155170 3.504142 -1.313080
v 0.614881 3.772047 -1.254517
v 0.218806 3.368971 -1.597260
v 0.722936 3.640222 -1.526592
v 0.358776 3.837986 -1.397377
v 0.179918 3.629148 -1.341637
v 0.244106 3.725548 -1.366081
v 0.254869 3.520327 -1.634331
v 0.466766 3.705486 -1.669173
v 0.342228 3.601722 -1.645589
v 0.503092 3.862535 -1.347839
v 0.611114 3.730372 -1.619775
v 0.685246 3.259199 -1.687809
v 0.518178 3.711415 -1.455158
v 0.976605 3.245618 -1.553630
v 0.790955 3.721753 -1.286147
v 0.682048 3.658965 -1.701618
v 0.688309 3.380582 -1.735886
v 0.686731 3.498936 -1.735383
v 0.981894 3.396408 -1.606712
v 0.954676 3.668656 -1.532293
v 0.966780 3.512089 -1.578904
v 0.609378 3.745579 -1.596259
v 0.882080 3.755594 -1.427090
v 0.970730 3.496294 -0.947084
v 0.805967 3.669484 -1.426036
v 0.719810 3.598187 -0.774644
v 0.530816 3.767403 -1.292684
v 0.953623 3.804377 -1.201653
v 1.002589 3.607275 -1.008097
v 0.993743 3.696548 -1.085316
v 0.752822 3.734559 -0.851432
v 0.678312 3.901613 -1.068086
v 0.726163 3.804930 -0.944816
v 0.886750 3.794266 -1.340611
v 0.611519 3.891843 -1.207151
v 0.527482 3.270155 -1.689001
v 0.535107 3.717388 -1.394956
v 0.843415 3.246067 -1.740820
v 0.855935 3.716378 -1.407100
v 0.531526 3.670142 -1.691776
v 0.507564 3.393034 -1.728481
v 0.510800 3.511308 -1.725143
v 0.823608 3.398457 -1.785187
v 0.852382 3.668478 -1.703587
v 0.830763 3.513394 -1.751693
v 0.533200 3.754534 -1.562320
v 0.854042 3.753196 -1.574297
v 1.136306 3.410455 -1.387258
v 0.691402 3.657160 -1.553794
v 1.137981 3.521227 -1.085918
v 0.647288 3.771528 -1.257056
v 0.978069 3.745958 -1.536966
v 1.126118 3.523107 -1.452528
v 1.075233 3.621202 -1.494940
v 1.120365 3.660609 -1.162375
v 0.933913 3.859646 -1.239954
v 1.042996 3.744127 -1.200091
v 0.827501 3.760357 -1.568674
v 0.783366 3.874384 -1.271799
v 0.527406 3.607363 -0.861085
v 0.790793 3.763274 -1.300240
v 0.249232 3.530177 -1.001584
v 0.537780 3.678157 -1.478616
v 0.602259 3.906923 -1.115397
v 0.542917 3.728592 -0.907101
v 0.566038 3.814095 -0.985620
v 0.267539 3.676368 -1.063844
v 0.349298 3.821109 -1.293547
v 0.305475 3.740176 -1.158040
v 0.697102 3.891928 -1.236490
v 0.444115 3.806463 -1.414753
v 0.601782 3.200856 -2.018609
v 0.609408 3.648089 -1.724565
v 0.917715 3.176768 -2.070428
v 0.930235 3.647079 -1.736708
v 0.605826 3.600843 -2.021384
v 0.581865 3.323734 -2.058089
v 0.585100 3.442009 -2.054751
v 0.897908 3.329158 -2.114795
v 0.926682 3.599179 -2.033195
v 0.905064 3.444094 -2.081301
v 0.607500 3.685235 -1.891928
v 0.928342 3.683897 -1.903905
v 1.210606 3.341156 -1.716866
v 0.765702 3.587861 -1.883402
v 1.212281 3.451928 -1.415526
v 0.721588 3.702228 -1.586665
v 1.052370 3.676659 -1.866574
v 1.200418 3.453808 -1.782136
v 1.149533 3.551902 -1.824548
v 1.194665 3.591310 -1.491983
v 1.008214 3.790347 -1.569562
v 1.117296 3.674828 -1.529699
v 0.901801 3.691057 -1.898282
v 0.857667 3.805085 -1.601408
v 0.601707 3.538064 -1.190693
v 0.865093 3.693974 -1.629848
v 0.323532 3.460877 -1.331192
v 0.612080 3.608857 -1.808224
v 0.676559 3.837624 -1.445006
v 0.617218 3.659293 -1.236709
v 0.640339 3.744796 -1.315228
v 0.341840 3.607069 -1.393452
v 0.423598 3.751810 -1.623155
v 0.379776 3.670877 -1.487648
v 0.771403 3.822630 -1.566098
v 0.518415 3.737164 -1.744361
v 0.434348 3.510665 -1.460174
v 0.441974 3.957898 -1.166130
v 0.750281 3.486577 -1.511993
v 0.762801 3.956888 -1.178273
v 0.438392 3.910652 -1.462949
v 0.414430 3.633544 -1.499654
v 0.417666 3.751818 -1.496317
v 0.730474 3.638967 -1.556360
v 0.759248 3.908988 -1.474760
v 0.737629 3.753903 -1.522866
v 0.440066 3.995044 -1.333493
v 0.760908 3.993706 -1.345470
v 1.043172 3.650965 -1.158431
v 0.598268 3.897671 -1.324967
v 1.044847 3.761738 -0.857091
v 0.554154 4.012037 -1.028230
v 0.884936 3.986469 -1.308139
v 1.032984 3.763617 -1.223701
v 0.982099 3.861712 -1.266113
v 1.027231 3.901119 -0.933548
v 0.840780 4.100156 -1.011127
v 0.949862 3.984637 -0.971264
v 0.734367 4.000867 -1.339847
v 0.690233 4.114894 -1.042973
v 0.434272 3.847873 -0.632258
v 0.697659 4.003784 -1.071413
v 0.156098 3.770687 -0.772757
v 0.444646 3.918666 -1.249789
v 0.509125 4.147433 -0.886571
v 0.449783 3.969102 -0.678274
v 0.472905 4.054605 -0.756793
v 0.174406 3.916878 -0.835017
v 0.256164 4.061619 -1.064720
v 0.212342 3.980686 -0.929213
v 0.603969 4.132439 -1.007663
v 0.350981 4.046973 -1.185926
v 0.456135 3.339455 -1.375798
v 0.463760 3.786688 -1.081754
v 0.772068 3.315367 -1.427618
v 0.784588 3.785677 -1.093898
v 0.460179 3.739441 -1.378574
v 0.436217 3.462333 -1.415279
v 0.439453 3.580608 -1.411941
v 0.752261 3.467756 -1.471985
v 0.781035 3.737777 -1.390385
v 0.759416 3.582693 -1.438491
v 0.461853 3.823833 -1.249118
v 0.782695 3.822496 -1.261095
v 1.064958 3.479755 -1.074055
v 0.620054 3.726460 -1.240592
v 1.066634 3.590527 -0.772716
v 0.575941 3.840827 -0.943854
v 0.906722 3.815258 -1.223763
v 1.054770 3.592407 -1.139326
v 1.003885 3.690501 -1.181738
v 1.049018 3.729909 -0.849172
v 0.862566 3.928945 -0.926751
v 0.971649 3.813426 -0.886889
v 0.756154 3.829656 -1.255472
v 0.712019 3.943683 -0.958597
v 0.456059 3.676663 -0.547883
v 0.719446 3.832573 -0.987037
v 0.177884 3.599476 -0.688382
v 0.466433 3.747456 -1.165414
v 0.530912 3.976223 -0.802195
v 0.471570 3.797891 -0.593899
v 0.494691 3.883394 -0.672418
v 0.196192 3.745667 -0.750642
v 0.277950 3.890409 -0.980345
v 0.234128 3.809475 -0.844838
v 0.625755 3.961228 -0.923288
v 0.372768 3.875762 -1.101551
v 0.462770 3.981264 -1.943963
v 0.499834 3.609897 -1.364206
v 0.767962 3.976720 -2.043542
v 0.811594 3.573040 -1.431483
v 0.559054 4.090448 -1.571374
v 0.475240 4.054743 -1.836725
v 0.505323 4.082765 -1.725728
v 0.787767 4.062738 -1.910156
v 0.870661 4.053096 -1.639170
v 0.818226 4.060578 -1.794177
v 0.568723 3.989602 -1.454669
v 0.880407 3.952497 -1.522206
v 1.316990 4.274596 -1.417834
v 0.855267 3.692998 -1.692571
v 1.259358 4.293994 -1.102586
v 0.769329 3.676490 -1.383668
v 0.934993 4.338815 -1.517674
v 1.210301 4.334202 -1.463866
v 1.096263 4.348920 -1.491963
v 1.125122 4.362962 -1.155571
v 0.849630 4.321877 -1.208616
v 1.009415 4.347143 -1.182868
v 0.837909 4.224328 -1.554428
v 0.752258 4.207605 -1.245448
v 0.663308 4.319484 -1.032475
v 0.786925 3.710722 -1.269825
v 0.348226 4.281982 -1.081419
v 0.481818 3.628968 -1.327316
v 0.760487 4.206527 -1.403703
v 0.704599 4.326203 -1.156186
v 0.732327 4.288412 -1.264876
v 0.395833 4.284698 -1.234094
v 0.455261 4.124649 -1.460480
v 0.425653 4.219182 -1.330021
v 0.808813 4.063695 -1.437572
v 0.503646 3.981879 -1.494705
v -1.597970 3.504141 -1.269142
v -1.146856 3.772047 -1.163027
v -1.505088 3.368971 -1.545151
v -1.011057 3.640222 -1.422372
v -1.386693 3.837986 -1.331779
v -1.570383 3.629148 -1.294967
v -1.503999 3.725548 -1.312593
v -1.465361 3.520327 -1.578264
v -1.250988 3.705485 -1.590852
v -1.377304 3.601722 -1.580365
v -1.248321 3.862534 -1.267483
v -1.112569 3.730372 -1.526692
v -1.031755 3.259199 -1.586637
v -1.222141 3.711415 -1.372647
v -0.755952 3.245618 -1.422848
v -0.968446 3.721753 -1.176150
v -1.033498 3.658964 -1.600703
v -1.023703 3.380581 -1.634133
v -1.025324 3.498936 -1.633797
v -0.745164 3.396408 -1.475090
v -0.779984 3.668656 -1.403910
v -0.763092 3.512089 -1.449008
v -1.116743 3.745579 -1.503484
v -0.863140 3.755594 -1.306839
v -0.824955 3.496293 -0.820211
v -0.938949 3.669483 -1.313716
v -1.092468 3.598187 -0.674837
v -1.226490 3.767402 -1.209740
v -0.815461 3.804377 -1.075177
v -0.786917 3.607275 -0.877575
v -0.787673 3.696548 -0.955294
v -1.051639 3.734558 -0.747769
v -1.103183 3.901613 -0.971005
v -1.068429 3.804930 -0.843422
v -0.867501 3.794266 -1.220343
v -1.155133 3.891843 -1.116269
v -0.348261 -0.091271 -0.264653
v -0.360019 0.364495 -0.249002
v -0.245154 -0.069020 -0.201870
v -0.263583 0.384953 -0.190778
v -0.355266 -0.071785 -0.143519
v -0.366955 0.382361 -0.135990
v -1.080821 3.680740 -1.245410
v -1.044269 3.681773 -1.264532
v -1.079083 3.673599 -1.286659
v -0.408233 0.954649 -0.284709
v -0.920952 3.214220 -1.033789
v -0.462247 1.464302 -0.338644
v -0.539175 1.946692 -0.437851
v -0.647346 2.391911 -0.598785
v -0.778710 2.809537 -0.805540
v -0.923100 3.223333 -0.980606
v -0.414256 0.971142 -0.182635
v -0.781440 2.820355 -0.742199
v -0.650902 2.404146 -0.525765
v -0.543351 1.960586 -0.354748
v -0.467171 1.479704 -0.245709
v -0.876100 3.224716 -1.005162
v -0.321265 0.973462 -0.231859
v -0.725199 2.821978 -0.771603
v -0.585463 2.405955 -0.560103
v -0.468776 1.962509 -0.394142
v -0.383379 1.481835 -0.290002
v -0.833416 0.354521 -0.156911
v -0.399610 0.657490 -0.075924
v -0.820203 0.343400 -0.477505
v -0.340937 0.652645 -0.391539
v -0.685654 0.725769 -0.138078
v -0.827467 0.483696 -0.138666
v -0.779580 0.591851 -0.134207
v -0.807614 0.501737 -0.458681
v -0.626920 0.720192 -0.453689
v -0.732929 0.595327 -0.451850
v -0.537052 0.755039 -0.107353
v -0.478348 0.749828 -0.422966
v -0.376127 0.354520 -0.678721
v -0.531213 0.657490 -0.265568
v -0.062697 0.343400 -0.610038
v -0.230581 0.652645 -0.152981
v -0.420332 0.725769 -0.536474
v -0.395127 0.483696 -0.676030
v -0.407834 0.591851 -0.629645
v -0.083422 0.501737 -0.600909
v -0.119715 0.720192 -0.423827
v -0.103117 0.595327 -0.528545
v -0.476395 0.755039 -0.395465
v -0.175770 0.749828 -0.282848
v 0.038969 0.354520 0.038276
v -0.241288 0.657490 -0.302609
v -0.177227 0.343400 0.275372
v -0.489108 0.652645 -0.098548
v -0.062117 0.725769 -0.071130
v 0.046139 0.483696 0.020476
v 0.012322 0.591851 -0.013721
v -0.174770 0.501737 0.252860
v -0.309981 0.720192 0.132888
v -0.227592 0.595327 0.199622
v -0.156204 0.755039 -0.190187
v -0.404045 0.749828 0.013853
v -0.759791 1.039882 0.167768
v -0.408710 1.342076 -0.100484
v -0.965402 0.986886 -0.073052
v -0.578019 1.295039 -0.369185
v -0.665851 1.407396 0.040792
v -0.752633 1.170188 0.162907
v -0.722401 1.277025 0.121888
v -0.955122 1.146042 -0.085173
v -0.835058 1.359632 -0.227868
v -0.902526 1.238213 -0.141047
v -0.538087 1.437437 -0.040802
v -0.707346 1.390036 -0.309483
v -0.775536 0.962851 -0.521592
v -0.633278 1.320036 -0.149143
v -0.498080 0.954494 -0.682921
v -0.336089 1.323867 -0.270562
v -0.739464 1.350259 -0.428710
v -0.797199 1.091632 -0.520848
v -0.783231 1.205135 -0.490310
v -0.518817 1.113055 -0.679508
v -0.442192 1.353373 -0.549995
v -0.491397 1.215639 -0.623757
v -0.687753 1.398741 -0.291382
v -0.390522 1.402214 -0.412734
v 0.012899 1.047827 -0.281722
v -0.445191 1.309418 -0.372613
v 0.014687 1.071974 0.038422
v -0.489376 1.336119 -0.055732
v -0.162491 1.403634 -0.333234
v -0.003347 1.173420 -0.313615
v -0.059219 1.276861 -0.327351
v -0.010346 1.225955 0.003118
v -0.206684 1.429605 -0.016275
v -0.091950 1.312861 -0.009989
v -0.314056 1.419043 -0.359201
v -0.358244 1.445379 -0.042281
v -0.852608 1.851484 0.068890
v -0.532521 2.119390 -0.266234
v -1.043482 1.716314 -0.151053
v -0.687281 1.987565 -0.514731
v -0.799540 2.185329 -0.144991
v -0.860891 1.976490 0.032020
v -0.842446 2.072891 -0.034141
v -1.051897 1.867670 -0.202082
v -0.954113 2.052828 -0.393269
v -1.009084 1.949065 -0.279058
v -0.673989 2.209877 -0.231697
v -0.828655 2.077715 -0.480084
v -0.839380 1.606542 -0.580130
v -0.751383 2.058758 -0.307560
v -0.558413 1.592961 -0.734895
v -0.453423 2.069096 -0.426690
v -0.852390 2.006307 -0.585757
v -0.876245 1.727924 -0.611141
v -0.876778 1.846279 -0.609573
v -0.597984 1.743751 -0.770669
v -0.554266 2.015999 -0.704580
v -0.584584 1.859431 -0.741996
v -0.810764 2.092922 -0.464725
v -0.512722 2.102937 -0.583701
v -0.073857 1.843636 -0.370015
v -0.557069 2.016826 -0.521832
v -0.084096 1.945530 -0.065726
v -0.613147 2.114745 -0.221256
v -0.288848 2.151720 -0.507407
v -0.104033 1.954618 -0.431878
v -0.171417 2.043890 -0.470610
v -0.126280 2.081901 -0.137883
v -0.344849 2.248955 -0.206575
v -0.217250 2.152273 -0.171882
v -0.440365 2.141608 -0.536108
v -0.496405 2.239185 -0.235404
v -1.038140 2.677155 -0.367341
v -0.718053 2.945060 -0.702465
v -1.229014 2.541985 -0.587283
v -0.872813 2.813235 -0.950961
v -0.985071 3.010999 -0.581222
v -1.046423 2.802161 -0.404211
v -1.027977 2.898561 -0.470371
v -1.237429 2.693341 -0.638313
v -1.139645 2.878499 -0.829500
v -1.194616 2.774736 -0.715289
v -0.859521 3.035548 -0.667928
v -1.014187 2.903385 -0.916315
v -1.024912 2.432212 -1.016361
v -0.936914 2.884429 -0.743791
v -0.743945 2.418632 -1.171125
v -0.638954 2.894767 -0.862920
v -1.037921 2.831978 -1.021988
v -1.061777 2.553595 -1.047372
v -1.062309 2.671950 -1.045804
v -0.783516 2.569422 -1.206900
v -0.739797 2.841670 -1.140811
v -0.770116 2.685102 -1.178227
v -0.996296 2.918593 -0.900955
v -0.698254 2.928608 -1.019932
v -0.259388 2.669307 -0.806246
v -0.742601 2.842497 -0.958063
v -0.269628 2.771200 -0.501957
v -0.798679 2.940416 -0.657486
v -0.474380 2.977391 -0.943638
v -0.289565 2.780288 -0.868109
v -0.356949 2.869561 -0.906841
v -0.311812 2.907572 -0.574114
v -0.530381 3.074626 -0.642805
v -0.402781 2.977944 -0.608113
v -0.625897 2.967279 -0.972339
v -0.681937 3.064856 -0.671635
v -1.207981 3.209754 -0.634894
v -0.887893 3.477659 -0.970018
v -1.398855 3.074584 -0.854837
v -1.042653 3.345835 -1.218514
v -1.154912 3.543599 -0.848776
v -1.216264 3.334760 -0.671764
v -1.197818 3.431161 -0.737925
v -1.407269 3.225940 -0.905866
v -1.309485 3.411098 -1.097053
v -1.364456 3.307335 -0.982843
v -1.029361 3.568147 -0.935481
v -1.184028 3.435985 -1.183868
v -1.194753 2.964812 -1.283914
v -1.106755 3.417027 -1.011344
v -0.913786 2.951231 -1.438679
v -0.808795 3.427366 -1.130474
v -1.207762 3.364578 -1.289541
v -1.231618 3.086195 -1.314926
v -1.232150 3.204549 -1.313357
v -0.953356 3.102021 -1.474453
v -0.909638 3.374269 -1.408364
v -0.939956 3.217701 -1.445780
v -1.166137 3.451192 -1.168509
v -0.868095 3.461207 -1.287485
v -0.429229 3.201906 -1.073799
v -0.912441 3.375097 -1.225616
v -0.439469 3.303799 -0.769510
v -0.968519 3.473015 -0.925040
v -0.644220 3.509990 -1.211191
v -0.459405 3.312887 -1.135662
v -0.526790 3.402160 -1.174395
v -0.481653 3.440171 -0.841667
v -0.700221 3.607225 -0.910359
v -0.572622 3.510543 -0.875667
v -0.795738 3.499878 -1.239892
v -0.851777 3.597455 -0.939188
v -1.322437 3.504142 -0.838399
v -1.002350 3.772047 -1.173523
v -1.513311 3.368971 -1.058342
v -1.157110 3.640222 -1.422019
v -1.269369 3.837986 -1.052281
v -1.330720 3.629148 -0.875269
v -1.312275 3.725548 -0.941430
v -1.521726 3.520327 -1.109371
v -1.423942 3.705486 -1.300558
v -1.478913 3.601722 -1.186347
v -1.143818 3.862535 -1.138987
v -1.298484 3.730372 -1.387373
v -1.309209 3.259199 -1.487419
v -1.221211 3.711415 -1.214849
v -1.028242 3.245618 -1.642184
v -0.923252 3.721753 -1.333979
v -1.322219 3.658965 -1.493046
v -1.346074 3.380582 -1.518431
v -1.346606 3.498936 -1.516862
v -1.067813 3.396408 -1.677958
v -1.024095 3.668656 -1.611869
v -1.054413 3.512089 -1.649285
v -1.280593 3.745579 -1.372014
v -0.982551 3.755594 -1.490990
v -0.543685 3.496294 -1.277304
v -1.026898 3.669484 -1.429121
v -0.553925 3.598187 -0.973015
v -1.082976 3.767403 -1.128545
v -0.758677 3.804377 -1.414696
v -0.573862 3.607275 -1.339167
v -0.641246 3.696548 -1.377900
v -0.596109 3.734559 -1.045173
v -0.814678 3.901613 -1.113864
v -0.687078 3.804930 -1.079172
v -0.910194 3.794266 -1.443398
v -0.966234 3.891843 -1.142693
v -1.403844 3.270155 -1.361185
v -1.162719 3.717388 -1.192725
v -1.257947 3.246067 -1.646164
v -0.981991 3.716378 -1.458083
v -1.403676 3.670142 -1.366087
v -1.447438 3.393034 -1.368601
v -1.442831 3.511308 -1.369223
v -1.305406 3.398457 -1.656570
v -1.222663 3.668478 -1.631271
v -1.274207 3.513394 -1.642440
v -1.298518 3.754534 -1.290566
v -1.117647 3.753196 -1.555837
v -0.799548 3.410455 -1.671896
v -1.197721 3.657160 -1.412797
v -0.556086 3.521227 -1.494316
v -0.985151 3.771528 -1.201107
v -1.013964 3.745958 -1.633467
v -0.858115 3.523107 -1.702454
v -0.922456 3.621202 -1.686694
v -0.628065 3.660609 -1.525539
v -0.801198 3.859646 -1.421579
v -0.704353 3.744127 -1.485681
v -1.128882 3.760357 -1.531143
v -0.916213 3.874384 -1.319354
v -0.737723 3.607363 -0.869528
v -0.934687 3.763274 -1.342216
v -1.015946 3.530177 -0.729125
v -1.228448 3.678157 -1.244550
v -0.897905 3.906923 -1.080761
v -0.765539 3.728592 -0.909332
v -0.814989 3.814095 -0.974559
v -1.055172 3.676368 -0.780825
v -1.191452 3.821109 -0.983002
v -1.108439 3.740176 -0.867281
v -0.939024 3.891928 -1.228977
v -1.232678 3.806463 -1.131264
v -1.624939 3.200856 -1.616683
v -1.383814 3.648089 -1.448222
v -1.479041 3.176768 -1.901661
v -1.203086 3.647079 -1.713580
v -1.624771 3.600843 -1.621585
v -1.668533 3.323734 -1.624099
v -1.663926 3.442009 -1.624721
v -1.526501 3.329158 -1.912068
v -1.443758 3.599179 -1.886768
v -1.495302 3.444094 -1.897938
v -1.519613 3.685235 -1.546064
v -1.338742 3.683897 -1.811335
v -1.020643 3.341156 -1.927393
v -1.418816 3.587861 -1.668295
v -0.777181 3.451928 -1.749813
v -1.206246 3.702228 -1.456604
v -1.235059 3.676659 -1.888965
v -1.079211 3.453808 -1.957952
v -1.143551 3.551902 -1.942192
v -0.849160 3.591310 -1.781037
v -1.022293 3.790347 -1.677077
v -0.925448 3.674828 -1.741178
v -1.349977 3.691057 -1.786640
v -1.137308 3.805085 -1.574852
v -0.958818 3.538064 -1.125026
v -1.155782 3.693974 -1.597714
v -1.237041 3.460877 -0.984623
v -1.449543 3.608857 -1.500048
v -1.119000 3.837624 -1.336259
v -0.986634 3.659293 -1.164830
v -1.036084 3.744796 -1.230056
v -1.276267 3.607069 -1.036322
v -1.412547 3.751810 -1.238500
v -1.329534 3.670877 -1.122778
v -1.160119 3.822630 -1.484475
v -1.453773 3.737164 -1.386762
v -1.275024 3.510665 -1.150375
v -1.033899 3.957898 -0.981914
v -1.129126 3.486577 -1.435353
v -0.853170 3.956888 -1.247273
v -1.274855 3.910652 -1.155277
v -1.318617 3.633544 -1.157791
v -1.314011 3.751818 -1.158413
v -1.176586 3.638967 -1.445760
v -1.093843 3.908988 -1.420460
v -1.145387 3.753903 -1.431630
v -1.169697 3.995044 -1.079756
v -0.988827 3.993706 -1.345027
v -0.670727 3.650965 -1.461086
v -1.068901 3.897671 -1.201987
v -0.427265 3.761738 -1.283505
v -0.856330 4.012037 -0.990297
v -0.885144 3.986469 -1.422657
v -0.729295 3.763617 -1.491644
v -0.793635 3.861712 -1.475884
v -0.499245 3.901119 -1.314729
v -0.672377 4.100156 -1.210769
v -0.575532 3.984637 -1.274871
v -1.000061 4.000867 -1.320333
v -0.787393 4.114894 -1.108543
v -0.608902 3.847873 -0.658718
v -0.805867 4.003784 -1.131407
v -0.887125 3.770687 -0.518315
v -1.099627 3.918666 -1.033740
v -0.769084 4.147433 -0.869951
v -0.636718 3.969102 -0.698522
v -0.686168 4.054605 -0.763748
v -0.926351 3.916878 -0.570015
v -1.062631 4.061619 -0.772192
v -0.979619 3.980686 -0.656470
v -0.810203 4.132439 -1.018167
v -1.103857 4.046973 -0.920454
v -1.194196 3.339455 -1.117805
v -0.953071 3.786688 -0.949345
v -1.048298 3.315367 -1.402783
v -0.772343 3.785677 -1.214703
v -1.194028 3.739441 -1.122707
v -1.237790 3.462333 -1.125221
v -1.233183 3.580608 -1.125843
v -1.095759 3.467756 -1.413191
v -1.013015 3.737777 -1.387891
v -1.064559 3.582693 -1.399060
v -1.088870 3.823833 -1.047186
v -0.907999 3.822496 -1.312457
v -0.589900 3.479755 -1.428516
v -0.988073 3.726460 -1.169417
v -0.346438 3.590527 -1.250936
v -0.775503 3.840827 -0.957727
v -0.804316 3.815258 -1.390087
v -0.648468 3.592407 -1.459074
v -0.712808 3.690501 -1.443314
v -0.418417 3.729909 -1.282159
v -0.591550 3.928945 -1.178199
v -0.494705 3.813426 -1.242301
v -0.919234 3.829656 -1.287763
v -0.706565 3.943683 -1.075974
v -0.528075 3.676663 -0.626148
v -0.725039 3.832573 -1.098837
v -0.806298 3.599476 -0.485745
v -1.018800 3.747456 -1.001170
v -0.688257 3.976223 -0.837381
v -0.555891 3.797891 -0.665952
v -0.605341 3.883394 -0.731179
v -0.845524 3.745667 -0.537445
v -0.981804 3.890409 -0.739622
v -0.898791 3.809475 -0.623901
v -0.729376 3.961228 -0.985597
v -1.023030 3.875762 -0.887884
v -1.647418 3.981264 -1.460507
v -1.158921 3.609897 -1.146084
v -1.546328 3.976720 -1.765201
v -1.027938 3.573040 -1.436882
v -1.290452 4.090448 -1.316746
v -1.553728 4.054743 -1.406866
v -1.446554 4.082765 -1.365163
v -1.427242 4.062738 -1.701935
v -1.159978 4.053096 -1.607730
v -1.315836 4.060578 -1.657578
v -1.190806 3.989602 -1.255229
v -1.060078 3.952497 -1.546120
v -0.716864 4.274596 -1.835435
v -1.212086 3.692998 -1.627052
v -0.497427 4.293994 -1.601876
v -1.014561 3.676490 -1.374484
v -1.024019 4.338815 -1.587352
v -0.817253 4.334202 -1.776923
v -0.907573 4.348920 -1.701848
v -0.619766 4.362962 -1.525327
v -0.826029 4.321877 -1.335155
v -0.710434 4.347143 -1.448433
v -1.111239 4.224328 -1.531059
v -0.913481 4.207605 -1.278676
v -0.794933 4.319484 -1.080646
v -0.912511 3.710722 -1.321045
v -1.021403 4.281982 -0.856183
v -1.139935 3.628968 -1.109683
v -1.035932 4.206527 -1.379266
v -0.869958 4.326203 -1.187326
v -0.940949 4.288412 -1.274175
v -1.115982 4.284698 -0.985144
v -1.262853 4.124649 -1.167384
v -1.175462 4.219182 -1.066097
v -1.034489 4.063695 -1.438260
v -1.261661 3.981879 -1.226638
vn -0.3951 0.1404 0.9078
vn -0.5784 0.5780 0.5756
vn -0.5172 0.5316 0.6708
vn -0.0124 0.7362 -0.6766
vn -0.4362 0.8986 -0.0475
vn -0.8089 -0.3315 -0.4856
vn -0.7786 0.2392 -0.5801
vn -0.8327 0.1387 -0.5362
vn 0.1356 0.9797 0.1474
vn -0.4561 0.8264 -0.3303
vn 0.8150 0.2573 -0.5191
vn 0.5012 0.7393 -0.4498
vn 0.5538 0.6522 -0.5177
vn -0.7794 0.6236 0.0603
vn -0.1565 0.9511 -0.2661
vn -0.8520 0.0422 -0.5218
vn 0.8891 -0.0026 -0.4576
vn -0.0676 -0.0243 0.9974
vn 0.0042 -0.3178 0.9482
vn -0.8481 -0.0090 -0.5297
vn -0.0586 -0.0839 0.9948
vn 0.8853 0.1069 -0.4527
vn 0.7465 0.5578 -0.3628
vn -0.7832 -0.2484 -0.5699
vn -0.7948 -0.2216 -0.5649
vn -0.8138 -0.1632 -0.5577
vn -0.8319 -0.0864 -0.5481
vn -0.8428 -0.0334 -0.5372
vn 0.7418 0.5659 -0.3600
vn 0.7683 0.5179 -0.3762
vn 0.8153 0.4129 -0.4059
vn 0.8608 0.2645 -0.4349
vn 0.8802 0.1562 -0.4482
vn 0.0043 -0.3235 0.9462
vn -0.0054 -0.2968 0.9549
vn -0.0199 -0.2387 0.9709
vn -0.0359 -0.1620 0.9861
vn -0.0500 -0.1087 0.9928
vn -0.7846 -0.2426 -0.5706
vn -0.0627 0.0708 0.9955
vn -0.1422 0.6041 0.7841
vn -0.0814 0.5208 0.8498
vn 0.0981 0.8223 -0.5606
vn -0.0532 0.9816 0.1834
vn -0.9695 0.0708 -0.2346
vn -0.7475 0.6041 -0.2762
vn -0.8227 0.5208 -0.2277
vn 0.5350 0.8223 0.1940
vn -0.1714 0.9816 -0.0843
vn 0.6879 0.0708 -0.7223
vn 0.6130 0.6041 -0.5092
vn 0.6086 0.5208 -0.5986
vn -0.4355 0.8223 0.3663
vn 0.1587 0.9816 -0.1063
vn 0.6214 0.0835 0.7790
vn 0.3616 0.5973 0.7159
vn 0.4595 0.5241 0.7171
vn -0.3990 0.8158 -0.4186
vn -0.0223 0.9701 0.2417
vn -0.8716 -0.0608 0.4864
vn -0.7971 0.4959 0.3447
vn -0.8097 0.4046 0.4251
vn 0.4300 0.8888 -0.1587
vn -0.2896 0.9490 0.1246
vn 0.0027 0.1439 -0.9896
vn 0.0340 0.6675 -0.7438
vn -0.0206 0.5824 -0.8126
vn -0.1587 0.7665 0.6223
vn -0.0646 0.9914 -0.1141
vn 0.5824 0.1404 0.8007
vn 0.2031 0.5780 0.7903
vn 0.3162 0.5316 0.7858
vn -0.5896 0.7362 -0.3322
vn -0.2620 0.8986 0.3520
vn -0.8285 -0.3315 0.4513
vn -0.8947 0.2392 0.3773
vn -0.8842 0.1387 0.4461
vn 0.1958 0.9797 -0.0422
vn -0.5159 0.8264 0.2258
vn -0.0345 0.2573 -0.9657
vn -0.1337 0.7393 -0.6600
vn -0.1657 0.6522 -0.7397
vn -0.3430 0.6236 0.7024
vn -0.3088 0.9511 0.0001
vn -0.4292 -0.3095 0.8485
vn -0.5358 0.2581 0.8039
vn -0.4868 0.1603 0.8587
vn 0.1209 0.9764 -0.1791
vn -0.3170 0.8371 0.4459
vn -0.8128 0.0920 -0.5753
vn -0.7058 0.6152 -0.3511
vn -0.7745 0.5153 -0.3668
vn 0.2475 0.7226 0.6454
vn -0.3284 0.9294 0.1686
vn 0.8709 0.3780 -0.3140
vn 0.6161 0.7877 0.0066
vn 0.6614 0.7436 -0.0981
vn -0.6977 0.5973 0.3955
vn -0.0201 0.9584 0.2849
vn -0.1983 0.8330 0.5165
vn -0.0890 0.9956 -0.0286
vn -0.0655 0.9937 0.0914
vn 0.3942 0.1865 -0.8999
vn 0.1980 0.7471 -0.6345
vn -0.3438 0.8878 -0.3060
vn 0.0870 0.9940 0.0664
vn -0.0297 0.9991 0.0304
vn 0.6080 0.0378 0.7931
vn 0.4790 0.6690 0.5683
vn 0.0955 0.9922 0.0800
vn -0.2642 0.8238 0.5016
vn -0.2371 0.8855 0.3995
vn -0.7400 -0.4261 0.5204
vn -0.6642 0.2650 0.6991
vn -0.6600 0.1404 -0.7381
vn -0.2816 0.5780 -0.7659
vn -0.3936 0.5316 -0.7500
vn 0.6200 0.7362 0.2712
vn 0.2253 0.8986 -0.3766
vn 0.7790 -0.3315 -0.5323
vn 0.8522 0.2392 -0.4653
vn 0.8348 0.1387 -0.5327
vn -0.1905 0.9797 0.0617
vn 0.4906 0.8264 -0.2765
vn 0.1314 0.2573 0.9573
vn 0.1994 0.7393 0.6432
vn 0.2392 0.6522 0.7193
vn 0.2707 0.6236 -0.7334
vn 0.3072 0.9511 -0.0311
vn 0.8299 0.0422 -0.5564
vn 0.0446 -0.0026 0.9990
vn -0.8781 -0.0243 -0.4779
vn -0.8633 -0.3178 -0.3920
vn 0.8354 -0.0090 -0.5495
vn -0.8794 -0.0839 -0.4686
vn 0.0417 0.1069 0.9934
vn 0.0180 0.5578 0.8298
vn 0.8449 -0.2484 -0.4737
vn 0.8452 -0.2216 -0.4864
vn 0.8466 -0.1632 -0.5066
vn 0.8454 -0.0864 -0.5271
vn 0.8400 -0.0334 -0.5415
vn 0.0174 0.5659 0.8243
vn 0.0211 0.5179 0.8552
vn 0.0284 0.4129 0.9103
vn 0.0358 0.2645 0.9637
vn 0.0398 0.1562 0.9869
vn -0.8616 -0.3235 -0.3912
vn -0.8655 -0.2968 -0.4036
vn -0.8739 -0.2387 -0.4234
vn -0.8811 -0.1620 -0.4444
vn -0.8813 -0.1087 -0.4599
vn 0.8461 -0.2426 -0.4747
vn -0.8784 0.0708 -0.4726
vn -0.6531 0.6041 -0.4566
vn -0.7382 0.5208 -0.4288
vn 0.4684 0.8223 0.3232
vn -0.1444 0.9816 -0.1249
vn 0.6180 0.0708 -0.7830
vn 0.5631 0.6041 -0.5639
vn 0.5504 0.5208 -0.6525
vn -0.3996 0.8223 0.4051
vn 0.1481 0.9816 -0.1205
vn 0.3691 0.0708 0.9267
vn 0.2068 0.6041 0.7696
vn 0.2899 0.5208 0.8029
vn -0.1511 0.8223 -0.5487
vn 0.0303 0.9816 0.1885
vn -0.9673 0.0835 0.2394
vn -0.8015 0.5973 0.0297
vn -0.8434 0.5241 0.1182
vn 0.5470 0.8158 -0.1878
vn -0.2103 0.9701 -0.1212
vn -0.0781 -0.0608 -0.9951
vn 0.0196 0.4959 -0.8682
vn -0.0482 0.4046 -0.9132
vn -0.0353 0.8888 0.4570
vn 0.0077 0.9490 -0.3152
vn 0.8981 0.1439 0.4156
vn 0.6617 0.6675 0.3415
vn 0.7470 0.5824 0.3206
vn -0.4992 0.7665 -0.4040
vn 0.1307 0.9914 -0.0111
vn -0.9707 0.1404 0.1949
vn -0.8030 0.5780 -0.1454
vn -0.8460 0.5316 -0.0408
vn 0.5480 0.7362 -0.3971
vn -0.2105 0.8986 -0.3850
vn -0.0641 -0.3315 -0.9413
vn 0.0307 0.2392 -0.9705
vn -0.0362 0.1387 -0.9897
vn -0.0434 0.9797 0.1955
vn 0.0102 0.8264 -0.5630
vn 0.8919 0.2573 0.3718
vn 0.6556 0.7393 0.1540
vn 0.7413 0.6522 0.1583
vn -0.4951 0.6236 -0.6050
vn 0.1289 0.9511 -0.2806
vn -0.5918 -0.3095 -0.7443
vn -0.5068 0.2581 -0.8225
vn -0.5770 0.1603 -0.8009
vn 0.1123 0.9764 0.1846
vn -0.2729 0.8371 -0.4742
vn 0.8621 0.0920 -0.4983
vn 0.6137 0.6152 -0.4948
vn 0.6567 0.5153 -0.5507
vn -0.6898 0.7226 -0.0446
vn -0.0161 0.9294 -0.3687
vn -0.0783 0.3780 0.9225
vn -0.2632 0.7877 0.5570
vn -0.1870 0.7436 0.6419
vn -0.0681 0.5973 -0.7991
vn -0.2505 0.9584 -0.1372
vn -0.3865 0.8330 -0.3959
vn 0.0631 0.9956 -0.0689
vn -0.0557 0.9937 -0.0977
vn 0.6531 0.1865 0.7339
vn 0.4939 0.7471 0.4448
vn 0.4216 0.8878 -0.1847
vn -0.0966 0.9940 0.0514
vn -0.0152 0.9991 -0.0397
vn -0.9745 0.0378 0.2213
vn -0.7164 0.6690 0.1980
vn -0.1125 0.9922 0.0534
vn -0.3454 0.8238 -0.4495
vn -0.2640 0.8855 -0.3823
vn -0.1639 -0.4261 -0.8897
vn -0.3579 0.2650 -0.8954
vn -0.9885 0.1404 0.0558
vn -0.7744 0.5780 -0.2574
vn -0.8318 0.5316 -0.1599
vn 0.5986 0.7362 -0.3157
vn -0.1540 0.8986 -0.4109
vn 0.0695 -0.3315 -0.9409
vn 0.1675 0.2392 -0.9564
vn 0.1040 0.1387 -0.9849
vn -0.0706 0.9797 0.1874
vn 0.0897 0.8264 -0.5559
vn 0.8304 0.2573 0.4941
vn 0.6272 0.7393 0.2451
vn 0.7115 0.6522 0.2615
vn -0.4046 0.6236 -0.6688
vn 0.1672 0.9511 -0.2596
vn 0.0824 0.0422 -0.9957
vn 0.8089 -0.0026 0.5880
vn -0.9211 -0.0243 0.3886
vn -0.8448 -0.3178 0.4306
vn 0.0912 -0.0090 -0.9958
vn -0.9147 -0.0839 0.3954
vn 0.8027 0.1069 0.5868
vn 0.6600 0.5578 0.5033
vn 0.1564 -0.2484 -0.9559
vn 0.1467 -0.2216 -0.9640
vn 0.1317 -0.1632 -0.9778
vn 0.1150 -0.0864 -0.9896
vn 0.1004 -0.0334 -0.9944
vn 0.6553 0.5659 0.5003
vn 0.6818 0.5179 0.5167
vn 0.7294 0.4129 0.5453
vn 0.7758 0.2645 0.5729
vn 0.7964 0.1562 0.5842
vn -0.8430 -0.3235 0.4298
vn -0.8551 -0.2968 0.4250
vn -0.8759 -0.2387 0.4193
vn -0.8968 -0.1620 0.4118
vn -0.9091 -0.1087 0.4023
vn 0.1563 -0.2426 -0.9574
vn -0.9172 0.0708 0.3921
vn -0.7642 0.6041 0.2259
vn -0.7955 0.5208 0.3098
vn 0.5447 0.8223 -0.1647
vn -0.1877 0.9816 0.0350
vn -0.2269 0.0708 -0.9713
vn -0.0898 0.6041 -0.7918
vn -0.1670 0.5208 -0.8372
vn 0.0676 0.8223 0.5650
vn -0.0019 0.9816 -0.1910
vn 0.9547 0.0708 0.2892
vn 0.7306 0.6041 0.3182
vn 0.8085 0.5208 0.2740
vn -0.5231 0.8223 -0.2240
vn 0.1663 0.9816 0.0938
vn -0.4159 0.0835 0.9056
vn -0.4765 0.5973 0.6451
vn -0.4335 0.5241 0.7331
vn 0.1942 0.8158 -0.5448
vn -0.2259 0.9701 0.0888
vn -0.8267 -0.0608 -0.5594
vn -0.6666 0.4959 -0.5566
vn -0.7440 0.4046 -0.5317
vn 0.3353 0.8888 0.3125
vn -0.2417 0.9490 -0.2026
vn 0.8849 0.1439 -0.4430
vn 0.6795 0.6675 -0.3044
vn 0.7164 0.5824 -0.3842
vn -0.6272 0.7665 0.1384
vn 0.0728 0.9914 -0.1091
vn -0.4528 0.1404 0.8805
vn -0.6143 0.5780 0.5371
vn -0.5594 0.5316 0.6360
vn 0.0312 0.7362 -0.6760
vn -0.4322 0.8986 -0.0755
vn -0.7759 -0.3315 -0.5367
vn -0.7396 0.2392 -0.6291
vn -0.7963 0.1387 -0.5887
vn 0.1258 0.9797 0.1558
vn -0.4338 0.8264 -0.3590
vn 0.8468 0.2573 -0.4655
vn 0.5292 0.7393 -0.4165
vn 0.5860 0.6522 -0.4809
vn -0.7816 0.6236 0.0099
vn -0.1390 0.9511 -0.2757
vn -0.4323 0.8986 -0.0755
vn -0.9509 -0.3095 -0.0013
vn -0.9591 0.2581 -0.1166
vn -0.9859 0.1603 -0.0482
vn 0.2143 0.9764 0.0273
vn -0.5409 0.8371 -0.0823
vn 0.1479 0.0920 -0.9847
vn -0.0042 0.6152 -0.7883
vn -0.0211 0.5153 -0.8567
vn -0.4649 0.7226 0.5115
vn -0.2983 0.9294 -0.2173
vn 0.6724 0.3780 0.6364
vn 0.2714 0.7877 0.5531
vn 0.3853 0.7436 0.5464
vn -0.6672 0.5973 -0.4450
vn -0.2634 0.9584 0.1103
vn 0.1479 0.0919 -0.9847
vn -0.5505 0.8330 0.0554
vn -0.0145 0.9956 -0.0923
vn -0.1111 0.9937 -0.0173
vn 0.9810 0.1865 -0.0531
vn 0.6557 0.7471 -0.1088
vn 0.1185 0.8878 -0.4447
vn -0.0201 0.9940 0.1076
vn -0.0405 0.9991 -0.0129
vn -0.4345 0.0378 0.8999
vn -0.2919 0.6690 0.6835
vn -0.0284 0.9922 0.1213
vn -0.5668 0.8238 -0.0102
vn -0.4635 0.8855 -0.0319
vn -0.7978 -0.4261 -0.4265
vn -0.9232 0.2650 -0.2784
vn 0.2775 0.1404 -0.9504
vn 0.5012 0.5780 -0.6440
vn 0.4285 0.5316 -0.7306
vn 0.0976 0.7362 0.6696
vn 0.4387 0.8986 -0.0079
vn 0.8637 -0.3315 0.3797
vn 0.8456 0.2392 0.4773
vn 0.8936 0.1387 0.4269
vn -0.1531 0.9797 -0.1291
vn 0.4941 0.8264 0.2702
vn -0.7431 0.2573 0.6177
vn -0.4405 0.7393 0.5094
vn -0.4841 0.6522 0.5834
vn 0.7656 0.6236 -0.1580
vn 0.1888 0.9511 0.2443
vn 0.9110 0.0422 0.4102
vn -0.8244 -0.0026 0.5661
vn -0.0587 -0.0243 -0.9980
vn -0.1237 -0.3178 -0.9401
vn 0.9082 -0.0090 0.4185
vn -0.0673 -0.0839 -0.9942
vn -0.8211 0.1069 0.5607
vn -0.6948 0.5578 0.4540
vn 0.8488 -0.2484 0.4666
vn 0.8597 -0.2216 0.4602
vn 0.8776 -0.1632 0.4507
vn 0.8944 -0.0864 0.4389
vn 0.9038 -0.0334 0.4267
vn -0.6905 0.5659 0.4506
vn -0.7147 0.5179 0.4701
vn -0.7576 0.4129 0.5055
vn -0.7991 0.2645 0.5400
vn -0.8167 0.1562 0.5556
vn -0.1236 -0.3235 -0.9381
vn -0.1151 -0.2968 -0.9480
vn -0.1027 -0.2387 -0.9656
vn -0.0887 -0.1620 -0.9828
vn -0.0756 -0.1087 -0.9912
vn 0.8503 -0.2426 0.4671
vn -0.0633 0.0708 -0.9955
vn 0.0423 0.6041 -0.7958
vn -0.0264 0.5208 -0.8533
vn -0.0267 0.8223 0.5684
vn 0.0297 0.9816 -0.1886
vn 0.9914 0.0708 0.1105
vn 0.7763 0.6041 0.1798
vn 0.8449 0.5208 0.1222
vn -0.5552 0.8223 -0.1250
vn 0.1806 0.9816 0.0620
vn -0.5914 0.0708 0.8033
vn -0.5439 0.6041 0.5824
vn -0.5283 0.5208 0.6706
vn 0.3858 0.8223 -0.4183
vn -0.1440 0.9816 0.1254
vn -0.7147 0.0835 -0.6944
vn -0.4490 0.5973 -0.6645
vn -0.5463 0.5241 -0.6534
vn 0.4486 0.8158 0.3650
vn -0.0083 0.9701 -0.2426
vn 0.8033 -0.0608 -0.5924
vn 0.7472 0.4959 -0.4424
vn 0.7497 0.4046 -0.5238
vn -0.4065 0.8888 0.2117
vn 0.2716 0.9490 -0.1601
vn 0.1221 0.1439 0.9820
vn 0.0600 0.6675 0.7422
vn 0.1229 0.5824 0.8036
vn 0.0790 0.7665 -0.6374
vn 0.0785 0.9914 0.1050
vn -0.6787 0.1404 -0.7209
vn -0.3012 0.5780 -0.7584
vn -0.4127 0.5316 -0.7397
vn 0.6268 0.7362 0.2552
vn 0.2155 0.8986 -0.3822
vn 0.7650 -0.3315 -0.5521
vn 0.8400 0.2392 -0.4871
vn 0.8209 0.1387 -0.5540
vn -0.1889 0.9797 0.0665
vn 0.4833 0.8264 -0.2890
vn 0.1560 0.2573 0.9536
vn 0.2159 0.7393 0.6379
vn 0.2576 0.6522 0.7129
vn 0.2517 0.6236 -0.7401
vn 0.3063 0.9511 -0.0390
vn 0.2159 0.7392 0.6379
vn 0.2576 0.6522 0.7130
vn 0.3188 -0.3095 -0.8959
vn 0.4301 0.2581 -0.8651
vn 0.3747 0.1603 -0.9132
vn -0.0973 0.9764 0.1929
vn 0.2582 0.8371 -0.4824
vn 0.8788 0.0920 0.4682
vn 0.7445 0.6152 0.2593
vn 0.8146 0.5153 0.2662
vn -0.3269 0.7226 -0.6090
vn 0.3045 0.9294 -0.2086
vn -0.8244 0.3780 0.4213
vn -0.6120 0.7877 0.0711
vn -0.6437 0.7436 0.1807
vn 0.6423 0.5973 -0.4803
vn -0.0160 0.9584 -0.2851
vn 0.2582 0.8371 -0.4823
vn 0.1316 0.8330 -0.5374
vn 0.0919 0.9956 0.0171
vn 0.0534 0.9937 -0.0990
vn -0.2776 0.1865 0.9424
vn -0.1164 0.7471 0.6544
vn 0.3796 0.8878 0.2602
vn -0.0947 0.9940 -0.0549
vn 0.0257 0.9991 -0.0339
vn -0.7031 0.0378 -0.7101
vn -0.5468 0.6690 -0.5034
vn -0.1048 0.9922 -0.0673
vn 0.1989 0.8238 -0.5309
vn 0.1849 0.8855 -0.4263
vn 0.6685 -0.4261 -0.6096
vn 0.5707 0.2650 -0.7772
vn 0.8278 0.1404 0.5432
vn 0.4693 0.5780 0.6676
vn 0.5734 0.5316 0.6234
vn -0.6689 0.7362 -0.1024
vn -0.1207 0.8986 0.4219
vn -0.6157 -0.3315 0.7149
vn -0.7036 0.2392 0.6691
vn -0.6695 0.1387 0.7298
vn 0.1682 0.9797 -0.1086
vn -0.4028 0.8264 0.3935
vn -0.3735 0.2573 -0.8912
vn -0.3583 0.7393 -0.5702
vn -0.4164 0.6522 -0.6335
vn -0.0727 0.6236 0.7783
vn -0.2888 0.9511 0.1092
vn -0.6586 0.0422 0.7513
vn -0.3003 -0.0026 -0.9538
vn 0.9715 -0.0243 0.2356
vn 0.9352 -0.3178 0.1565
vn -0.6658 -0.0090 0.7461
vn 0.9704 -0.0839 0.2263
vn -0.2961 0.1069 -0.9492
vn -0.2310 0.5578 -0.7971
vn -0.6944 -0.2484 0.6753
vn -0.6915 -0.2216 0.6876
vn -0.6876 -0.1632 0.7075
vn -0.6812 -0.0864 0.7270
vn -0.6723 -0.0334 0.7395
vn -0.2291 0.5659 -0.7920
vn -0.2406 0.5179 -0.8209
vn -0.2619 0.4129 -0.8723
vn -0.2828 0.2645 -0.9220
vn -0.2926 0.1562 -0.9434
vn 0.9333 -0.3235 0.1561
vn 0.9402 -0.2968 0.1671
vn 0.9535 -0.2387 0.1841
vn 0.9658 -0.1620 0.2025
vn 0.9700 -0.1087 0.2175
vn -0.6953 -0.2426 0.6766
vn 0.9705 0.0708 0.2305
vn 0.7486 0.6041 0.2731
vn 0.8237 0.5208 0.2242
vn -0.5358 0.8223 -0.1917
vn 0.1717 0.9816 0.0835
vn -0.3955 0.0708 0.9157
vn -0.3989 0.6041 0.6899
vn -0.3639 0.5208 0.7722
vn 0.2818 0.8223 -0.4944
vn -0.1121 0.9816 0.1546
vn -0.5953 0.0708 -0.8004
vn -0.3980 0.6041 -0.6904
vn -0.4868 0.5208 -0.7012
vn 0.2872 0.8223 0.4913
vn -0.0778 0.9816 -0.1744
vn 0.8731 0.0835 -0.4804
vn 0.7668 0.5973 -0.2351
vn 0.7846 0.5241 -0.3314
vn -0.4802 0.8158 0.3223
vn 0.2344 0.9701 0.0630
vn 0.3317 -0.0608 0.9414
vn 0.2046 0.4959 0.8439
vn 0.2817 0.4046 0.8700
vn -0.0836 0.8888 -0.4506
vn 0.0737 0.9490 0.3066
vn -0.9748 0.1439 -0.1704
vn -0.7273 0.6675 -0.1596
vn -0.8044 0.5824 -0.1174
vn 0.5864 0.7665 0.2619
vn -0.1234 0.9914 0.0444
vn 0.8878 0.1404 -0.4383
vn 0.8133 0.5780 -0.0663
vn 0.8280 0.5316 -0.1784
vn -0.4273 0.7362 0.5248
vn 0.3025 0.8986 0.3178
vn 0.3043 -0.3315 0.8930
vn 0.2202 0.2392 0.9457
vn 0.2898 0.1387 0.9470
vn -0.0084 0.9797 -0.2001
vn 0.1351 0.8264 0.5467
vn -0.9576 0.2573 -0.1296
vn -0.6731 0.7393 0.0200
vn -0.7571 0.6522 0.0379
vn 0.6341 0.6236 0.4571
vn -0.0523 0.9511 0.3043
vn 0.7635 -0.3095 0.5668
vn 0.7015 0.2581 0.6643
vn 0.7638 0.1603 0.6253
vn -0.1560 0.9764 -0.1495
vn 0.3858 0.8371 0.3879
vn -0.7047 0.0920 0.7035
vn -0.4656 0.6152 0.6361
vn -0.4927 0.5153 0.7012
vn 0.6780 0.7226 -0.1346
vn 0.1105 0.9294 0.3522
vn -0.1618 0.3780 -0.9115
vn 0.1109 0.7877 -0.6060
vn 0.0154 0.7436 -0.6684
vn 0.2716 0.5973 0.7546
vn 0.2773 0.9584 0.0681
vn 0.3858 0.8371 0.3880
vn 0.2773 0.9584 0.0680
vn 0.4754 0.8330 0.2830
vn -0.0432 0.9956 0.0828
vn 0.0790 0.9937 0.0800
vn -0.8201 0.1865 -0.5410
vn -0.5918 0.7471 -0.3026
vn -0.3598 0.8878 0.2870
vn 0.0801 0.9940 -0.0745
vn 0.0249 0.9991 0.0345
vn 0.8846 0.0378 -0.4648
vn 0.6413 0.6690 -0.3758
vn 0.0950 0.9922 -0.0806
vn 0.4495 0.8238 0.3454
vn 0.3536 0.8855 0.3014
vn 0.3875 -0.4261 0.8175
vn 0.5764 0.2650 0.7730
vn -0.7759 0.1404 0.6151
vn -0.7812 0.5780 0.2357
vn -0.7720 0.5316 0.3484
vn 0.3075 0.7362 -0.6028
vn -0.3625 0.8986 -0.2472
vn -0.4852 -0.3315 -0.8092
vn -0.4140 0.2392 -0.8783
vn -0.4823 0.1387 -0.8649
vn 0.0503 0.9797 0.1939
vn -0.2469 0.8264 -0.5061
vn 0.9634 0.2573 -0.0745
vn 0.6539 0.7393 -0.1610
vn 0.7322 0.6522 -0.1961
vn -0.7160 0.6236 -0.3136
vn -0.0128 0.9511 -0.3085
vn -0.5062 0.0422 -0.8614
vn 0.9999 -0.0026 0.0147
vn -0.5291 -0.0243 0.8482
vn -0.4425 -0.3178 0.8386
vn -0.4990 -0.0090 -0.8665
vn -0.5199 -0.0839 0.8501
vn 0.9941 0.1069 0.0172
vn 0.8294 0.5578 0.0312
vn -0.4228 -0.2484 -0.8715
vn -0.4354 -0.2216 -0.8725
vn -0.4556 -0.1632 -0.8751
vn -0.4760 -0.0864 -0.8752
vn -0.4908 -0.0334 -0.8707
vn 0.8239 0.5659 0.0315
vn 0.8549 0.5179 0.0297
vn 0.9104 0.4129 0.0256
vn 0.9642 0.2645 0.0214
vn 0.9876 0.1562 0.0188
vn -0.4415 -0.3235 0.8369
vn -0.4542 -0.2968 0.8400
vn -0.4745 -0.2387 0.8473
vn -0.4958 -0.1620 0.8532
vn -0.5114 -0.1087 0.8525
vn -0.4237 -0.2426 -0.8727
vn -0.5238 0.0708 0.8489
vn -0.4945 0.6041 0.6249
vn -0.4718 0.5208 0.7115
vn 0.3504 0.8223 -0.4484
vn -0.1333 0.9816 0.1368
vn -0.7450 0.0708 -0.6633
vn -0.5295 0.6041 -0.5955
vn -0.6187 0.5208 -0.5881
vn 0.3808 0.8223 0.4229
vn -0.1115 0.9816 -0.1550
vn 0.9469 0.0708 -0.3136
vn 0.7805 0.6041 -0.1608
vn 0.8187 0.5208 -0.2418
vn -0.5566 0.8223 0.1183
vn 0.1900 0.9816 -0.0191
vn 0.1817 0.0835 0.9798
vn -0.0178 0.5973 0.8018
vn 0.0680 0.5241 0.8490
vn -0.1551 0.8158 -0.5572
vn -0.1334 0.9701 0.2027
vn -0.9980 -0.0608 0.0190
vn -0.8655 0.4959 -0.0710
vn -0.9145 0.4046 -0.0061
vn 0.4541 0.8888 0.0623
vn -0.3142 0.9490 -0.0264
vn 0.4681 0.1439 -0.8719
vn 0.3801 0.6675 -0.6403
vn 0.3643 0.5824 -0.7267
vn -0.4329 0.7665 0.4744
vn -0.0033 0.9914 -0.1311
vn 0.1370 0.1404 0.9806
vn -0.1927 0.5780 0.7929
vn -0.0909 0.5316 0.8421
vn -0.3639 0.7362 -0.5706
vn -0.3968 0.8986 0.1873
vn -0.9434 -0.3315 0.0082
vn -0.9670 0.2392 -0.0882
vn -0.9901 0.1387 -0.0225
vn 0.1926 0.9797 0.0549
vn -0.5614 0.8264 -0.0436
vn 0.4240 0.2573 -0.8683
vn 0.1926 0.7393 -0.6453
vn 0.2020 0.6522 -0.7307
vn -0.6332 0.6236 0.4583
vn -0.2725 0.9511 -0.1453
vn -0.7780 -0.3095 0.5467
vn -0.8511 0.2581 0.4572
vn -0.8336 0.1603 0.5285
vn 0.1909 0.9764 -0.1011
vn -0.4895 0.8371 0.2443
vn -0.4464 0.0920 -0.8901
vn -0.4575 0.6152 -0.6420
vn -0.5108 0.5153 -0.6882
vn -0.0854 0.7226 0.6859
vn -0.3690 0.9294 -0.0058
vn 0.9162 0.3780 0.1329
vn 0.5405 0.7877 0.2957
vn 0.6297 0.7436 0.2247
vn -0.8017 0.5973 0.0206
vn -0.1518 0.9584 0.2419
vn -0.4181 0.8330 0.3624
vn -0.0651 0.9956 -0.0671
vn -0.1008 0.9937 0.0499
vn 0.7713 0.1865 -0.6085
vn 0.4733 0.7471 -0.4667
vn -0.1593 0.8878 -0.4318
vn 0.0456 0.9940 0.0995
vn -0.0405 0.9991 0.0128
vn 0.1632 0.0378 0.9859
vn 0.1551 0.6690 0.7269
vn 0.0466 0.9922 0.1155
vn -0.4692 0.8238 0.3182
vn -0.3973 0.8855 0.2409
vn -0.8978 -0.4261 0.1109
vn -0.9150 0.2650 0.3042
vn 0.3220 0.1404 0.9363
vn -0.0376 0.5780 0.8151
vn 0.0718 0.5316 0.8440
vn -0.4662 0.7362 -0.4905
vn -0.3537 0.8986 0.2597
vn -0.9245 -0.3315 0.1884
vn -0.9660 0.2392 0.0983
vn -0.9761 0.1387 0.1672
vn 0.1995 0.9797 0.0171
vn -0.5594 0.8264 0.0645
vn 0.2503 0.2573 -0.9334
vn 0.0657 0.7393 -0.6702
vn 0.0586 0.6522 -0.7558
vn -0.5340 0.6236 0.5709
vn -0.2952 0.9511 -0.0905
vn -0.9807 0.0422 0.1909
vn 0.3465 -0.0026 -0.9381
vn 0.6239 -0.0243 0.7811
vn 0.6436 -0.3178 0.6962
vn -0.9832 -0.0090 0.1824
vn 0.6288 -0.0839 0.7730
vn 0.3469 0.1069 -0.9318
vn 0.3053 0.5578 -0.7718
vn -0.9625 -0.2484 0.1089
vn -0.9677 -0.2216 0.1204
vn -0.9768 -0.1632 0.1385
vn -0.9837 -0.0864 0.1578
vn -0.9843 -0.0334 0.1732
vn 0.3037 0.5659 -0.7665
vn 0.3124 0.5179 -0.7964
vn 0.3269 0.4129 -0.8500
vn 0.3409 0.2645 -0.9021
vn 0.3462 0.1562 -0.9251
vn 0.6424 -0.3235 0.6948
vn 0.6411 -0.2968 0.7077
vn 0.6412 -0.2387 0.7293
vn 0.6397 -0.1620 0.7514
vn 0.6338 -0.1087 0.7658
vn -0.9639 -0.2426 0.1093
vn 0.6263 0.0708 0.7764
vn 0.4248 0.6041 0.6742
vn 0.5140 0.5208 0.6816
vn -0.3063 0.8223 -0.4796
vn 0.0846 0.9816 0.1712
vn -0.8733 0.0708 0.4820
vn -0.7377 0.6041 0.3013
vn -0.7605 0.5208 0.3879
vn 0.5255 0.8223 -0.2184
vn -0.1833 0.9816 0.0536
vn 0.0193 0.0708 -0.9973
vn 0.1080 0.6041 -0.7895
vn 0.0443 0.5208 -0.8525
vn -0.0736 0.8223 0.5643
vn 0.0452 0.9816 -0.1855
vn 0.9844 0.0835 0.1546
vn 0.7502 0.5973 0.2835
vn 0.8232 0.5241 0.2183
vn -0.5770 0.8158 -0.0391
vn 0.1468 0.9701 0.1933
vn -0.3141 -0.0608 0.9475
vn -0.3548 0.4959 0.7926
vn -0.3099 0.4046 0.8604
vn 0.2098 0.8888 -0.4075
vn -0.1294 0.9490 0.2875
vn -0.6665 0.1439 -0.7315
vn -0.4774 0.6675 -0.5714
vn -0.5642 0.5824 -0.5853
vn 0.3034 0.7665 0.5661
vn -0.1247 0.9914 -0.0405
vn 0.9703 0.1404 0.1969
vn 0.6837 0.5780 0.4455
vn 0.7640 0.5316 0.3658
vn -0.6591 0.7362 0.1534
vn 0.0446 0.8986 0.4365
vn -0.3061 -0.3315 0.8924
vn -0.4048 0.2392 0.8826
vn -0.3506 0.1387 0.9262
vn 0.1159 0.9797 -0.1634
vn -0.2278 0.8264 0.5150
vn -0.6778 0.2573 -0.6887
vn -0.5445 0.7393 -0.3963
vn -0.6219 0.6522 -0.4335
vn 0.2216 0.6236 0.7496
vn -0.2276 0.9511 0.2086
vn 0.1158 0.9797 -0.1634
vn 0.1159 0.9797 -0.1633
vn -0.2279 0.8264 0.5150
vn 0.2568 -0.3095 0.9156
vn 0.1480 0.2581 0.9547
vn 0.2211 0.1603 0.9620
vn -0.0318 0.9764 -0.2137
vn 0.0675 0.8371 0.5429
vn -0.9879 0.0920 0.1249
vn -0.7576 0.6152 0.2179
vn -0.8189 0.5153 0.2528
vn 0.6185 0.7226 0.3087
vn -0.1282 0.9294 0.3461
vn 0.4301 0.3780 -0.8198
vn 0.4587 0.7877 -0.4113
vn 0.4214 0.7436 -0.5191
vn -0.2472 0.5973 0.7629
vn 0.1776 0.9584 0.2236
vn -0.0319 0.9764 -0.2137
vn 0.2027 0.8330 0.5148
vn -0.0849 0.9956 0.0390
vn 0.0135 0.9937 0.1117
vn -0.3173 0.1865 -0.9298
vn -0.2827 0.7471 -0.6016
vn -0.4602 0.8878 0.0067
vn 0.1090 0.9940 -0.0099
vn -0.0014 0.9991 0.0425
vn 0.9840 0.0378 0.1740
vn 0.7371 0.6690 0.0955
vn 0.1244 0.9922 -0.0055
vn 0.1440 0.8238 0.5483
vn 0.0951 0.8855 0.4548
vn -0.1941 -0.4261 0.8836
vn -0.0175 0.2650 0.9641
vn 0.7661 0.1404 -0.6272
vn 0.7774 0.5780 -0.2480
vn 0.7664 0.5316 -0.3606
vn -0.2979 0.7362 0.6076
vn 0.3664 0.8986 0.2414
vn 0.4979 -0.3315 0.8014
vn 0.4278 0.2392 0.8716
vn 0.4959 0.1387 0.8572
vn -0.0533 0.9797 -0.1930
vn 0.2549 0.8264 0.5021
vn -0.9621 0.2573 0.0897
vn -0.6513 0.7393 0.1713
vn -0.7291 0.6522 0.2077
vn 0.7209 0.6236 0.3023
vn 0.0177 0.9511 0.3083
vn 0.5198 0.0422 0.8533
vn -1.0000 -0.0026 0.0011
vn 0.5156 -0.0243 -0.8565
vn 0.4292 -0.3178 -0.8455
vn 0.5127 -0.0090 0.8585
vn 0.5064 -0.0839 -0.8582
vn -0.9943 0.1069 -0.0015
vn -0.8298 0.5578 -0.0181
vn 0.4366 -0.2484 0.8647
vn 0.4491 -0.2216 0.8655
vn 0.4693 -0.1632 0.8678
vn 0.4898 -0.0864 0.8675
vn 0.5045 -0.0334 0.8628
vn -0.8243 0.5659 -0.0185
vn -0.8553 0.5179 -0.0161
vn -0.9107 0.4129 -0.0112
vn -0.9644 0.2645 -0.0061
vn -0.9877 0.1562 -0.0032
vn 0.4283 -0.3235 -0.8438
vn 0.4408 -0.2968 -0.8471
vn 0.4610 -0.2387 -0.8547
vn 0.4823 -0.1620 -0.8609
vn 0.4978 -0.1087 -0.8604
vn 0.4375 -0.2426 0.8659
vn 0.5104 0.0708 -0.8571
vn 0.4846 0.6041 -0.6326
vn 0.4605 0.5208 -0.7188
vn -0.3433 0.8223 0.4539
vn 0.1311 0.9816 -0.1389
vn 0.7554 0.0708 0.6514
vn 0.5389 0.6041 0.5871
vn 0.6279 0.5208 0.5783
vn -0.3874 0.8223 -0.4169
vn 0.1140 0.9816 0.1532
vn -0.9419 0.0708 0.3285
vn -0.7779 0.6041 0.1731
vn -0.8148 0.5208 0.2547
vn 0.5547 0.8223 -0.1271
vn -0.1897 0.9816 0.0221
vn -0.1971 0.0835 -0.9768
vn 0.0052 0.5973 -0.8020
vn -0.0814 0.5241 -0.8478
vn 0.1638 0.8158 0.5547
vn 0.1302 0.9701 -0.2048
vn 0.9975 -0.0608 -0.0348
vn 0.8665 0.4959 0.0573
vn 0.9145 0.4046 -0.0084
vn -0.4550 0.8888 -0.0551
vn 0.3146 0.9490 0.0214
vn -0.4543 0.1439 0.8792
vn -0.3699 0.6675 0.6462
vn -0.3527 0.5824 0.7324
vn 0.4254 0.7665 -0.4812
vn 0.0054 0.9914 0.1310
vn -0.1525 0.1404 -0.9783
vn 0.1802 0.5780 -0.7959
vn 0.0775 0.5316 -0.8435
vn 0.3729 0.7362 0.5647
vn 0.3938 0.8986 -0.1935
vn 0.9432 -0.3315 -0.0231
vn 0.9682 0.2392 0.0729
vn 0.9903 0.1387 0.0069
vn -0.1934 0.9797 -0.0519
vn 0.5620 0.8264 0.0347
vn -0.4103 0.2573 0.8749
vn -0.1824 0.7393 0.6483
vn -0.1904 0.6522 0.7338
vn 0.6259 0.6236 -0.4683
vn 0.2747 0.9511 0.1409
vn 0.9903 0.1387 0.0068
vn 0.7693 -0.3095 -0.5589
vn 0.8438 0.2581 -0.4706
vn 0.8252 0.1603 -0.5416
vn -0.1893 0.9764 0.1041
vn 0.4856 0.8371 -0.2520
vn 0.4604 0.0920 0.8829
vn 0.4676 0.6152 0.6347
vn 0.5216 0.5153 0.6800
vn 0.0745 0.7226 -0.6872
vn 0.3691 0.9294 -0.0000
vn -0.9182 0.3780 -0.1184
vn -0.5451 0.7877 -0.2872
vn -0.6332 0.7436 -0.2147
vn 0.8013 0.5973 -0.0333
vn 0.1479 0.9584 -0.2443
vn 0.4123 0.8330 -0.3690
vn 0.0661 0.9956 0.0660
vn 0.1000 0.9937 -0.0514
vn -0.7616 0.1865 0.6206
vn -0.4658 0.7471 0.4741
vn 0.1662 0.8878 0.4292
vn -0.0471 0.9940 -0.0988
vn 0.0403 0.9991 -0.0135
vn -0.1788 0.0378 -0.9832
vn -0.1666 0.6690 -0.7243
vn -0.0484 0.9922 -0.1148
vn 0.4641 0.8238 -0.3256
vn 0.3934 0.8855 -0.2472
vn 0.8960 -0.4261 -0.1251
vn 0.9101 0.2650 -0.3186
vn -0.2328 0.1404 -0.9624
vn 0.1138 0.5780 -0.8080
vn 0.0076 0.5316 -0.8470
vn 0.4182 0.7362 0.5320
vn 0.3765 0.8986 -0.2254
vn 0.9380 -0.3315 -0.1009
vn 0.9709 0.2392 -0.0073
vn 0.9875 0.1387 -0.0749
vn -0.1970 0.9797 -0.0357
vn 0.5630 0.8264 -0.0118
vn -0.3366 0.2573 0.9058
vn -0.1283 0.7393 0.6611
vn -0.1292 0.6522 0.7470
vn 0.5851 0.6236 -0.5184
vn 0.2854 0.9511 0.1178
vn 0.9943 0.0422 -0.0981
vn -0.4329 -0.0026 0.9015
vn -0.5480 -0.0243 -0.8361
vn -0.5755 -0.3178 -0.7535
vn 0.9960 -0.0090 -0.0894
vn -0.5536 -0.0839 -0.8286
vn -0.4328 0.1069 0.8952
vn -0.3763 0.5578 0.7397
vn 0.9685 -0.2484 -0.0182
vn 0.9747 -0.2216 -0.0291
vn 0.9855 -0.1632 -0.0464
vn 0.9941 -0.0864 -0.0649
vn 0.9962 -0.0334 -0.0802
vn -0.3743 0.5659 0.7347
vn -0.3856 0.5179 0.7636
vn -0.4052 0.4129 0.8157
vn -0.4239 0.2645 0.8662
vn -0.4314 0.1562 0.8885
vn -0.5744 -0.3235 -0.7519
vn -0.5720 -0.2968 -0.7647
vn -0.5700 -0.2387 -0.7862
vn -0.5664 -0.1620 -0.8080
vn -0.5593 -0.1087 -0.8218
vn 0.9700 -0.2426 -0.0185
vn -0.5508 0.0708 -0.8317
vn -0.3597 0.6041 -0.7111
vn -0.4479 0.5208 -0.7267
vn 0.2600 0.8223 0.5062
vn -0.0682 0.9816 -0.1784
vn 0.9147 0.0708 -0.3980
vn 0.7627 0.6041 -0.2308
vn 0.7935 0.5208 -0.3149
vn -0.5437 0.8223 0.1682
vn 0.1875 0.9816 -0.0362
vn -0.1127 0.0708 0.9911
vn -0.1815 0.6041 0.7759
vn -0.1240 0.5208 0.8446
vn 0.1262 0.8223 -0.5549
vn -0.0624 0.9816 0.1805
vn -0.9656 0.0835 -0.2462
vn -0.7203 0.5973 -0.3526
vn -0.7991 0.5241 -0.2945
vn 0.5708 0.8158 0.0930
vn -0.1280 0.9701 -0.2062
vn 0.4015 -0.0608 -0.9138
vn 0.4276 0.4959 -0.7558
vn 0.3892 0.4046 -0.8276
vn -0.2471 0.8888 0.3860
vn 0.1558 0.9490 -0.2742
vn 0.5950 0.1439 0.7907
vn 0.4217 0.6675 0.6137
vn 0.5068 0.5824 0.6356
vn -0.2490 0.7665 -0.5920
vn 0.1204 0.9914 0.0520
vn -0.9476 0.1404 -0.2870
vn -0.6389 0.5780 -0.5076
vn -0.7263 0.5316 -0.4358
vn 0.6706 0.7362 -0.0909
vn -0.0035 0.8986 -0.4388
vn 0.3884 -0.3315 -0.8598
vn 0.4857 0.2392 -0.8407
vn 0.4358 0.1387 -0.8893
vn -0.1307 0.9797 0.1518
vn 0.2751 0.8264 -0.4913
vn 0.6103 0.2573 0.7492
vn 0.5049 0.7393 0.4456
vn 0.5785 0.6522 0.4899
vn -0.1504 0.6236 -0.7671
vn 0.2462 0.9511 -0.1864
vn -0.1698 -0.3095 -0.9356
vn -0.0579 0.2581 -0.9644
vn -0.1300 0.1603 -0.9785
vn 0.0117 0.9764 0.2157
vn -0.0164 0.8371 -0.5469
vn 0.9953 0.0920 -0.0317
vn 0.7747 0.6152 -0.1460
vn 0.8390 0.5153 -0.1749
vn -0.5868 0.7226 -0.3653
vn 0.1601 0.9294 -0.3326
vn -0.5050 0.3780 0.7759
vn -0.4952 0.7877 0.3665
vn -0.4682 0.7436 0.4773
vn 0.3177 0.5973 -0.7364
vn -0.1559 0.9584 -0.2393
vn -0.1535 0.8330 -0.5316
vn 0.0882 0.9956 -0.0309
vn -0.0030 0.9937 -0.1124
vn 0.2287 0.1865 0.9554
vn 0.2250 0.7471 0.6254
vn 0.4588 0.8878 0.0365
vn -0.1094 0.9940 -0.0004
vn 0.0054 0.9991 -0.0422
vn -0.9634 0.0378 -0.2655
vn -0.7249 0.6690 -0.1641
vn -0.1244 0.9922 -0.0061
vn -0.0920 0.8238 -0.5594
vn -0.0520 0.8855 -0.4617
vn 0.2760 -0.4261 -0.8615
vn 0.1078 0.2650 -0.9582
vn -0.9126 0.1404 -0.3841
vn -0.5826 0.5780 -0.5714
vn -0.6770 0.5316 -0.5091
vn 0.6764 0.7362 -0.0206
vn 0.0422 0.8986 -0.4368
vn 0.4758 -0.3315 -0.8147
vn 0.5706 0.2392 -0.7856
vn 0.5261 0.1387 -0.8391
vn -0.1457 0.9797 0.1373
vn 0.3248 0.8264 -0.4600
vn 0.5289 0.2573 0.8087
vn 0.4558 0.7393 0.4957
vn 0.5243 0.6522 0.5475
vn -0.0697 0.6236 -0.7786
vn 0.2642 0.9511 -0.1597
vn 0.5114 0.0422 -0.8583
vn 0.4683 -0.0026 0.8836
vn -0.9982 -0.0243 -0.0556
vn -0.9480 -0.3178 0.0157
vn 0.5194 -0.0090 -0.8545
vn -0.9954 -0.0839 -0.0466
vn 0.4633 0.1069 0.8797
vn 0.3718 0.5578 0.7420
vn 0.5604 -0.2484 -0.7901
vn 0.5553 -0.2216 -0.8016
vn 0.5479 -0.1632 -0.8205
vn 0.5381 -0.0864 -0.8385
vn 0.5270 -0.0334 -0.8492
vn 0.3689 0.5659 0.7374
vn 0.3854 0.5179 0.7637
vn 0.4157 0.4129 0.8103
vn 0.4453 0.2645 0.8554
vn 0.4588 0.1562 0.8747
vn -0.9461 -0.3235 0.0157
vn -0.9549 -0.2968 0.0062
vn -0.9711 -0.2387 -0.0081
vn -0.9865 -0.1620 -0.0240
vn -0.9934 -0.1087 -0.0380
vn 0.5611 -0.2426 -0.7914
vn -0.9962 0.0708 -0.0507
vn -0.7857 0.6041 -0.1328
vn -0.8507 0.5208 -0.0711
vn 0.5617 0.8223 0.0913
vn -0.1840 0.9816 -0.0510
vn 0.2229 0.0708 -0.9723
vn 0.2672 0.6041 -0.7508
vn 0.2178 0.5208 -0.8254
vn -0.1875 0.8223 0.5373
vn 0.0822 0.9816 -0.1724
vn 0.7306 0.0708 0.6792
vn 0.5166 0.6041 0.6068
vn 0.6059 0.5208 0.6013
vn -0.3716 0.8223 -0.4310
vn 0.1082 0.9816 0.1574
vn -0.7715 0.0835 0.6308
vn -0.7114 0.5973 0.3702
vn -0.7115 0.5241 0.4681
vn 0.4138 0.8158 -0.4041
vn -0.2419 0.9701 -0.0194
vn -0.4969 -0.0608 -0.8657
vn -0.3543 0.4959 -0.7928
vn -0.4348 0.4046 -0.8045
vn 0.1639 0.8888 0.4280
vn -0.1281 0.9490 -0.2881
vn 0.9896 0.1439 -0.0092
vn 0.7442 0.6675 0.0250
vn 0.8123 0.5824 -0.0304
vn -0.6242 0.7665 -0.1512
vn 0.1133 0.9914 -0.0660
vn -0.7936 0.1404 0.5920
vn -0.7878 0.5780 0.2127
vn -0.7819 0.5316 0.3256
vn 0.3250 0.7362 -0.5936
vn -0.3551 0.8986 -0.2577
vn -0.4612 -0.3315 -0.8230
vn -0.3881 0.2392 -0.8900
vn -0.4568 0.1387 -0.8787
vn 0.0445 0.9797 0.1952
vn -0.2320 0.8264 -0.5131
vn 0.9652 0.2573 -0.0462
vn 0.6584 0.7393 -0.1417
vn 0.7377 0.6522 -0.1746
vn -0.7065 0.6236 -0.3345
vn -0.0038 0.9511 -0.3087
vn -0.8537 -0.3095 -0.4189
vn -0.8103 0.2581 -0.5260
vn -0.8645 0.1603 -0.4764
vn 0.1805 0.9764 0.1187
vn -0.4497 0.8371 -0.3116
vn 0.5654 0.0920 -0.8197
vn 0.3426 0.6152 -0.7100
vn 0.3574 0.5153 -0.7789
vn -0.6424 0.7226 0.2553
vn -0.1725 0.9294 -0.3263
vn 0.3245 0.3780 0.8671
vn 0.0009 0.7877 0.6161
vn 0.1061 0.7436 0.6602
vn -0.4039 0.5973 -0.6929
vn -0.2851 0.9584 -0.0166
vn 0.1061 0.7436 0.6601
vn -0.8104 0.2581 -0.5260
vn -0.5189 0.8330 -0.1921
vn 0.0275 0.9956 -0.0893
vn -0.0922 0.9937 -0.0644
vn 0.9046 0.1865 0.3833
vn 0.6368 0.7471 0.1903
vn 0.3018 0.8878 -0.3475
vn -0.0653 0.9940 0.0878
vn -0.0307 0.9991 -0.0294
vn -0.7857 0.0378 0.6175
vn -0.5625 0.6690 0.4858
vn -0.0788 0.9922 0.0965
vn -0.5047 0.8238 -0.2582
vn -0.4024 0.8855 -0.2323
vn -0.5293 -0.4261 -0.7337
vn -0.7070 0.2650 -0.6557
vt 0.410156 0.227907
vt 0.410156 0.172093
vt 0.541016 0.172093
vt 0.541016 0.227907
vt 0.410156 0.069767
vt 0.541016 0.069767
vt 0.541016 0.125581
vt 0.410156 0.125581
vt 0.410156 0.039535
vt 0.410156 0.009302
vt 0.541016 0.009302
vt 0.541016 0.039535
vt 0.558594 0.009302
vt 0.558594 0.027907
vt 0.554688 0.023256
vt 0.554688 0.009302
vt 0.558594 0.023256
vt 0.554688 0.116279
vt 0.558594 0.116279
vt 0.558594 0.134884
vt 0.554688 0.134884
vt 0.558594 0.046512
vt 0.554688 0.046512
vt 0.558594 0.041860
vt 0.554688 0.041860
vt 0.554688 0.125581
vt 0.558594 0.125581
vt 0.554688 0.097674
vt 0.558594 0.097674
vt 0.554688 0.088372
vt 0.558594 0.088372
vt 0.554688 0.074419
vt 0.558594 0.074419
vt 0.554688 0.055814
vt 0.558594 0.055814
vt 0.554688 0.111628
vt 0.558594 0.111628
vt 0.554688 0.093023
vt 0.558594 0.093023
vt 0.554688 0.079070
vt 0.558594 0.079070
vt 0.554688 0.060465
vt 0.558594 0.060465
vt 0.554688 0.106977
vt 0.558594 0.106977
vt 0.558594 0.083721
s 0
f 1/1/1 6/2/1 8/3/1 3/4/1
f 5/5/2 9/6/2 10/7/2 7/8/2
f 7/8/3 10/7/3 8/3/3 6/2/3
f 11/9/4 2/10/4 4/11/4 12/12/4
f 5/5/5 11/9/5 12/12/5 9/6/5
f 13/1/6 18/2/6 20/3/6 15/4/6
f 17/5/7 21/6/7 22/7/7 19/8/7
f 19/8/8 22/7/8 20/3/8 18/2/8
f 23/9/9 14/10/9 16/11/9 24/12/9
f 17/5/10 23/9/10 24/12/10 21/6/10
f 25/1/11 30/2/11 32/3/11 27/4/11
f 29/5/12 33/6/12 34/7/12 31/8/12
f 31/8/13 34/7/13 32/3/13 30/2/13
f 35/9/14 26/10/14 28/11/14 36/12/14
f 29/5/15 35/9/15 36/12/15 33/6/15
f 37/13/16 38/14/16 40/15/16 39/16/16
f 39/13/17 40/17/17 42/15/17 41/16/17
f 41/13/18 42/17/18 38/15/18 37/16/18
f 47/18/19 52/19/19 43/20/19 45/21/19
f 40/15/20 38/14/20 46/22/20 59/23/20
f 38/15/21 42/17/21 53/22/21 46/23/21
f 42/15/22 40/17/22 59/24/22 53/25/22
f 52/26/23 58/27/23 44/20/23 43/21/23
f 47/19/24 58/18/24 60/28/24 51/29/24
f 51/29/25 60/28/25 61/30/25 50/31/25
f 50/31/26 61/30/26 62/32/26 49/33/26
f 49/33/27 62/32/27 63/34/27 48/35/27
f 48/35/28 63/34/28 59/23/28 46/22/28
f 58/27/29 52/26/29 54/36/29 60/37/29
f 60/37/30 54/36/30 55/38/30 61/39/30
f 61/39/31 55/38/31 56/40/31 62/41/31
f 62/41/32 56/40/32 57/42/32 63/43/32
f 63/43/33 57/42/33 53/25/33 59/24/33
f 52/19/34 47/18/34 51/44/34 54/45/34
f 54/45/35 51/44/35 50/30/35 55/46/35
f 55/46/36 50/30/36 49/32/36 56/33/36
f 56/33/37 49/32/37 48/42/37 57/43/37
f 57/43/38 48/42/38 46/23/38 53/22/38
f 58/18/39 47/19/39 45/20/39 44/21/39
f 64/1/40 69/2/40 71/3/40 66/4/40
f 68/5/41 72/6/41 73/7/41 70/8/41
f 70/8/42 73/7/42 71/3/42 69/2/42
f 74/9/43 65/10/43 67/11/43 75/12/43
f 68/5/44 74/9/44 75/12/44 72/6/44
f 76/1/45 81/2/45 83/3/45 78/4/45
f 80/5/46 84/6/46 85/7/46 82/8/46
f 82/8/47 85/7/47 83/3/47 81/2/47
f 86/9/48 77/10/48 79/11/48 87/12/48
f 80/5/49 86/9/49 87/12/49 84/6/49
f 88/1/50 93/2/50 95/3/50 90/4/50
f 92/5/51 96/6/51 97/7/51 94/8/51
f 94/8/52 97/7/52 95/3/52 93/2/52
f 98/9/53 89/10/53 91/11/53 99/12/53
f 92/5/54 98/9/54 99/12/54 96/6/54
f 100/1/55 105/2/55 107/3/55 102/4/55
f 104/5/56 108/6/56 109/7/56 106/8/56
f 106/8/57 109/7/57 107/3/57 105/2/57
f 110/9/58 101/10/58 103/11/58 111/12/58
f 104/5/59 110/9/59 111/12/59 108/6/59
f 112/1/60 117/2/60 119/3/60 114/4/60
f 116/5/61 120/6/61 121/7/61 118/8/61
f 118/8/62 121/7/62 119/3/62 117/2/62
f 122/9/63 113/10/63 115/11/63 123/12/63
f 116/5/64 122/9/64 123/12/64 120/6/64
f 124/1/65 129/2/65 131/3/65 126/4/65
f 128/5/66 132/6/66 133/7/66 130/8/66
f 130/8/67 133/7/67 131/3/67 129/2/67
f 134/9/68 125/10/68 127/11/68 135/12/68
f 128/5/69 134/9/69 135/12/69 132/6/69
f 136/1/70 141/2/70 143/3/70 138/4/70
f 140/5/71 144/6/71 145/7/71 142/8/71
f 142/8/72 145/7/72 143/3/72 141/2/72
f 146/9/73 137/10/73 139/11/73 147/12/73
f 140/5/74 146/9/74 147/12/74 144/6/74
f 148/1/75 153/2/75 155/3/75 150/4/75
f 152/5/76 156/6/76 157/7/76 154/8/76
f 154/8/77 157/7/77 155/3/77 153/2/77
f 158/9/78 149/10/78 151/11/78 159/12/78
f 152/5/79 158/9/79 159/12/79 156/6/79
f 160/1/80 165/2/80 167/3/80 162/4/80
f 164/5/81 168/6/81 169/7/81 166/8/81
f 166/8/82 169/7/82 167/3/82 165/2/82
f 170/9/83 161/10/83 163/11/83 171/12/83
f 164/5/84 170/9/84 171/12/84 168/6/84
f 172/1/70 177/2/70 179/3/70 174/4/70
f 176/5/71 180/6/71 181/7/71 178/8/71
f 178/8/72 181/7/72 179/3/72 177/2/72
f 182/9/73 173/10/73 175/11/73 183/12/73
f 176/5/74 182/9/74 183/12/74 180/6/74
f 184/1/75 189/2/75 191/3/75 186/4/75
f 188/5/76 192/6/76 193/7/76 190/8/76
f 190/8/77 193/7/77 191/3/77 189/2/77
f 194/9/78 185/10/78 187/11/78 195/12/78
f 188/5/79 194/9/79 195/12/79 192/6/79
f 196/1/80 201/2/80 203/3/80 198/4/80
f 200/5/81 204/6/81 205/7/81 202/8/81
f 202/8/82 205/7/82 203/3/82 201/2/82
f 206/9/83 197/10/83 199/11/83 207/12/83
f 200/5/84 206/9/84 207/12/84 204/6/84
f 208/1/70 213/2/70 215/3/70 210/4/70
f 212/5/71 216/6/71 217/7/71 214/8/71
f 214/8/72 217/7/72 215/3/72 213/2/72
f 218/9/73 209/10/73 211/11/73 219/12/73
f 212/5/74 218/9/74 219/12/74 216/6/74
f 220/1/75 225/2/75 227/3/75 222/4/75
f 224/5/76 228/6/76 229/7/76 226/8/76
f 226/8/77 229/7/77 227/3/77 225/2/77
f 230/9/78 221/10/78 223/11/78 231/12/78
f 224/5/79 230/9/79 231/12/79 228/6/79
f 232/1/80 237/2/80 239/3/80 234/4/80
f 236/5/81 240/6/81 241/7/81 238/8/81
f 238/8/82 241/7/82 239/3/82 237/2/82
f 242/9/83 233/10/83 235/11/83 243/12/83
f 236/5/84 242/9/84 243/12/84 240/6/84
f 244/1/70 249/2/70 251/3/70 246/4/70
f 248/5/71 252/6/71 253/7/71 250/8/71
f 250/8/72 253/7/72 251/3/72 249/2/72
f 254/9/73 245/10/73 247/11/73 255/12/73
f 248/5/74 254/9/74 255/12/74 252/6/74
f 256/1/75 261/2/75 263/3/75 258/4/75
f 260/5/76 264/6/76 265/7/76 262/8/76
f 262/8/77 265/7/77 263/3/77 261/2/77
f 266/9/78 257/10/78 259/11/78 267/12/78
f 260/5/79 266/9/79 267/12/79 264/6/79
f 268/1/80 273/2/80 275/3/80 270/4/80
f 272/5/81 276/6/81 277/7/81 274/8/81
f 274/8/82 277/7/82 275/3/82 273/2/82
f 278/9/83 269/10/83 271/11/83 279/12/83
f 272/5/84 278/9/84 279/12/84 276/6/84
f 280/1/85 285/2/85 287/3/85 282/4/85
f 284/5/86 288/6/86 289/7/86 286/8/86
f 286/8/87 289/7/87 287/3/87 285/2/87
f 290/9/88 281/10/88 283/11/88 291/12/88
f 284/5/89 290/9/89 291/12/89 288/6/89
f 292/1/90 297/2/90 299/3/90 294/4/90
f 296/5/91 300/6/91 301/7/91 298/8/91
f 298/8/92 301/7/92 299/3/92 297/2/92
f 302/9/93 293/10/93 295/11/93 303/12/93
f 296/5/94 302/9/94 303/12/94 300/6/94
f 304/1/95 309/2/95 311/3/95 306/4/95
f 308/5/96 312/6/96 313/7/96 310/8/96
f 310/8/97 313/7/97 311/3/97 309/2/97
f 314/9/98 305/10/98 307/11/98 315/12/98
f 308/5/99 314/9/99 315/12/99 312/6/99
f 316/1/85 321/2/85 323/3/85 318/4/85
f 320/5/86 324/6/86 325/7/86 322/8/86
f 322/8/87 325/7/87 323/3/87 321/2/87
f 326/9/88 317/10/88 319/11/88 327/12/88
f 320/5/89 326/9/89 327/12/89 324/6/89
f 328/1/90 333/2/90 335/3/90 330/4/90
f 332/5/91 336/6/91 337/7/91 334/8/91
f 334/8/92 337/7/92 335/3/92 333/2/92
f 338/9/93 329/10/93 331/11/93 339/12/93
f 332/5/94 338/9/94 339/12/94 336/6/94
f 340/1/95 345/2/95 347/3/95 342/4/95
f 344/5/96 348/6/96 349/7/96 346/8/96
f 346/8/97 349/7/97 347/3/97 345/2/97
f 350/9/98 341/10/98 343/11/98 351/12/98
f 344/5/99 350/9/99 351/12/99 348/6/99
f 352/1/85 357/2/85 359/3/85 354/4/85
f 356/5/86 360/6/86 361/7/86 358/8/86
f 358/8/87 361/7/87 359/3/87 357/2/87
f 362/9/88 353/10/88 355/11/88 363/12/88
f 356/5/89 362/9/89 363/12/89 360/6/89
f 364/1/90 369/2/90 371/3/90 366/4/90
f 368/5/91 372/6/91 373/7/91 370/8/91
f 370/8/92 373/7/92 371/3/92 369/2/92
f 374/9/93 365/10/93 367/11/93 375/12/93
f 368/5/94 374/9/94 375/12/94 372/6/94
f 376/1/95 381/2/95 383/3/95 378/4/95
f 380/5/96 384/6/96 385/7/96 382/8/96
f 382/8/97 385/7/97 383/3/97 381/2/97
f 386/9/98 377/10/98 379/11/98 387/12/98
f 380/5/99 386/9/99 387/12/99 384/6/99
f 388/1/85 393/2/85 395/3/85 390/4/85
f 392/5/86 396/6/86 397/7/86 394/8/86
f 394/8/87 397/7/87 395/3/87 393/2/87
f 398/9/88 389/10/88 391/11/88 399/12/88
f 392/5/89 398/9/89 399/12/89 396/6/89
f 400/1/90 405/2/90 407/3/90 402/4/90
f 404/5/91 408/6/91 409/7/91 406/8/91
f 406/8/92 409/7/92 407/3/92 405/2/92
f 410/9/93 401/10/93 403/11/93 411/12/93
f 404/5/94 410/9/94 411/12/94 408/6/94
f 412/1/95 417/2/95 419/3/95 414/4/95
f 416/5/96 420/6/96 421/7/96 418/8/96
f 418/8/97 421/7/97 419/3/97 417/2/97
f 422/9/98 413/10/98 415/11/98 423/12/98
f 416/5/99 422/9/99 423/12/99 420/6/99
f 424/1/100 429/2/100 431/3/100 426/4/100
f 428/5/101 432/6/101 433/7/101 430/8/101
f 430/8/102 433/7/102 431/3/102 429/2/102
f 434/9/103 425/10/103 427/11/103 435/12/103
f 428/5/104 434/9/104 435/12/104 432/6/104
f 436/1/105 441/2/105 443/3/105 438/4/105
f 440/5/106 444/6/106 445/7/106 442/8/106
f 442/8/107 445/7/107 443/3/107 441/2/107
f 446/9/108 437/10/108 439/11/108 447/12/108
f 440/5/109 446/9/109 447/12/109 444/6/109
f 448/1/110 453/2/110 455/3/110 450/4/110
f 452/5/111 456/6/111 457/7/111 454/8/111
f 454/8/112 457/7/112 455/3/112 453/2/112
f 458/9/113 449/10/113 451/11/113 459/12/113
f 452/5/114 458/9/114 459/12/114 456/6/114
f 460/1/115 465/2/115 467/3/115 462/4/115
f 464/5/116 468/6/116 469/7/116 466/8/116
f 466/8/117 469/7/117 467/3/117 465/2/117
f 470/9/118 461/10/118 463/11/118 471/12/118
f 464/5/119 470/9/119 471/12/119 468/6/119
f 472/1/120 477/2/120 479/3/120 474/4/120
f 476/5/121 480/6/121 481/7/121 478/8/121
f 478/8/122 481/7/122 479/3/122 477/2/122
f 482/9/123 473/10/123 475/11/123 483/12/123
f 476/5/124 482/9/124 483/12/124 480/6/124
f 484/1/125 489/2/125 491/3/125 486/4/125
f 488/5/126 492/6/126 493/7/126 490/8/126
f 490/8/127 493/7/127 491/3/127 489/2/127
f 494/9/128 485/10/128 487/11/128 495/12/128
f 488/5/129 494/9/129 495/12/129 492/6/129
f 496/13/130 497/14/130 499/15/130 498/16/130
f 498/13/131 499/17/131 501/15/131 500/16/131
f 500/13/132 501/17/132 497/15/132 496/16/132
f 506/18/133 511/19/133 502/20/133 504/21/133
f 499/15/134 497/14/134 505/22/134 518/23/134
f 497/15/135 501/17/135 512/22/135 505/23/135
f 501/15/136 499/17/136 518/24/136 512/25/136
f 511/26/137 517/27/137 503/20/137 502/21/137
f 506/19/138 517/18/138 519/28/138 510/29/138
f 510/29/139 519/28/139 520/30/139 509/31/139
f 509/31/140 520/30/140 521/32/140 508/33/140
f 508/33/141 521/32/141 522/34/141 507/35/141
f 507/35/142 522/34/142 518/23/142 505/22/142
f 517/27/143 511/26/143 513/36/143 519/37/143
f 519/37/144 513/36/144 514/38/144 520/39/144
f 520/39/145 514/38/145 515/40/145 521/41/145
f 521/41/146 515/40/146 516/42/146 522/43/146
f 522/43/147 516/42/147 512/25/147 518/24/147
f 511/19/148 506/18/148 510/44/148 513/45/148
f 513/45/149 510/44/149 509/30/149 514/46/149
f 514/46/150 509/30/150 508/32/150 515/33/150
f 515/33/151 508/32/151 507/42/151 516/43/151
f 516/43/152 507/42/152 505/23/152 512/22/152
f 517/18/153 506/19/153 504/20/153 503/21/153
f 523/1/154 528/2/154 530/3/154 525/4/154
f 527/5/155 531/6/155 532/7/155 529/8/155
f 529/8/156 532/7/156 530/3/156 528/2/156
f 533/9/157 524/10/157 526/11/157 534/12/157
f 527/5/158 533/9/158 534/12/158 531/6/158
f 535/1/159 540/2/159 542/3/159 537/4/159
f 539/5/160 543/6/160 544/7/160 541/8/160
f 541/8/161 544/7/161 542/3/161 540/2/161
f 545/9/162 536/10/162 538/11/162 546/12/162
f 539/5/163 545/9/163 546/12/163 543/6/163
f 547/1/164 552/2/164 554/3/164 549/4/164
f 551/5/165 555/6/165 556/7/165 553/8/165
f 553/8/166 556/7/166 554/3/166 552/2/166
f 557/9/167 548/10/167 550/11/167 558/12/167
f 551/5/168 557/9/168 558/12/168 555/6/168
f 559/1/169 564/2/169 566/3/169 561/4/169
f 563/5/170 567/6/170 568/7/170 565/8/170
f 565/8/171 568/7/171 566/3/171 564/2/171
f 569/9/172 560/10/172 562/11/172 570/12/172
f 563/5/173 569/9/173 570/12/173 567/6/173
f 571/1/174 576/2/174 578/3/174 573/4/174
f 575/5/175 579/6/175 580/7/175 577/8/175
f 577/8/176 580/7/176 578/3/176 576/2/176
f 581/9/177 572/10/177 574/11/177 582/12/177
f 575/5/178 581/9/178 582/12/178 579/6/178
f 583/1/179 588/2/179 590/3/179 585/4/179
f 587/5/180 591/6/180 592/7/180 589/8/180
f 589/8/181 592/7/181 590/3/181 588/2/181
f 593/9/182 584/10/182 586/11/182 594/12/182
f 587/5/183 593/9/183 594/12/183 591/6/183
f 595/1/184 600/2/184 602/3/184 597/4/184
f 599/5/185 603/6/185 604/7/185 601/8/185
f 601/8/186 604/7/186 602/3/186 600/2/186
f 605/9/187 596/10/187 598/11/187 606/12/187
f 599/5/188 605/9/188 606/12/188 603/6/188
f 607/1/189 612/2/189 614/3/189 609/4/189
f 611/5/190 615/6/190 616/7/190 613/8/190
f 613/8/191 616/7/191 614/3/191 612/2/191
f 617/9/192 608/10/192 610/11/192 618/12/192
f 611/5/193 617/9/193 618/12/193 615/6/193
f 619/1/194 624/2/194 626/3/194 621/4/194
f 623/5/195 627/6/195 628/7/195 625/8/195
f 625/8/196 628/7/196 626/3/196 624/2/196
f 629/9/197 620/10/197 622/11/197 630/12/197
f 623/5/198 629/9/198 630/12/198 627/6/198
f 631/1/184 636/2/184 638/3/184 633/4/184
f 635/5/185 639/6/185 640/7/185 637/8/185
f 637/8/186 640/7/186 638/3/186 636/2/186
f 641/9/187 632/10/187 634/11/187 642/12/187
f 635/5/188 641/9/188 642/12/188 639/6/188
f 643/1/189 648/2/189 650/3/189 645/4/189
f 647/5/190 651/6/190 652/7/190 649/8/190
f 649/8/191 652/7/191 650/3/191 648/2/191
f 653/9/192 644/10/192 646/11/192 654/12/192
f 647/5/193 653/9/193 654/12/193 651/6/193
f 655/1/194 660/2/194 662/3/194 657/4/194
f 659/5/195 663/6/195 664/7/195 661/8/195
f 661/8/196 664/7/196 662/3/196 660/2/196
f 665/9/197 656/10/197 658/11/197 666/12/197
f 659/5/198 665/9/198 666/12/198 663/6/198
f 667/1/184 672/2/184 674/3/184 669/4/184
f 671/5/185 675/6/185 676/7/185 673/8/185
f 673/8/186 676/7/186 674/3/186 672/2/186
f 677/9/187 668/10/187 670/11/187 678/12/187
f 671/5/188 677/9/188 678/12/188 675/6/188
f 679/1/189 684/2/189 686/3/189 681/4/189
f 683/5/190 687/6/190 688/7/190 685/8/190
f 685/8/191 688/7/191 686/3/191 684/2/191
f 689/9/192 680/10/192 682/11/192 690/12/192
f 683/5/193 689/9/193 690/12/193 687/6/193
f 691/1/194 696/2/194 698/3/194 693/4/194
f 695/5/195 699/6/195 700/7/195 697/8/195
f 697/8/196 700/7/196 698/3/196 696/2/196
f 701/9/197 692/10/197 694/11/197 702/12/197
f 695/5/198 701/9/198 702/12/198 699/6/198
f 703/1/184 708/2/184 710/3/184 705/4/184
f 707/5/185 711/6/185 712/7/185 709/8/185
f 709/8/186 712/7/186 710/3/186 708/2/186
f 713/9/187 704/10/187 706/11/187 714/12/187
f 707/5/188 713/9/188 714/12/188 711/6/188
f 715/1/189 720/2/189 722/3/189 717/4/189
f 719/5/190 723/6/190 724/7/190 721/8/190
f 721/8/191 724/7/191 722/3/191 720/2/191
f 725/9/192 716/10/192 718/11/192 726/12/192
f 719/5/193 725/9/193 726/12/193 723/6/193
f 727/1/194 732/2/194 734/3/194 729/4/194
f 731/5/195 735/6/195 736/7/195 733/8/195
f 733/8/196 736/7/196 734/3/196 732/2/196
f 737/9/197 728/10/197 730/11/197 738/12/197
f 731/5/198 737/9/198 738/12/198 735/6/198
f 739/1/199 744/2/199 746/3/199 741/4/199
f 743/5/200 747/6/200 748/7/200 745/8/200
f 745/8/201 748/7/201 746/3/201 744/2/201
f 749/9/202 740/10/202 742/11/202 750/12/202
f 743/5/203 749/9/203 750/12/203 747/6/203
f 751/1/204 756/2/204 758/3/204 753/4/204
f 755/5/205 759/6/205 760/7/205 757/8/205
f 757/8/206 760/7/206 758/3/206 756/2/206
f 761/9/207 752/10/207 754/11/207 762/12/207
f 755/5/208 761/9/208 762/12/208 759/6/208
f 763/1/209 768/2/209 770/3/209 765/4/209
f 767/5/210 771/6/210 772/7/210 769/8/210
f 769/8/211 772/7/211 770/3/211 768/2/211
f 773/9/212 764/10/212 766/11/212 774/12/212
f 767/5/213 773/9/213 774/12/213 771/6/213
f 775/1/199 780/2/199 782/3/199 777/4/199
f 779/5/200 783/6/200 784/7/200 781/8/200
f 781/8/201 784/7/201 782/3/201 780/2/201
f 785/9/202 776/10/202 778/11/202 786/12/202
f 779/5/203 785/9/203 786/12/203 783/6/203
f 787/1/204 792/2/204 794/3/204 789/4/204
f 791/5/205 795/6/205 796/7/205 793/8/205
f 793/8/206 796/7/206 794/3/206 792/2/206
f 797/9/207 788/10/207 790/11/207 798/12/207
f 791/5/208 797/9/208 798/12/208 795/6/208
f 799/1/209 804/2/209 806/3/209 801/4/209
f 803/5/210 807/6/210 808/7/210 805/8/210
f 805/8/211 808/7/211 806/3/211 804/2/211
f 809/9/212 800/10/212 802/11/212 810/12/212
f 803/5/213 809/9/213 810/12/213 807/6/213
f 811/1/199 816/2/199 818/3/199 813/4/199
f 815/5/200 819/6/200 820/7/200 817/8/200
f 817/8/201 820/7/201 818/3/201 816/2/201
f 821/9/202 812/10/202 814/11/202 822/12/202
f 815/5/203 821/9/203 822/12/203 819/6/203
f 823/1/204 828/2/204 830/3/204 825/4/204
f 827/5/205 831/6/205 832/7/205 829/8/205
f 829/8/206 832/7/206 830/3/206 828/2/206
f 833/9/207 824/10/207 826/11/207 834/12/207
f 827/5/208 833/9/208 834/12/208 831/6/208
f 835/1/209 840/2/209 842/3/209 837/4/209
f 839/5/210 843/6/210 844/7/210 841/8/210
f 841/8/211 844/7/211 842/3/211 840/2/211
f 845/9/212 836/10/212 838/11/212 846/12/212
f 839/5/213 845/9/213 846/12/213 843/6/213
f 847/1/199 852/2/199 854/3/199 849/4/199
f 851/5/200 855/6/200 856/7/200 853/8/200
f 853/8/201 856/7/201 854/3/201 852/2/201
f 857/9/202 848/10/202 850/11/202 858/12/202
f 851/5/203 857/9/203 858/12/203 855/6/203
f 859/1/204 864/2/204 866/3/204 861/4/204
f 863/5/205 867/6/205 868/7/205 865/8/205
f 865/8/206 868/7/206 866/3/206 864/2/206
f 869/9/207 860/10/207 862/11/207 870/12/207
f 863/5/208 869/9/208 870/12/208 867/6/208
f 871/1/209 876/2/209 878/3/209 873/4/209
f 875/5/210 879/6/210 880/7/210 877/8/210
f 877/8/211 880/7/211 878/3/211 876/2/211
f 881/9/212 872/10/212 874/11/212 882/12/212
f 875/5/213 881/9/213 882/12/213 879/6/213
f 883/1/214 888/2/214 890/3/214 885/4/214
f 887/5/215 891/6/215 892/7/215 889/8/215
f 889/8/216 892/7/216 890/3/216 888/2/216
f 893/9/217 884/10/217 886/11/217 894/12/217
f 887/5/218 893/9/218 894/12/218 891/6/218
f 895/1/219 900/2/219 902/3/219 897/4/219
f 899/5/220 903/6/220 904/7/220 901/8/220
f 901/8/221 904/7/221 902/3/221 900/2/221
f 905/9/222 896/10/222 898/11/222 906/12/222
f 899/5/223 905/9/223 906/12/223 903/6/223
f 907/1/224 912/2/224 914/3/224 909/4/224
f 911/5/225 915/6/225 916/7/225 913/8/225
f 913/8/226 916/7/226 914/3/226 912/2/226
f 917/9/227 908/10/227 910/11/227 918/12/227
f 911/5/228 917/9/228 918/12/228 915/6/228
f 919/1/229 924/2/229 926/3/229 921/4/229
f 923/5/230 927/6/230 928/7/230 925/8/230
f 925/8/231 928/7/231 926/3/231 924/2/231
f 929/9/232 920/10/232 922/11/232 930/12/232
f 923/5/233 929/9/233 930/12/233 927/6/233
f 931/1/234 936/2/234 938/3/234 933/4/234
f 935/5/235 939/6/235 940/7/235 937/8/235
f 937/8/236 940/7/236 938/3/236 936/2/236
f 941/9/237 932/10/237 934/11/237 942/12/237
f 935/5/238 941/9/238 942/12/238 939/6/238
f 943/1/239 948/2/239 950/3/239 945/4/239
f 947/5/240 951/6/240 952/7/240 949/8/240
f 949/8/241 952/7/241 950/3/241 948/2/241
f 953/9/242 944/10/242 946/11/242 954/12/242
f 947/5/243 953/9/243 954/12/243 951/6/243
f 955/13/244 956/14/244 958/15/244 957/16/244
f 957/13/245 958/17/245 960/15/245 959/16/245
f 959/13/246 960/17/246 956/15/246 955/16/246
f 965/18/247 970/19/247 961/20/247 963/21/247
f 958/15/248 956/14/248 964/22/248 977/23/248
f 956/15/249 960/17/249 971/22/249 964/23/249
f 960/15/250 958/17/250 977/24/250 971/25/250
f 970/26/251 976/27/251 962/20/251 961/21/251
f 965/19/252 976/18/252 978/28/252 969/29/252
f 969/29/253 978/28/253 979/30/253 968/31/253
f 968/31/254 979/30/254 980/32/254 967/33/254
f 967/33/255 980/32/255 981/34/255 966/35/255
f 966/35/256 981/34/256 977/23/256 964/22/256
f 976/27/257 970/26/257 972/36/257 978/37/257
f 978/37/258 972/36/258 973/38/258 979/39/258
f 979/39/259 973/38/259 974/40/259 980/41/259
f 980/41/260 974/40/260 975/42/260 981/43/260
f 981/43/261 975/42/261 971/25/261 977/24/261
f 970/19/262 965/18/262 969/44/262 972/45/262
f 972/45/263 969/44/263 968/30/263 973/46/263
f 973/46/264 968/30/264 967/32/264 974/33/264
f 974/33/265 967/32/265 966/42/265 975/43/265
f 975/43/266 966/42/266 964/23/266 971/22/266
f 976/18/267 965/19/267 963/20/267 962/21/267
f 982/1/268 987/2/268 989/3/268 984/4/268
f 986/5/269 990/6/269 991/7/269 988/8/269
f 988/8/270 991/7/270 989/3/270 987/2/270
f 992/9/271 983/10/271 985/11/271 993/12/271
f 986/5/272 992/9/272 993/12/272 990/6/272
f 994/1/273 999/2/273 1001/3/273 996/4/273
f 998/5/274 1002/6/274 1003/7/274 1000/8/274
f 1000/8/275 1003/7/275 1001/3/275 999/2/275
f 1004/9/276 995/10/276 997/11/276 1005/12/276
f 998/5/277 1004/9/277 1005/12/277 1002/6/277
f 1006/1/278 1011/2/278 1013/3/278 1008/4/278
f 1010/5/279 1014/6/279 1015/7/279 1012/8/279
f 1012/8/280 1015/7/280 1013/3/280 1011/2/280
f 1016/9/281 1007/10/281 1009/11/281 1017/12/281
f 1010/5/282 1016/9/282 1017/12/282 1014/6/282
f 1018/1/283 1023/2/283 1025/3/283 1020/4/283
f 1022/5/284 1026/6/284 1027/7/284 1024/8/284
f 1024/8/285 1027/7/285 1025/3/285 1023/2/285
f 1028/9/286 1019/10/286 1021/11/286 1029/12/286
f 1022/5/287 1028/9/287 1029/12/287 1026/6/287
f 1030/1/288 1035/2/288 1037/3/288 1032/4/288
f 1034/5/289 1038/6/289 1039/7/289 1036/8/289
f 1036/8/290 1039/7/290 1037/3/290 1035/2/290
f 1040/9/291 1031/10/291 1033/11/291 1041/12/291
f 1034/5/292 1040/9/292 1041/12/292 1038/6/292
f 1042/1/293 1047/2/293 1049/3/293 1044/4/293
f 1046/5/294 1050/6/294 1051/7/294 1048/8/294
f 1048/8/295 1051/7/295 1049/3/295 1047/2/295
f 1052/9/296 1043/10/296 1045/11/296 1053/12/296
f 1046/5/297 1052/9/297 1053/12/297 1050/6/297
f 1054/1/298 1059/2/298 1061/3/298 1056/4/298
f 1058/5/299 1062/6/299 1063/7/299 1060/8/299
f 1060/8/300 1063/7/300 1061/3/300 1059/2/300
f 1064/9/301 1055/10/301 1057/11/301 1065/12/301
f 1058/5/302 1064/9/302 1065/12/302 1062/6/302
f 1066/1/303 1071/2/303 1073/3/303 1068/4/303
f 1070/5/304 1074/6/304 1075/7/304 1072/8/304
f 1072/8/305 1075/7/305 1073/3/305 1071/2/305
f 1076/9/306 1067/10/306 1069/11/306 1077/12/306
f 1070/5/307 1076/9/307 1077/12/307 1074/6/307
f 1078/1/308 1083/2/308 1085/3/308 1080/4/308
f 1082/5/309 1086/6/309 1087/7/309 1084/8/309
f 1084/8/310 1087/7/310 1085/3/310 1083/2/310
f 1088/9/311 1079/10/311 1081/11/311 1089/12/311
f 1082/5/312 1088/9/312 1089/12/312 1086/6/312
f 1090/1/298 1095/2/298 1097/3/298 1092/4/298
f 1094/5/299 1098/6/299 1099/7/299 1096/8/299
f 1096/8/300 1099/7/300 1097/3/300 1095/2/300
f 1100/9/301 1091/10/301 1093/11/301 1101/12/301
f 1094/5/302 1100/9/302 1101/12/302 1098/6/302
f 1102/1/303 1107/2/303 1109/3/303 1104/4/303
f 1106/5/304 1110/6/304 1111/7/304 1108/8/304
f 1108/8/305 1111/7/305 1109/3/305 1107/2/305
f 1112/9/306 1103/10/306 1105/11/306 1113/12/306
f 1106/5/307 1112/9/307 1113/12/307 1110/6/307
f 1114/1/308 1119/2/308 1121/3/308 1116/4/308
f 1118/5/309 1122/6/309 1123/7/309 1120/8/309
f 1120/8/310 1123/7/310 1121/3/310 1119/2/310
f 1124/9/311 1115/10/311 1117/11/311 1125/12/311
f 1118/5/312 1124/9/312 1125/12/312 1122/6/312
f 1126/1/298 1131/2/298 1133/3/298 1128/4/298
f 1130/5/299 1134/6/299 1135/7/299 1132/8/299
f 1132/8/300 1135/7/300 1133/3/300 1131/2/300
f 1136/9/301 1127/10/301 1129/11/301 1137/12/301
f 1130/5/302 1136/9/302 1137/12/302 1134/6/302
f 1138/1/303 1143/2/303 1145/3/303 1140/4/303
f 1142/5/304 1146/6/304 1147/7/304 1144/8/304
f 1144/8/305 1147/7/305 1145/3/305 1143/2/305
f 1148/9/306 1139/10/306 1141/11/306 1149/12/306
f 1142/5/307 1148/9/307 1149/12/307 1146/6/307
f 1150/1/308 1155/2/308 1157/3/308 1152/4/308
f 1154/5/309 1158/6/309 1159/7/309 1156/8/309
f 1156/8/310 1159/7/310 1157/3/310 1155/2/310
f 1160/9/311 1151/10/311 1153/11/311 1161/12/311
f 1154/5/312 1160/9/312 1161/12/312 1158/6/312
f 1162/1/298 1167/2/298 1169/3/298 1164/4/298
f 1166/5/299 1170/6/299 1171/7/299 1168/8/299
f 1168/8/300 1171/7/300 1169/3/300 1167/2/300
f 1172/9/301 1163/10/301 1165/11/301 1173/12/301
f 1166/5/313 1172/9/313 1173/12/313 1170/6/313
f 1174/1/303 1179/2/303 1181/3/303 1176/4/303
f 1178/5/304 1182/6/304 1183/7/304 1180/8/304
f 1180/8/305 1183/7/305 1181/3/305 1179/2/305
f 1184/9/306 1175/10/306 1177/11/306 1185/12/306
f 1178/5/307 1184/9/307 1185/12/307 1182/6/307
f 1186/1/308 1191/2/308 1193/3/308 1188/4/308
f 1190/5/309 1194/6/309 1195/7/309 1192/8/309
f 1192/8/310 1195/7/310 1193/3/310 1191/2/310
f 1196/9/311 1187/10/311 1189/11/311 1197/12/311
f 1190/5/312 1196/9/312 1197/12/312 1194/6/312
f 1198/1/314 1203/2/314 1205/3/314 1200/4/314
f 1202/5/315 1206/6/315 1207/7/315 1204/8/315
f 1204/8/316 1207/7/316 1205/3/316 1203/2/316
f 1208/9/317 1199/10/317 1201/11/317 1209/12/317
f 1202/5/318 1208/9/318 1209/12/318 1206/6/318
f 1210/1/319 1215/2/319 1217/3/319 1212/4/319
f 1214/5/320 1218/6/320 1219/7/320 1216/8/320
f 1216/8/321 1219/7/321 1217/3/321 1215/2/321
f 1220/9/322 1211/10/322 1213/11/322 1221/12/322
f 1214/5/323 1220/9/323 1221/12/323 1218/6/323
f 1222/1/324 1227/2/324 1229/3/324 1224/4/324
f 1226/5/325 1230/6/325 1231/7/325 1228/8/325
f 1228/8/326 1231/7/326 1229/3/326 1227/2/326
f 1232/9/327 1223/10/327 1225/11/327 1233/12/327
f 1226/5/328 1232/9/328 1233/12/328 1230/6/328
f 1234/1/314 1239/2/314 1241/3/314 1236/4/314
f 1238/5/315 1242/6/315 1243/7/315 1240/8/315
f 1240/8/316 1243/7/316 1241/3/316 1239/2/316
f 1244/9/317 1235/10/317 1237/11/317 1245/12/317
f 1238/5/318 1244/9/318 1245/12/318 1242/6/318
f 1246/1/319 1251/2/319 1253/3/319 1248/4/319
f 1250/5/320 1254/6/320 1255/7/320 1252/8/320
f 1252/8/321 1255/7/321 1253/3/321 1251/2/321
f 1256/9/322 1247/10/322 1249/11/322 1257/12/322
f 1250/5/323 1256/9/323 1257/12/323 1254/6/323
f 1258/1/324 1263/2/324 1265/3/324 1260/4/324
f 1262/5/325 1266/6/325 1267/7/325 1264/8/325
f 1264/8/326 1267/7/326 1265/3/326 1263/2/326
f 1268/9/327 1259/10/327 1261/11/327 1269/12/327
f 1262/5/328 1268/9/328 1269/12/328 1266/6/328
f 1270/1/314 1275/2/314 1277/3/314 1272/4/314
f 1274/5/315 1278/6/315 1279/7/315 1276/8/315
f 1276/8/316 1279/7/316 1277/3/316 1275/2/316
f 1280/9/317 1271/10/317 1273/11/317 1281/12/317
f 1274/5/318 1280/9/318 1281/12/318 1278/6/318
f 1282/1/319 1287/2/319 1289/3/319 1284/4/319
f 1286/5/320 1290/6/320 1291/7/320 1288/8/320
f 1288/8/321 1291/7/321 1289/3/321 1287/2/321
f 1292/9/322 1283/10/322 1285/11/322 1293/12/322
f 1286/5/323 1292/9/323 1293/12/323 1290/6/323
f 1294/1/324 1299/2/324 1301/3/324 1296/4/324
f 1298/5/325 1302/6/325 1303/7/325 1300/8/325
f 1300/8/326 1303/7/326 1301/3/326 1299/2/326
f 1304/9/327 1295/10/327 1297/11/327 1305/12/327
f 1298/5/328 1304/9/328 1305/12/328 1302/6/328
f 1306/1/314 1311/2/314 1313/3/314 1308/4/314
f 1310/5/315 1314/6/315 1315/7/315 1312/8/315
f 1312/8/316 1315/7/316 1313/3/316 1311/2/316
f 1316/9/317 1307/10/317 1309/11/317 1317/12/317
f 1310/5/318 1316/9/318 1317/12/318 1314/6/318
f 1318/1/329 1323/2/329 1325/3/329 1320/4/329
f 1322/5/320 1326/6/320 1327/7/320 1324/8/320
f 1324/8/321 1327/7/321 1325/3/321 1323/2/321
f 1328/9/322 1319/10/322 1321/11/322 1329/12/322
f 1322/5/323 1328/9/323 1329/12/323 1326/6/323
f 1330/1/324 1335/2/324 1337/3/324 1332/4/324
f 1334/5/325 1338/6/325 1339/7/325 1336/8/325
f 1336/8/326 1339/7/326 1337/3/326 1335/2/326
f 1340/9/327 1331/10/327 1333/11/327 1341/12/327
f 1334/5/328 1340/9/328 1341/12/328 1338/6/328
f 1342/1/330 1347/2/330 1349/3/330 1344/4/330
f 1346/5/331 1350/6/331 1351/7/331 1348/8/331
f 1348/8/332 1351/7/332 1349/3/332 1347/2/332
f 1352/9/333 1343/10/333 1345/11/333 1353/12/333
f 1346/5/334 1352/9/334 1353/12/334 1350/6/334
f 1354/1/335 1359/2/335 1361/3/335 1356/4/335
f 1358/5/336 1362/6/336 1363/7/336 1360/8/336
f 1360/8/337 1363/7/337 1361/3/337 1359/2/337
f 1364/9/338 1355/10/338 1357/11/338 1365/12/338
f 1358/5/339 1364/9/339 1365/12/339 1362/6/339
f 1366/1/340 1371/2/340 1373/3/340 1368/4/340
f 1370/5/341 1374/6/341 1375/7/341 1372/8/341
f 1372/8/342 1375/7/342 1373/3/342 1371/2/342
f 1376/9/343 1367/10/343 1369/11/343 1377/12/343
f 1370/5/344 1376/9/344 1377/12/344 1374/6/344
f 1378/1/345 1383/2/345 1385/3/345 1380/4/345
f 1382/5/346 1386/6/346 1387/7/346 1384/8/346
f 1384/8/347 1387/7/347 1385/3/347 1383/2/347
f 1388/9/348 1379/10/348 1381/11/348 1389/12/348
f 1382/5/349 1388/9/349 1389/12/349 1386/6/349
f 1390/1/350 1395/2/350 1397/3/350 1392/4/350
f 1394/5/351 1398/6/351 1399/7/351 1396/8/351
f 1396/8/352 1399/7/352 1397/3/352 1395/2/352
f 1400/9/353 1391/10/353 1393/11/353 1401/12/353
f 1394/5/354 1400/9/354 1401/12/354 1398/6/354
f 1402/1/355 1407/2/355 1409/3/355 1404/4/355
f 1406/5/356 1410/6/356 1411/7/356 1408/8/356
f 1408/8/357 1411/7/357 1409/3/357 1407/2/357
f 1412/9/358 1403/10/358 1405/11/358 1413/12/358
f 1406/5/359 1412/9/359 1413/12/359 1410/6/359
f 1414/13/360 1415/14/360 1417/15/360 1416/16/360
f 1416/13/361 1417/17/361 1419/15/361 1418/16/361
f 1418/13/362 1419/17/362 1415/15/362 1414/16/362
f 1424/18/363 1429/19/363 1420/20/363 1422/21/363
f 1417/15/364 1415/14/364 1423/22/364 1436/23/364
f 1415/15/365 1419/17/365 1430/22/365 1423/23/365
f 1419/15/366 1417/17/366 1436/24/366 1430/25/366
f 1429/26/367 1435/27/367 1421/20/367 1420/21/367
f 1424/19/368 1435/18/368 1437/28/368 1428/29/368
f 1428/29/369 1437/28/369 1438/30/369 1427/31/369
f 1427/31/370 1438/30/370 1439/32/370 1426/33/370
f 1426/33/371 1439/32/371 1440/34/371 1425/35/371
f 1425/35/372 1440/34/372 1436/23/372 1423/22/372
f 1435/27/373 1429/26/373 1431/36/373 1437/37/373
f 1437/37/374 1431/36/374 1432/38/374 1438/39/374
f 1438/39/375 1432/38/375 1433/40/375 1439/41/375
f 1439/41/376 1433/40/376 1434/42/376 1440/43/376
f 1440/43/377 1434/42/377 1430/25/377 1436/24/377
f 1429/19/378 1424/18/378 1428/44/378 1431/45/378
f 1431/45/379 1428/44/379 1427/30/379 1432/46/379
f 1432/46/380 1427/30/380 1426/32/380 1433/33/380
f 1433/33/381 1426/32/381 1425/42/381 1434/43/381
f 1434/43/382 1425/42/382 1423/23/382 1430/22/382
f 1435/18/383 1424/19/383 1422/20/383 1421/21/383
f 1441/1/384 1446/2/384 1448/3/384 1443/4/384
f 1445/5/385 1449/6/385 1450/7/385 1447/8/385
f 1447/8/386 1450/7/386 1448/3/386 1446/2/386
f 1451/9/387 1442/10/387 1444/11/387 1452/12/387
f 1445/5/388 1451/9/388 1452/12/388 1449/6/388
f 1453/1/389 1458/2/389 1460/3/389 1455/4/389
f 1457/5/390 1461/6/390 1462/7/390 1459/8/390
f 1459/8/391 1462/7/391 1460/3/391 1458/2/391
f 1463/9/392 1454/10/392 1456/11/392 1464/12/392
f 1457/5/393 1463/9/393 1464/12/393 1461/6/393
f 1465/1/394 1470/2/394 1472/3/394 1467/4/394
f 1469/5/395 1473/6/395 1474/7/395 1471/8/395
f 1471/8/396 1474/7/396 1472/3/396 1470/2/396
f 1475/9/397 1466/10/397 1468/11/397 1476/12/397
f 1469/5/398 1475/9/398 1476/12/398 1473/6/398
f 1477/1/399 1482/2/399 1484/3/399 1479/4/399
f 1481/5/400 1485/6/400 1486/7/400 1483/8/400
f 1483/8/401 1486/7/401 1484/3/401 1482/2/401
f 1487/9/402 1478/10/402 1480/11/402 1488/12/402
f 1481/5/403 1487/9/403 1488/12/403 1485/6/403
f 1489/1/404 1494/2/404 1496/3/404 1491/4/404
f 1493/5/405 1497/6/405 1498/7/405 1495/8/405
f 1495/8/406 1498/7/406 1496/3/406 1494/2/406
f 1499/9/407 1490/10/407 1492/11/407 1500/12/407
f 1493/5/408 1499/9/408 1500/12/408 1497/6/408
f 1501/1/409 1506/2/409 1508/3/409 1503/4/409
f 1505/5/410 1509/6/410 1510/7/410 1507/8/410
f 1507/8/411 1510/7/411 1508/3/411 1506/2/411
f 1511/9/412 1502/10/412 1504/11/412 1512/12/412
f 1505/5/413 1511/9/413 1512/12/413 1509/6/413
f 1513/1/414 1518/2/414 1520/3/414 1515/4/414
f 1517/5/415 1521/6/415 1522/7/415 1519/8/415
f 1519/8/416 1522/7/416 1520/3/416 1518/2/416
f 1523/9/417 1514/10/417 1516/11/417 1524/12/417
f 1517/5/418 1523/9/418 1524/12/418 1521/6/418
f 1525/1/419 1530/2/419 1532/3/419 1527/4/419
f 1529/5/420 1533/6/420 1534/7/420 1531/8/420
f 1531/8/421 1534/7/421 1532/3/421 1530/2/421
f 1535/9/422 1526/10/422 1528/11/422 1536/12/422
f 1529/5/423 1535/9/423 1536/12/423 1533/6/423
f 1537/1/424 1542/2/424 1544/3/424 1539/4/424
f 1541/5/425 1545/6/425 1546/7/425 1543/8/425
f 1543/8/426 1546/7/426 1544/3/426 1542/2/426
f 1547/9/427 1538/10/427 1540/11/427 1548/12/427
f 1541/5/428 1547/9/428 1548/12/428 1545/6/428
f 1549/1/414 1554/2/414 1556/3/414 1551/4/414
f 1553/5/415 1557/6/415 1558/7/415 1555/8/415
f 1555/8/416 1558/7/416 1556/3/416 1554/2/416
f 1559/9/417 1550/10/417 1552/11/417 1560/12/417
f 1553/5/418 1559/9/418 1560/12/418 1557/6/418
f 1561/1/419 1566/2/419 1568/3/419 1563/4/419
f 1565/5/420 1569/6/420 1570/7/420 1567/8/420
f 1567/8/421 1570/7/421 1568/3/421 1566/2/421
f 1571/9/422 1562/10/422 1564/11/422 1572/12/422
f 1565/5/423 1571/9/423 1572/12/423 1569/6/423
f 1573/1/424 1578/2/424 1580/3/424 1575/4/424
f 1577/5/425 1581/6/425 1582/7/425 1579/8/425
f 1579/8/426 1582/7/426 1580/3/426 1578/2/426
f 1583/9/427 1574/10/427 1576/11/427 1584/12/427
f 1577/5/428 1583/9/428 1584/12/428 1581/6/428
f 1585/1/414 1590/2/414 1592/3/414 1587/4/414
f 1589/5/415 1593/6/415 1594/7/415 1591/8/415
f 1591/8/416 1594/7/416 1592/3/416 1590/2/416
f 1595/9/417 1586/10/417 1588/11/417 1596/12/417
f 1589/5/418 1595/9/418 1596/12/418 1593/6/418
f 1597/1/419 1602/2/419 1604/3/419 1599/4/419
f 1601/5/420 1605/6/420 1606/7/420 1603/8/420
f 1603/8/421 1606/7/421 1604/3/421 1602/2/421
f 1607/9/422 1598/10/422 1600/11/422 1608/12/422
f 1601/5/423 1607/9/423 1608/12/423 1605/6/423
f 1609/1/424 1614/2/424 1616/3/424 1611/4/424
f 1613/5/429 1617/6/429 1618/7/429 1615/8/429
f 1615/8/426 1618/7/426 1616/3/426 1614/2/426
f 1619/9/427 1610/10/427 1612/11/427 1620/12/427
f 1613/5/428 1619/9/428 1620/12/428 1617/6/428
f 1621/1/414 1626/2/414 1628/3/414 1623/4/414
f 1625/5/415 1629/6/415 1630/7/415 1627/8/415
f 1627/8/416 1630/7/416 1628/3/416 1626/2/416
f 1631/9/417 1622/10/417 1624/11/417 1632/12/417
f 1625/5/418 1631/9/418 1632/12/418 1629/6/418
f 1633/1/419 1638/2/419 1640/3/419 1635/4/419
f 1637/5/420 1641/6/420 1642/7/420 1639/8/420
f 1639/8/421 1642/7/421 1640/3/421 1638/2/421
f 1643/9/422 1634/10/422 1636/11/422 1644/12/422
f 1637/5/423 1643/9/423 1644/12/423 1641/6/423
f 1645/1/424 1650/2/424 1652/3/424 1647/4/424
f 1649/5/425 1653/6/425 1654/7/425 1651/8/425
f 1651/8/430 1654/7/430 1652/3/430 1650/2/430
f 1655/9/427 1646/10/427 1648/11/427 1656/12/427
f 1649/5/428 1655/9/428 1656/12/428 1653/6/428
f 1657/1/431 1662/2/431 1664/3/431 1659/4/431
f 1661/5/432 1665/6/432 1666/7/432 1663/8/432
f 1663/8/433 1666/7/433 1664/3/433 1662/2/433
f 1667/9/434 1658/10/434 1660/11/434 1668/12/434
f 1661/5/435 1667/9/435 1668/12/435 1665/6/435
f 1669/1/436 1674/2/436 1676/3/436 1671/4/436
f 1673/5/437 1677/6/437 1678/7/437 1675/8/437
f 1675/8/438 1678/7/438 1676/3/438 1674/2/438
f 1679/9/439 1670/10/439 1672/11/439 1680/12/439
f 1673/5/440 1679/9/440 1680/12/440 1677/6/440
f 1681/1/441 1686/2/441 1688/3/441 1683/4/441
f 1685/5/442 1689/6/442 1690/7/442 1687/8/442
f 1687/8/443 1690/7/443 1688/3/443 1686/2/443
f 1691/9/444 1682/10/444 1684/11/444 1692/12/444
f 1685/5/445 1691/9/445 1692/12/445 1689/6/445
f 1693/1/431 1698/2/431 1700/3/431 1695/4/431
f 1697/5/432 1701/6/432 1702/7/432 1699/8/432
f 1699/8/433 1702/7/433 1700/3/433 1698/2/433
f 1703/9/434 1694/10/434 1696/11/434 1704/12/434
f 1697/5/435 1703/9/435 1704/12/435 1701/6/435
f 1705/1/436 1710/2/436 1712/3/436 1707/4/436
f 1709/5/437 1713/6/437 1714/7/437 1711/8/437
f 1711/8/438 1714/7/438 1712/3/438 1710/2/438
f 1715/9/439 1706/10/439 1708/11/439 1716/12/439
f 1709/5/440 1715/9/440 1716/12/440 1713/6/440
f 1717/1/441 1722/2/441 1724/3/441 1719/4/441
f 1721/5/442 1725/6/442 1726/7/442 1723/8/442
f 1723/8/443 1726/7/443 1724/3/443 1722/2/443
f 1727/9/444 1718/10/444 1720/11/444 1728/12/444
f 1721/5/445 1727/9/445 1728/12/445 1725/6/445
f 1729/1/431 1734/2/431 1736/3/431 1731/4/431
f 1733/5/432 1737/6/432 1738/7/432 1735/8/432
f 1735/8/433 1738/7/433 1736/3/433 1734/2/433
f 1739/9/434 1730/10/434 1732/11/434 1740/12/434
f 1733/5/446 1739/9/446 1740/12/446 1737/6/446
f 1741/1/436 1746/2/436 1748/3/436 1743/4/436
f 1745/5/437 1749/6/437 1750/7/437 1747/8/437
f 1747/8/438 1750/7/438 1748/3/438 1746/2/438
f 1751/9/439 1742/10/439 1744/11/439 1752/12/439
f 1745/5/440 1751/9/440 1752/12/440 1749/6/440
f 1753/1/441 1758/2/441 1760/3/441 1755/4/441
f 1757/5/442 1761/6/442 1762/7/442 1759/8/442
f 1759/8/443 1762/7/443 1760/3/443 1758/2/443
f 1763/9/444 1754/10/444 1756/11/444 1764/12/444
f 1757/5/445 1763/9/445 1764/12/445 1761/6/445
f 1765/1/431 1770/2/431 1772/3/431 1767/4/431
f 1769/5/432 1773/6/432 1774/7/432 1771/8/432
f 1771/8/433 1774/7/433 1772/3/433 1770/2/433
f 1775/9/434 1766/10/434 1768/11/434 1776/12/434
f 1769/5/435 1775/9/435 1776/12/435 1773/6/435
f 1777/1/436 1782/2/436 1784/3/436 1779/4/436
f 1781/5/437 1785/6/437 1786/7/437 1783/8/437
f 1783/8/438 1786/7/438 1784/3/438 1782/2/438
f 1787/9/439 1778/10/439 1780/11/439 1788/12/439
f 1781/5/440 1787/9/440 1788/12/440 1785/6/440
f 1789/1/441 1794/2/441 1796/3/441 1791/4/441
f 1793/5/442 1797/6/442 1798/7/442 1795/8/442
f 1795/8/443 1798/7/443 1796/3/443 1794/2/443
f 1799/9/444 1790/10/444 1792/11/444 1800/12/444
f 1793/5/445 1799/9/445 1800/12/445 1797/6/445
f 1801/1/447 1806/2/447 1808/3/447 1803/4/447
f 1805/5/448 1809/6/448 1810/7/448 1807/8/448
f 1807/8/449 1810/7/449 1808/3/449 1806/2/449
f 1811/9/450 1802/10/450 1804/11/450 1812/12/450
f 1805/5/451 1811/9/451 1812/12/451 1809/6/451
f 1813/1/452 1818/2/452 1820/3/452 1815/4/452
f 1817/5/453 1821/6/453 1822/7/453 1819/8/453
f 1819/8/454 1822/7/454 1820/3/454 1818/2/454
f 1823/9/455 1814/10/455 1816/11/455 1824/12/455
f 1817/5/456 1823/9/456 1824/12/456 1821/6/456
f 1825/1/457 1830/2/457 1832/3/457 1827/4/457
f 1829/5/458 1833/6/458 1834/7/458 1831/8/458
f 1831/8/459 1834/7/459 1832/3/459 1830/2/459
f 1835/9/460 1826/10/460 1828/11/460 1836/12/460
f 1829/5/461 1835/9/461 1836/12/461 1833/6/461
f 1837/1/462 1842/2/462 1844/3/462 1839/4/462
f 1841/5/463 1845/6/463 1846/7/463 1843/8/463
f 1843/8/464 1846/7/464 1844/3/464 1842/2/464
f 1847/9/465 1838/10/465 1840/11/465 1848/12/465
f 1841/5/466 1847/9/466 1848/12/466 1845/6/466
f 1849/1/467 1854/2/467 1856/3/467 1851/4/467
f 1853/5/468 1857/6/468 1858/7/468 1855/8/468
f 1855/8/469 1858/7/469 1856/3/469 1854/2/469
f 1859/9/470 1850/10/470 1852/11/470 1860/12/470
f 1853/5/471 1859/9/471 1860/12/471 1857/6/471
f 1861/1/472 1866/2/472 1868/3/472 1863/4/472
f 1865/5/473 1869/6/473 1870/7/473 1867/8/473
f 1867/8/474 1870/7/474 1868/3/474 1866/2/474
f 1871/9/475 1862/10/475 1864/11/475 1872/12/475
f 1865/5/476 1871/9/476 1872/12/476 1869/6/476
f 1873/13/477 1874/14/477 1876/15/477 1875/16/477
f 1875/13/478 1876/17/478 1878/15/478 1877/16/478
f 1877/13/479 1878/17/479 1874/15/479 1873/16/479
f 1883/18/480 1888/19/480 1879/20/480 1881/21/480
f 1876/15/481 1874/14/481 1882/22/481 1895/23/481
f 1874/15/482 1878/17/482 1889/22/482 1882/23/482
f 1878/15/483 1876/17/483 1895/24/483 1889/25/483
f 1888/26/484 1894/27/484 1880/20/484 1879/21/484
f 1883/19/485 1894/18/485 1896/28/485 1887/29/485
f 1887/29/486 1896/28/486 1897/30/486 1886/31/486
f 1886/31/487 1897/30/487 1898/32/487 1885/33/487
f 1885/33/488 1898/32/488 1899/34/488 1884/35/488
f 1884/35/489 1899/34/489 1895/23/489 1882/22/489
f 1894/27/490 1888/26/490 1890/36/490 1896/37/490
f 1896/37/491 1890/36/491 1891/38/491 1897/39/491
f 1897/39/492 1891/38/492 1892/40/492 1898/41/492
f 1898/41/493 1892/40/493 1893/42/493 1899/43/493
f 1899/43/494 1893/42/494 1889/25/494 1895/24/494
f 1888/19/495 1883/18/495 1887/44/495 1890/45/495
f 1890/45/496 1887/44/496 1886/30/496 1891/46/496
f 1891/46/497 1886/30/497 1885/32/497 1892/33/497
f 1892/33/498 1885/32/498 1884/42/498 1893/43/498
f 1893/43/499 1884/42/499 1882/23/499 1889/22/499
f 1894/18/500 1883/19/500 1881/20/500 1880/21/500
f 1900/1/501 1905/2/501 1907/3/501 1902/4/501
f 1904/5/502 1908/6/502 1909/7/502 1906/8/502
f 1906/8/503 1909/7/503 1907/3/503 1905/2/503
f 1910/9/504 1901/10/504 1903/11/504 1911/12/504
f 1904/5/505 1910/9/505 1911/12/505 1908/6/505
f 1912/1/506 1917/2/506 1919/3/506 1914/4/506
f 1916/5/507 1920/6/507 1921/7/507 1918/8/507
f 1918/8/508 1921/7/508 1919/3/508 1917/2/508
f 1922/9/509 1913/10/509 1915/11/509 1923/12/509
f 1916/5/510 1922/9/510 1923/12/510 1920/6/510
f 1924/1/511 1929/2/511 1931/3/511 1926/4/511
f 1928/5/512 1932/6/512 1933/7/512 1930/8/512
f 1930/8/513 1933/7/513 1931/3/513 1929/2/513
f 1934/9/514 1925/10/514 1927/11/514 1935/12/514
f 1928/5/515 1934/9/515 1935/12/515 1932/6/515
f 1936/1/516 1941/2/516 1943/3/516 1938/4/516
f 1940/5/517 1944/6/517 1945/7/517 1942/8/517
f 1942/8/518 1945/7/518 1943/3/518 1941/2/518
f 1946/9/519 1937/10/519 1939/11/519 1947/12/519
f 1940/5/520 1946/9/520 1947/12/520 1944/6/520
f 1948/1/521 1953/2/521 1955/3/521 1950/4/521
f 1952/5/522 1956/6/522 1957/7/522 1954/8/522
f 1954/8/523 1957/7/523 1955/3/523 1953/2/523
f 1958/9/524 1949/10/524 1951/11/524 1959/12/524
f 1952/5/525 1958/9/525 1959/12/525 1956/6/525
f 1960/1/526 1965/2/526 1967/3/526 1962/4/526
f 1964/5/527 1968/6/527 1969/7/527 1966/8/527
f 1966/8/528 1969/7/528 1967/3/528 1965/2/528
f 1970/9/529 1961/10/529 1963/11/529 1971/12/529
f 1964/5/530 1970/9/530 1971/12/530 1968/6/530
f 1972/1/531 1977/2/531 1979/3/531 1974/4/531
f 1976/5/532 1980/6/532 1981/7/532 1978/8/532
f 1978/8/533 1981/7/533 1979/3/533 1977/2/533
f 1982/9/534 1973/10/534 1975/11/534 1983/12/534
f 1976/5/535 1982/9/535 1983/12/535 1980/6/535
f 1984/1/536 1989/2/536 1991/3/536 1986/4/536
f 1988/5/537 1992/6/537 1993/7/537 1990/8/537
f 1990/8/538 1993/7/538 1991/3/538 1989/2/538
f 1994/9/539 1985/10/539 1987/11/539 1995/12/539
f 1988/5/540 1994/9/540 1995/12/540 1992/6/540
f 1996/1/541 2001/2/541 2003/3/541 1998/4/541
f 2000/5/542 2004/6/542 2005/7/542 2002/8/542
f 2002/8/543 2005/7/543 2003/3/543 2001/2/543
f 2006/9/544 1997/10/544 1999/11/544 2007/12/544
f 2000/5/545 2006/9/545 2007/12/545 2004/6/545
f 2008/1/531 2013/2/531 2015/3/531 2010/4/531
f 2012/5/532 2016/6/532 2017/7/532 2014/8/532
f 2014/8/533 2017/7/533 2015/3/533 2013/2/533
f 2018/9/534 2009/10/534 2011/11/534 2019/12/534
f 2012/5/535 2018/9/535 2019/12/535 2016/6/535
f 2020/1/536 2025/2/536 2027/3/536 2022/4/536
f 2024/5/537 2028/6/537 2029/7/537 2026/8/537
f 2026/8/538 2029/7/538 2027/3/538 2025/2/538
f 2030/9/539 2021/10/539 2023/11/539 2031/12/539
f 2024/5/540 2030/9/540 2031/12/540 2028/6/540
f 2032/1/541 2037/2/541 2039/3/541 2034/4/541
f 2036/5/542 2040/6/542 2041/7/542 2038/8/542
f 2038/8/543 2041/7/543 2039/3/543 2037/2/543
f 2042/9/544 2033/10/544 2035/11/544 2043/12/544
f 2036/5/545 2042/9/545 2043/12/545 2040/6/545
f 2044/1/531 2049/2/531 2051/3/531 2046/4/531
f 2048/5/532 2052/6/532 2053/7/532 2050/8/532
f 2050/8/533 2053/7/533 2051/3/533 2049/2/533
f 2054/9/534 2045/10/534 2047/11/534 2055/12/534
f 2048/5/535 2054/9/535 2055/12/535 2052/6/535
f 2056/1/536 2061/2/536 2063/3/536 2058/4/536
f 2060/5/537 2064/6/537 2065/7/537 2062/8/537
f 2062/8/538 2065/7/538 2063/3/538 2061/2/538
f 2066/9/539 2057/10/539 2059/11/539 2067/12/539
f 2060/5/540 2066/9/540 2067/12/540 2064/6/540
f 2068/1/541 2073/2/541 2075/3/541 2070/4/541
f 2072/5/542 2076/6/542 2077/7/542 2074/8/542
f 2074/8/543 2077/7/543 2075/3/543 2073/2/543
f 2078/9/544 2069/10/544 2071/11/544 2079/12/544
f 2072/5/545 2078/9/545 2079/12/545 2076/6/545
f 2080/1/531 2085/2/531 2087/3/531 2082/4/531
f 2084/5/532 2088/6/532 2089/7/532 2086/8/532
f 2086/8/533 2089/7/533 2087/3/533 2085/2/533
f 2090/9/534 2081/10/534 2083/11/534 2091/12/534
f 2084/5/535 2090/9/535 2091/12/535 2088/6/535
f 2092/1/536 2097/2/536 2099/3/536 2094/4/536
f 2096/5/537 2100/6/537 2101/7/537 2098/8/537
f 2098/8/538 2101/7/538 2099/3/538 2097/2/538
f 2102/9/539 2093/10/539 2095/11/539 2103/12/539
f 2096/5/540 2102/9/540 2103/12/540 2100/6/540
f 2104/1/541 2109/2/541 2111/3/541 2106/4/541
f 2108/5/542 2112/6/542 2113/7/542 2110/8/542
f 2110/8/543 2113/7/543 2111/3/543 2109/2/543
f 2114/9/544 2105/10/544 2107/11/544 2115/12/544
f 2108/5/545 2114/9/545 2115/12/545 2112/6/545
f 2116/1/546 2121/2/546 2123/3/546 2118/4/546
f 2120/5/547 2124/6/547 2125/7/547 2122/8/547
f 2122/8/548 2125/7/548 2123/3/548 2121/2/548
f 2126/9/549 2117/10/549 2119/11/549 2127/12/549
f 2120/5/550 2126/9/550 2127/12/550 2124/6/550
f 2128/1/551 2133/2/551 2135/3/551 2130/4/551
f 2132/5/552 2136/6/552 2137/7/552 2134/8/552
f 2134/8/553 2137/7/553 2135/3/553 2133/2/553
f 2138/9/554 2129/10/554 2131/11/554 2139/12/554
f 2132/5/555 2138/9/555 2139/12/555 2136/6/555
f 2140/1/556 2145/2/556 2147/3/556 2142/4/556
f 2144/5/557 2148/6/557 2149/7/557 2146/8/557
f 2146/8/558 2149/7/558 2147/3/558 2145/2/558
f 2150/9/559 2141/10/559 2143/11/559 2151/12/559
f 2144/5/560 2150/9/560 2151/12/560 2148/6/560
f 2152/1/546 2157/2/546 2159/3/546 2154/4/546
f 2156/5/547 2160/6/547 2161/7/547 2158/8/547
f 2158/8/548 2161/7/548 2159/3/548 2157/2/548
f 2162/9/549 2153/10/549 2155/11/549 2163/12/549
f 2156/5/561 2162/9/561 2163/12/561 2160/6/561
f 2164/1/551 2169/2/551 2171/3/551 2166/4/551
f 2168/5/552 2172/6/552 2173/7/552 2170/8/552
f 2170/8/553 2173/7/553 2171/3/553 2169/2/553
f 2174/9/554 2165/10/554 2167/11/554 2175/12/554
f 2168/5/555 2174/9/555 2175/12/555 2172/6/555
f 2176/1/556 2181/2/556 2183/3/556 2178/4/556
f 2180/5/557 2184/6/557 2185/7/557 2182/8/557
f 2182/8/558 2185/7/558 2183/3/558 2181/2/558
f 2186/9/559 2177/10/559 2179/11/559 2187/12/559
f 2180/5/560 2186/9/560 2187/12/560 2184/6/560
f 2188/1/546 2193/2/546 2195/3/546 2190/4/546
f 2192/5/547 2196/6/547 2197/7/547 2194/8/547
f 2194/8/548 2197/7/548 2195/3/548 2193/2/548
f 2198/9/549 2189/10/549 2191/11/549 2199/12/549
f 2192/5/550 2198/9/550 2199/12/550 2196/6/550
f 2200/1/551 2205/2/551 2207/3/551 2202/4/551
f 2204/5/552 2208/6/552 2209/7/552 2206/8/552
f 2206/8/553 2209/7/553 2207/3/553 2205/2/553
f 2210/9/554 2201/10/554 2203/11/554 2211/12/554
f 2204/5/555 2210/9/555 2211/12/555 2208/6/555
f 2212/1/556 2217/2/556 2219/3/556 2214/4/556
f 2216/5/557 2220/6/557 2221/7/557 2218/8/557
f 2218/8/558 2221/7/558 2219/3/558 2217/2/558
f 2222/9/559 2213/10/559 2215/11/559 2223/12/559
f 2216/5/562 2222/9/562 2223/12/562 2220/6/562
f 2224/1/546 2229/2/546 2231/3/546 2226/4/546
f 2228/5/547 2232/6/547 2233/7/547 2230/8/547
f 2230/8/548 2233/7/548 2231/3/548 2229/2/548
f 2234/9/549 2225/10/549 2227/11/549 2235/12/549
f 2228/5/550 2234/9/550 2235/12/550 2232/6/550
f 2236/1/551 2241/2/551 2243/3/551 2238/4/551
f 2240/5/552 2244/6/552 2245/7/552 2242/8/552
f 2242/8/553 2245/7/553 2243/3/553 2241/2/553
f 2246/9/554 2237/10/554 2239/11/554 2247/12/554
f 2240/5/555 2246/9/555 2247/12/555 2244/6/555
f 2248/1/556 2253/2/556 2255/3/556 2250/4/556
f 2252/5/557 2256/6/557 2257/7/557 2254/8/557
f 2254/8/558 2257/7/558 2255/3/558 2253/2/558
f 2258/9/559 2249/10/559 2251/11/559 2259/12/559
f 2252/5/560 2258/9/560 2259/12/560 2256/6/560
f 2260/1/563 2265/2/563 2267/3/563 2262/4/563
f 2264/5/564 2268/6/564 2269/7/564 2266/8/564
f 2266/8/565 2269/7/565 2267/3/565 2265/2/565
f 2270/9/566 2261/10/566 2263/11/566 2271/12/566
f 2264/5/567 2270/9/567 2271/12/567 2268/6/567
f 2272/1/568 2277/2/568 2279/3/568 2274/4/568
f 2276/5/569 2280/6/569 2281/7/569 2278/8/569
f 2278/8/570 2281/7/570 2279/3/570 2277/2/570
f 2282/9/571 2273/10/571 2275/11/571 2283/12/571
f 2276/5/572 2282/9/572 2283/12/572 2280/6/572
f 2284/1/573 2289/2/573 2291/3/573 2286/4/573
f 2288/5/574 2292/6/574 2293/7/574 2290/8/574
f 2290/8/575 2293/7/575 2291/3/575 2289/2/575
f 2294/9/576 2285/10/576 2287/11/576 2295/12/576
f 2288/5/577 2294/9/577 2295/12/577 2292/6/577
f 2296/1/578 2301/2/578 2303/3/578 2298/4/578
f 2300/5/579 2304/6/579 2305/7/579 2302/8/579
f 2302/8/580 2305/7/580 2303/3/580 2301/2/580
f 2306/9/581 2297/10/581 2299/11/581 2307/12/581
f 2300/5/582 2306/9/582 2307/12/582 2304/6/582
f 2308/1/583 2313/2/583 2315/3/583 2310/4/583
f 2312/5/584 2316/6/584 2317/7/584 2314/8/584
f 2314/8/585 2317/7/585 2315/3/585 2313/2/585
f 2318/9/586 2309/10/586 2311/11/586 2319/12/586
f 2312/5/587 2318/9/587 2319/12/587 2316/6/587
f 2320/1/588 2325/2/588 2327/3/588 2322/4/588
f 2324/5/589 2328/6/589 2329/7/589 2326/8/589
f 2326/8/590 2329/7/590 2327/3/590 2325/2/590
f 2330/9/591 2321/10/591 2323/11/591 2331/12/591
f 2324/5/592 2330/9/592 2331/12/592 2328/6/592
f 2332/13/593 2333/14/593 2335/15/593 2334/16/593
f 2334/13/594 2335/17/594 2337/15/594 2336/16/594
f 2336/13/595 2337/17/595 2333/15/595 2332/16/595
f 2342/18/596 2347/19/596 2338/20/596 2340/21/596
f 2335/15/597 2333/14/597 2341/22/597 2354/23/597
f 2333/15/598 2337/17/598 2348/22/598 2341/23/598
f 2337/15/599 2335/17/599 2354/24/599 2348/25/599
f 2347/26/600 2353/27/600 2339/20/600 2338/21/600
f 2342/19/601 2353/18/601 2355/28/601 2346/29/601
f 2346/29/602 2355/28/602 2356/30/602 2345/31/602
f 2345/31/603 2356/30/603 2357/32/603 2344/33/603
f 2344/33/604 2357/32/604 2358/34/604 2343/35/604
f 2343/35/605 2358/34/605 2354/23/605 2341/22/605
f 2353/27/606 2347/26/606 2349/36/606 2355/37/606
f 2355/37/607 2349/36/607 2350/38/607 2356/39/607
f 2356/39/608 2350/38/608 2351/40/608 2357/41/608
f 2357/41/609 2351/40/609 2352/42/609 2358/43/609
f 2358/43/610 2352/42/610 2348/25/610 2354/24/610
f 2347/19/611 2342/18/611 2346/44/611 2349/45/611
f 2349/45/612 2346/44/612 2345/30/612 2350/46/612
f 2350/46/613 2345/30/613 2344/32/613 2351/33/613
f 2351/33/614 2344/32/614 2343/42/614 2352/43/614
f 2352/43/615 2343/42/615 2341/23/615 2348/22/615
f 2353/18/616 2342/19/616 2340/20/616 2339/21/616
f 2359/1/617 2364/2/617 2366/3/617 2361/4/617
f 2363/5/618 2367/6/618 2368/7/618 2365/8/618
f 2365/8/619 2368/7/619 2366/3/619 2364/2/619
f 2369/9/620 2360/10/620 2362/11/620 2370/12/620
f 2363/5/621 2369/9/621 2370/12/621 2367/6/621
f 2371/1/622 2376/2/622 2378/3/622 2373/4/622
f 2375/5/623 2379/6/623 2380/7/623 2377/8/623
f 2377/8/624 2380/7/624 2378/3/624 2376/2/624
f 2381/9/625 2372/10/625 2374/11/625 2382/12/625
f 2375/5/626 2381/9/626 2382/12/626 2379/6/626
f 2383/1/627 2388/2/627 2390/3/627 2385/4/627
f 2387/5/628 2391/6/628 2392/7/628 2389/8/628
f 2389/8/629 2392/7/629 2390/3/629 2388/2/629
f 2393/9/630 2384/10/630 2386/11/630 2394/12/630
f 2387/5/631 2393/9/631 2394/12/631 2391/6/631
f 2395/1/632 2400/2/632 2402/3/632 2397/4/632
f 2399/5/633 2403/6/633 2404/7/633 2401/8/633
f 2401/8/634 2404/7/634 2402/3/634 2400/2/634
f 2405/9/635 2396/10/635 2398/11/635 2406/12/635
f 2399/5/636 2405/9/636 2406/12/636 2403/6/636
f 2407/1/637 2412/2/637 2414/3/637 2409/4/637
f 2411/5/638 2415/6/638 2416/7/638 2413/8/638
f 2413/8/639 2416/7/639 2414/3/639 2412/2/639
f 2417/9/640 2408/10/640 2410/11/640 2418/12/640
f 2411/5/641 2417/9/641 2418/12/641 2415/6/641
f 2419/1/642 2424/2/642 2426/3/642 2421/4/642
f 2423/5/643 2427/6/643 2428/7/643 2425/8/643
f 2425/8/644 2428/7/644 2426/3/644 2424/2/644
f 2429/9/645 2420/10/645 2422/11/645 2430/12/645
f 2423/5/646 2429/9/646 2430/12/646 2427/6/646
f 2431/1/647 2436/2/647 2438/3/647 2433/4/647
f 2435/5/648 2439/6/648 2440/7/648 2437/8/648
f 2437/8/649 2440/7/649 2438/3/649 2436/2/649
f 2441/9/650 2432/10/650 2434/11/650 2442/12/650
f 2435/5/651 2441/9/651 2442/12/651 2439/6/651
f 2443/1/652 2448/2/652 2450/3/652 2445/4/652
f 2447/5/653 2451/6/653 2452/7/653 2449/8/653
f 2449/8/654 2452/7/654 2450/3/654 2448/2/654
f 2453/9/655 2444/10/655 2446/11/655 2454/12/655
f 2447/5/656 2453/9/656 2454/12/656 2451/6/656
f 2455/1/657 2460/2/657 2462/3/657 2457/4/657
f 2459/5/658 2463/6/658 2464/7/658 2461/8/658
f 2461/8/659 2464/7/659 2462/3/659 2460/2/659
f 2465/9/660 2456/10/660 2458/11/660 2466/12/660
f 2459/5/661 2465/9/661 2466/12/661 2463/6/661
f 2467/1/647 2472/2/647 2474/3/647 2469/4/647
f 2471/5/648 2475/6/648 2476/7/648 2473/8/648
f 2473/8/649 2476/7/649 2474/3/649 2472/2/649
f 2477/9/650 2468/10/650 2470/11/650 2478/12/650
f 2471/5/651 2477/9/651 2478/12/651 2475/6/651
f 2479/1/652 2484/2/652 2486/3/652 2481/4/652
f 2483/5/653 2487/6/653 2488/7/653 2485/8/653
f 2485/8/654 2488/7/654 2486/3/654 2484/2/654
f 2489/9/655 2480/10/655 2482/11/655 2490/12/655
f 2483/5/656 2489/9/656 2490/12/656 2487/6/656
f 2491/1/657 2496/2/657 2498/3/657 2493/4/657
f 2495/5/658 2499/6/658 2500/7/658 2497/8/658
f 2497/8/659 2500/7/659 2498/3/659 2496/2/659
f 2501/9/660 2492/10/660 2494/11/660 2502/12/660
f 2495/5/661 2501/9/661 2502/12/661 2499/6/661
f 2503/1/647 2508/2/647 2510/3/647 2505/4/647
f 2507/5/648 2511/6/648 2512/7/648 2509/8/648
f 2509/8/649 2512/7/649 2510/3/649 2508/2/649
f 2513/9/650 2504/10/650 2506/11/650 2514/12/650
f 2507/5/651 2513/9/651 2514/12/651 2511/6/651
f 2515/1/652 2520/2/652 2522/3/652 2517/4/652
f 2519/5/653 2523/6/653 2524/7/653 2521/8/653
f 2521/8/654 2524/7/654 2522/3/654 2520/2/654
f 2525/9/655 2516/10/655 2518/11/655 2526/12/655
f 2519/5/656 2525/9/656 2526/12/656 2523/6/656
f 2527/1/657 2532/2/657 2534/3/657 2529/4/657
f 2531/5/658 2535/6/658 2536/7/658 2533/8/658
f 2533/8/659 2536/7/659 2534/3/659 2532/2/659
f 2537/9/660 2528/10/660 2530/11/660 2538/12/660
f 2531/5/661 2537/9/661 2538/12/661 2535/6/661
f 2539/1/647 2544/2/647 2546/3/647 2541/4/647
f 2543/5/648 2547/6/648 2548/7/648 2545/8/648
f 2545/8/649 2548/7/649 2546/3/649 2544/2/649
f 2549/9/650 2540/10/650 2542/11/650 2550/12/650
f 2543/5/651 2549/9/651 2550/12/651 2547/6/651
f 2551/1/652 2556/2/652 2558/3/652 2553/4/652
f 2555/5/653 2559/6/653 2560/7/653 2557/8/653
f 2557/8/654 2560/7/654 2558/3/654 2556/2/654
f 2561/9/655 2552/10/655 2554/11/655 2562/12/655
f 2555/5/656 2561/9/656 2562/12/656 2559/6/656
f 2563/1/657 2568/2/657 2570/3/657 2565/4/657
f 2567/5/658 2571/6/658 2572/7/658 2569/8/658
f 2569/8/659 2572/7/659 2570/3/659 2568/2/659
f 2573/9/660 2564/10/660 2566/11/660 2574/12/660
f 2567/5/661 2573/9/661 2574/12/661 2571/6/661
f 2575/1/662 2580/2/662 2582/3/662 2577/4/662
f 2579/5/663 2583/6/663 2584/7/663 2581/8/663
f 2581/8/664 2584/7/664 2582/3/664 2580/2/664
f 2585/9/665 2576/10/665 2578/11/665 2586/12/665
f 2579/5/666 2585/9/666 2586/12/666 2583/6/666
f 2587/1/667 2592/2/667 2594/3/667 2589/4/667
f 2591/5/668 2595/6/668 2596/7/668 2593/8/668
f 2593/8/669 2596/7/669 2594/3/669 2592/2/669
f 2597/9/670 2588/10/670 2590/11/670 2598/12/670
f 2591/5/671 2597/9/671 2598/12/671 2595/6/671
f 2599/1/672 2604/2/672 2606/3/672 2601/4/672
f 2603/5/673 2607/6/673 2608/7/673 2605/8/673
f 2605/8/674 2608/7/674 2606/3/674 2604/2/674
f 2609/9/675 2600/10/675 2602/11/675 2610/12/675
f 2603/5/676 2609/9/676 2610/12/676 2607/6/676
f 2611/1/662 2616/2/662 2618/3/662 2613/4/662
f 2615/5/663 2619/6/663 2620/7/663 2617/8/663
f 2617/8/664 2620/7/664 2618/3/664 2616/2/664
f 2621/9/665 2612/10/665 2614/11/665 2622/12/665
f 2615/5/666 2621/9/666 2622/12/666 2619/6/666
f 2623/1/667 2628/2/667 2630/3/667 2625/4/667
f 2627/5/668 2631/6/668 2632/7/668 2629/8/668
f 2629/8/669 2632/7/669 2630/3/669 2628/2/669
f 2633/9/670 2624/10/670 2626/11/670 2634/12/670
f 2627/5/671 2633/9/671 2634/12/671 2631/6/671
f 2635/1/672 2640/2/672 2642/3/672 2637/4/672
f 2639/5/673 2643/6/673 2644/7/673 2641/8/673
f 2641/8/674 2644/7/674 2642/3/674 2640/2/674
f 2645/9/675 2636/10/675 2638/11/675 2646/12/675
f 2639/5/676 2645/9/676 2646/12/676 2643/6/676
f 2647/1/662 2652/2/662 2654/3/662 2649/4/662
f 2651/5/663 2655/6/663 2656/7/663 2653/8/663
f 2653/8/664 2656/7/664 2654/3/664 2652/2/664
f 2657/9/665 2648/10/665 2650/11/665 2658/12/665
f 2651/5/666 2657/9/666 2658/12/666 2655/6/666
f 2659/1/667 2664/2/667 2666/3/667 2661/4/667
f 2663/5/668 2667/6/668 2668/7/668 2665/8/668
f 2665/8/669 2668/7/669 2666/3/669 2664/2/669
f 2669/9/670 2660/10/670 2662/11/670 2670/12/670
f 2663/5/671 2669/9/671 2670/12/671 2667/6/671
f 2671/1/672 2676/2/672 2678/3/672 2673/4/672
f 2675/5/673 2679/6/673 2680/7/673 2677/8/673
f 2677/8/674 2680/7/674 2678/3/674 2676/2/674
f 2681/9/675 2672/10/675 2674/11/675 2682/12/675
f 2675/5/676 2681/9/676 2682/12/676 2679/6/676
f 2683/1/662 2688/2/662 2690/3/662 2685/4/662
f 2687/5/663 2691/6/663 2692/7/663 2689/8/663
f 2689/8/664 2692/7/664 2690/3/664 2688/2/664
f 2693/9/665 2684/10/665 2686/11/665 2694/12/665
f 2687/5/666 2693/9/666 2694/12/666 2691/6/666
f 2695/1/667 2700/2/667 2702/3/667 2697/4/667
f 2699/5/668 2703/6/668 2704/7/668 2701/8/668
f 2701/8/669 2704/7/669 2702/3/669 2700/2/669
f 2705/9/670 2696/10/670 2698/11/670 2706/12/670
f 2699/5/671 2705/9/671 2706/12/671 2703/6/671
f 2707/1/672 2712/2/672 2714/3/672 2709/4/672
f 2711/5/673 2715/6/673 2716/7/673 2713/8/673
f 2713/8/674 2716/7/674 2714/3/674 2712/2/674
f 2717/9/675 2708/10/675 2710/11/675 2718/12/675
f 2711/5/676 2717/9/676 2718/12/676 2715/6/676
f 2719/1/677 2724/2/677 2726/3/677 2721/4/677
f 2723/5/678 2727/6/678 2728/7/678 2725/8/678
f 2725/8/679 2728/7/679 2726/3/679 2724/2/679
f 2729/9/680 2720/10/680 2722/11/680 2730/12/680
f 2723/5/681 2729/9/681 2730/12/681 2727/6/681
f 2731/1/682 2736/2/682 2738/3/682 2733/4/682
f 2735/5/683 2739/6/683 2740/7/683 2737/8/683
f 2737/8/684 2740/7/684 2738/3/684 2736/2/684
f 2741/9/685 2732/10/685 2734/11/685 2742/12/685
f 2735/5/686 2741/9/686 2742/12/686 2739/6/686
f 2743/1/687 2748/2/687 2750/3/687 2745/4/687
f 2747/5/688 2751/6/688 2752/7/688 2749/8/688
f 2749/8/689 2752/7/689 2750/3/689 2748/2/689
f 2753/9/690 2744/10/690 2746/11/690 2754/12/690
f 2747/5/691 2753/9/691 2754/12/691 2751/6/691
f 2755/1/692 2760/2/692 2762/3/692 2757/4/692
f 2759/5/693 2763/6/693 2764/7/693 2761/8/693
f 2761/8/694 2764/7/694 2762/3/694 2760/2/694
f 2765/9/695 2756/10/695 2758/11/695 2766/12/695
f 2759/5/696 2765/9/696 2766/12/696 2763/6/696
f 2767/1/697 2772/2/697 2774/3/697 2769/4/697
f 2771/5/698 2775/6/698 2776/7/698 2773/8/698
f 2773/8/699 2776/7/699 2774/3/699 2772/2/699
f 2777/9/700 2768/10/700 2770/11/700 2778/12/700
f 2771/5/701 2777/9/701 2778/12/701 2775/6/701
f 2779/1/702 2784/2/702 2786/3/702 2781/4/702
f 2783/5/703 2787/6/703 2788/7/703 2785/8/703
f 2785/8/704 2788/7/704 2786/3/704 2784/2/704
f 2789/9/705 2780/10/705 2782/11/705 2790/12/705
f 2783/5/706 2789/9/706 2790/12/706 2787/6/706
f 2791/13/707 2792/14/707 2794/15/707 2793/16/707
f 2793/13/708 2794/17/708 2796/15/708 2795/16/708
f 2795/13/709 2796/17/709 2792/15/709 2791/16/709
f 2801/18/710 2806/19/710 2797/20/710 2799/21/710
f 2794/15/711 2792/14/711 2800/22/711 2813/23/711
f 2792/15/712 2796/17/712 2807/22/712 2800/23/712
f 2796/15/713 2794/17/713 2813/24/713 2807/25/713
f 2806/26/714 2812/27/714 2798/20/714 2797/21/714
f 2801/19/715 2812/18/715 2814/28/715 2805/29/715
f 2805/29/716 2814/28/716 2815/30/716 2804/31/716
f 2804/31/717 2815/30/717 2816/32/717 2803/33/717
f 2803/33/718 2816/32/718 2817/34/718 2802/35/718
f 2802/35/719 2817/34/719 2813/23/719 2800/22/719
f 2812/27/720 2806/26/720 2808/36/720 2814/37/720
f 2814/37/721 2808/36/721 2809/38/721 2815/39/721
f 2815/39/722 2809/38/722 2810/40/722 2816/41/722
f 2816/41/723 2810/40/723 2811/42/723 2817/43/723
f 2817/43/724 2811/42/724 2807/25/724 2813/24/724
f 2806/19/725 2801/18/725 2805/44/725 2808/45/725
f 2808/45/726 2805/44/726 2804/30/726 2809/46/726
f 2809/46/727 2804/30/727 2803/32/727 2810/33/727
f 2810/33/728 2803/32/728 2802/42/728 2811/43/728
f 2811/43/729 2802/42/729 2800/23/729 2807/22/729
f 2812/18/730 2801/19/730 2799/20/730 2798/21/730
f 2818/1/731 2823/2/731 2825/3/731 2820/4/731
f 2822/5/732 2826/6/732 2827/7/732 2824/8/732
f 2824/8/733 2827/7/733 2825/3/733 2823/2/733
f 2828/9/734 2819/10/734 2821/11/734 2829/12/734
f 2822/5/735 2828/9/735 2829/12/735 2826/6/735
f 2830/1/736 2835/2/736 2837/3/736 2832/4/736
f 2834/5/737 2838/6/737 2839/7/737 2836/8/737
f 2836/8/738 2839/7/738 2837/3/738 2835/2/738
f 2840/9/739 2831/10/739 2833/11/739 2841/12/739
f 2834/5/740 2840/9/740 2841/12/740 2838/6/740
f 2842/1/741 2847/2/741 2849/3/741 2844/4/741
f 2846/5/742 2850/6/742 2851/7/742 2848/8/742
f 2848/8/743 2851/7/743 2849/3/743 2847/2/743
f 2852/9/744 2843/10/744 2845/11/744 2853/12/744
f 2846/5/745 2852/9/745 2853/12/745 2850/6/745
f 2854/1/746 2859/2/746 2861/3/746 2856/4/746
f 2858/5/747 2862/6/747 2863/7/747 2860/8/747
f 2860/8/748 2863/7/748 2861/3/748 2859/2/748
f 2864/9/749 2855/10/749 2857/11/749 2865/12/749
f 2858/5/750 2864/9/750 2865/12/750 2862/6/750
f 2866/1/751 2871/2/751 2873/3/751 2868/4/751
f 2870/5/752 2874/6/752 2875/7/752 2872/8/752
f 2872/8/753 2875/7/753 2873/3/753 2871/2/753
f 2876/9/754 2867/10/754 2869/11/754 2877/12/754
f 2870/5/755 2876/9/755 2877/12/755 2874/6/755
f 2878/1/756 2883/2/756 2885/3/756 2880/4/756
f 2882/5/757 2886/6/757 2887/7/757 2884/8/757
f 2884/8/758 2887/7/758 2885/3/758 2883/2/758
f 2888/9/759 2879/10/759 2881/11/759 2889/12/759
f 2882/5/760 2888/9/760 2889/12/760 2886/6/760
f 2890/1/761 2895/2/761 2897/3/761 2892/4/761
f 2894/5/762 2898/6/762 2899/7/762 2896/8/762
f 2896/8/763 2899/7/763 2897/3/763 2895/2/763
f 2900/9/764 2891/10/764 2893/11/764 2901/12/764
f 2894/5/765 2900/9/765 2901/12/765 2898/6/765
f 2902/1/766 2907/2/766 2909/3/766 2904/4/766
f 2906/5/767 2910/6/767 2911/7/767 2908/8/767
f 2908/8/768 2911/7/768 2909/3/768 2907/2/768
f 2912/9/769 2903/10/769 2905/11/769 2913/12/769
f 2906/5/770 2912/9/770 2913/12/770 2910/6/770
f 2914/1/771 2919/2/771 2921/3/771 2916/4/771
f 2918/5/772 2922/6/772 2923/7/772 2920/8/772
f 2920/8/773 2923/7/773 2921/3/773 2919/2/773
f 2924/9/774 2915/10/774 2917/11/774 2925/12/774
f 2918/5/775 2924/9/775 2925/12/775 2922/6/775
f 2926/1/761 2931/2/761 2933/3/761 2928/4/761
f 2930/5/762 2934/6/762 2935/7/762 2932/8/762
f 2932/8/763 2935/7/763 2933/3/763 2931/2/763
f 2936/9/764 2927/10/764 2929/11/764 2937/12/764
f 2930/5/765 2936/9/765 2937/12/765 2934/6/765
f 2938/1/766 2943/2/766 2945/3/766 2940/4/766
f 2942/5/767 2946/6/767 2947/7/767 2944/8/767
f 2944/8/768 2947/7/768 2945/3/768 2943/2/768
f 2948/9/776 2939/10/776 2941/11/776 2949/12/776
f 2942/5/770 2948/9/770 2949/12/770 2946/6/770
f 2950/1/771 2955/2/771 2957/3/771 2952/4/771
f 2954/5/772 2958/6/772 2959/7/772 2956/8/772
f 2956/8/773 2959/7/773 2957/3/773 2955/2/773
f 2960/9/774 2951/10/774 2953/11/774 2961/12/774
f 2954/5/775 2960/9/775 2961/12/775 2958/6/775
f 2962/1/761 2967/2/761 2969/3/761 2964/4/761
f 2966/5/762 2970/6/762 2971/7/762 2968/8/762
f 2968/8/763 2971/7/763 2969/3/763 2967/2/763
f 2972/9/764 2963/10/764 2965/11/764 2973/12/764
f 2966/5/765 2972/9/765 2973/12/765 2970/6/765
f 2974/1/766 2979/2/766 2981/3/766 2976/4/766
f 2978/5/767 2982/6/767 2983/7/767 2980/8/767
f 2980/8/768 2983/7/768 2981/3/768 2979/2/768
f 2984/9/777 2975/10/777 2977/11/777 2985/12/777
f 2978/5/770 2984/9/770 2985/12/770 2982/6/770
f 2986/1/771 2991/2/771 2993/3/771 2988/4/771
f 2990/5/772 2994/6/772 2995/7/772 2992/8/772
f 2992/8/773 2995/7/773 2993/3/773 2991/2/773
f 2996/9/774 2987/10/774 2989/11/774 2997/12/774
f 2990/5/775 2996/9/775 2997/12/775 2994/6/775
f 2998/1/761 3003/2/761 3005/3/761 3000/4/761
f 3002/5/762 3006/6/762 3007/7/762 3004/8/762
f 3004/8/763 3007/7/763 3005/3/763 3003/2/763
f 3008/9/764 2999/10/764 3001/11/764 3009/12/764
f 3002/5/765 3008/9/765 3009/12/765 3006/6/765
f 3010/1/766 3015/2/766 3017/3/766 3012/4/766
f 3014/5/767 3018/6/767 3019/7/767 3016/8/767
f 3016/8/768 3019/7/768 3017/3/768 3015/2/768
f 3020/9/776 3011/10/776 3013/11/776 3021/12/776
f 3014/5/778 3020/9/778 3021/12/778 3018/6/778
f 3022/1/771 3027/2/771 3029/3/771 3024/4/771
f 3026/5/772 3030/6/772 3031/7/772 3028/8/772
f 3028/8/773 3031/7/773 3029/3/773 3027/2/773
f 3032/9/774 3023/10/774 3025/11/774 3033/12/774
f 3026/5/775 3032/9/775 3033/12/775 3030/6/775
f 3034/1/779 3039/2/779 3041/3/779 3036/4/779
f 3038/5/780 3042/6/780 3043/7/780 3040/8/780
f 3040/8/781 3043/7/781 3041/3/781 3039/2/781
f 3044/9/782 3035/10/782 3037/11/782 3045/12/782
f 3038/5/783 3044/9/783 3045/12/783 3042/6/783
f 3046/1/784 3051/2/784 3053/3/784 3048/4/784
f 3050/5/785 3054/6/785 3055/7/785 3052/8/785
f 3052/8/786 3055/7/786 3053/3/786 3051/2/786
f 3056/9/787 3047/10/787 3049/11/787 3057/12/787
f 3050/5/788 3056/9/788 3057/12/788 3054/6/788
f 3058/1/789 3063/2/789 3065/3/789 3060/4/789
f 3062/5/790 3066/6/790 3067/7/790 3064/8/790
f 3064/8/791 3067/7/791 3065/3/791 3063/2/791
f 3068/9/792 3059/10/792 3061/11/792 3069/12/792
f 3062/5/793 3068/9/793 3069/12/793 3066/6/793
f 3070/1/779 3075/2/779 3077/3/779 3072/4/779
f 3074/5/780 3078/6/780 3079/7/780 3076/8/780
f 3076/8/781 3079/7/781 3077/3/781 3075/2/781
f 3080/9/794 3071/10/794 3073/11/794 3081/12/794
f 3074/5/783 3080/9/783 3081/12/783 3078/6/783
f 3082/1/784 3087/2/784 3089/3/784 3084/4/784
f 3086/5/785 3090/6/785 3091/7/785 3088/8/785
f 3088/8/786 3091/7/786 3089/3/786 3087/2/786
f 3092/9/787 3083/10/787 3085/11/787 3093/12/787
f 3086/5/788 3092/9/788 3093/12/788 3090/6/788
f 3094/1/789 3099/2/789 3101/3/789 3096/4/789
f 3098/5/790 3102/6/790 3103/7/790 3100/8/790
f 3100/8/791 3103/7/791 3101/3/791 3099/2/791
f 3104/9/792 3095/10/792 3097/11/792 3105/12/792
f 3098/5/793 3104/9/793 3105/12/793 3102/6/793
f 3106/1/779 3111/2/779 3113/3/779 3108/4/779
f 3110/5/780 3114/6/780 3115/7/780 3112/8/780
f 3112/8/781 3115/7/781 3113/3/781 3111/2/781
f 3116/9/794 3107/10/794 3109/11/794 3117/12/794
f 3110/5/783 3116/9/783 3117/12/783 3114/6/783
f 3118/1/784 3123/2/784 3125/3/784 3120/4/784
f 3122/5/785 3126/6/785 3127/7/785 3124/8/785
f 3124/8/786 3127/7/786 3125/3/786 3123/2/786
f 3128/9/787 3119/10/787 3121/11/787 3129/12/787
f 3122/5/788 3128/9/788 3129/12/788 3126/6/788
f 3130/1/789 3135/2/789 3137/3/789 3132/4/789
f 3134/5/790 3138/6/790 3139/7/790 3136/8/790
f 3136/8/791 3139/7/791 3137/3/791 3135/2/791
f 3140/9/792 3131/10/792 3133/11/792 3141/12/792
f 3134/5/793 3140/9/793 3141/12/793 3138/6/793
f 3142/1/779 3147/2/779 3149/3/779 3144/4/779
f 3146/5/780 3150/6/780 3151/7/780 3148/8/780
f 3148/8/781 3151/7/781 3149/3/781 3147/2/781
f 3152/9/794 3143/10/794 3145/11/794 3153/12/794
f 3146/5/783 3152/9/783 3153/12/783 3150/6/783
f 3154/1/784 3159/2/784 3161/3/784 3156/4/784
f 3158/5/785 3162/6/785 3163/7/785 3160/8/785
f 3160/8/786 3163/7/786 3161/3/786 3159/2/786
f 3164/9/787 3155/10/787 3157/11/787 3165/12/787
f 3158/5/788 3164/9/788 3165/12/788 3162/6/788
f 3166/1/789 3171/2/789 3173/3/789 3168/4/789
f 3170/5/790 3174/6/790 3175/7/790 3172/8/790
f 3172/8/791 3175/7/791 3173/3/791 3171/2/791
f 3176/9/792 3167/10/792 3169/11/792 3177/12/792
f 3170/5/793 3176/9/793 3177/12/793 3174/6/793
f 3178/1/795 3183/2/795 3185/3/795 3180/4/795
f 3182/5/796 3186/6/796 3187/7/796 3184/8/796
f 3184/8/797 3187/7/797 3185/3/797 3183/2/797
f 3188/9/798 3179/10/798 3181/11/798 3189/12/798
f 3182/5/799 3188/9/799 3189/12/799 3186/6/799
f 3190/1/800 3195/2/800 3197/3/800 3192/4/800
f 3194/5/801 3198/6/801 3199/7/801 3196/8/801
f 3196/8/802 3199/7/802 3197/3/802 3195/2/802
f 3200/9/803 3191/10/803 3193/11/803 3201/12/803
f 3194/5/804 3200/9/804 3201/12/804 3198/6/804
f 3202/1/805 3207/2/805 3209/3/805 3204/4/805
f 3206/5/806 3210/6/806 3211/7/806 3208/8/806
f 3208/8/807 3211/7/807 3209/3/807 3207/2/807
f 3212/9/808 3203/10/808 3205/11/808 3213/12/808
f 3206/5/809 3212/9/809 3213/12/809 3210/6/809
f 3214/1/810 3219/2/810 3221/3/810 3216/4/810
f 3218/5/811 3222/6/811 3223/7/811 3220/8/811
f 3220/8/812 3223/7/812 3221/3/812 3219/2/812
f 3224/9/813 3215/10/813 3217/11/813 3225/12/813
f 3218/5/814 3224/9/814 3225/12/814 3222/6/814
f 3226/1/815 3231/2/815 3233/3/815 3228/4/815
f 3230/5/816 3234/6/816 3235/7/816 3232/8/816
f 3232/8/817 3235/7/817 3233/3/817 3231/2/817
f 3236/9/818 3227/10/818 3229/11/818 3237/12/818
f 3230/5/819 3236/9/819 3237/12/819 3234/6/819
f 3238/1/820 3243/2/820 3245/3/820 3240/4/820
f 3242/5/821 3246/6/821 3247/7/821 3244/8/821
f 3244/8/822 3247/7/822 3245/3/822 3243/2/822
f 3248/9/823 3239/10/823 3241/11/823 3249/12/823
f 3242/5/824 3248/9/824 3249/12/824 3246/6/824
f 3250/13/825 3251/14/825 3253/15/825 3252/16/825
f 3252/13/826 3253/17/826 3255/15/826 3254/16/826
f 3254/13/827 3255/17/827 3251/15/827 3250/16/827
f 3260/18/828 3265/19/828 3256/20/828 3258/21/828
f 3253/15/829 3251/14/829 3259/22/829 3272/23/829
f 3251/15/830 3255/17/830 3266/22/830 3259/23/830
f 3255/15/831 3253/17/831 3272/24/831 3266/25/831
f 3265/26/832 3271/27/832 3257/20/832 3256/21/832
f 3260/19/833 3271/18/833 3273/28/833 3264/29/833
f 3264/29/834 3273/28/834 3274/30/834 3263/31/834
f 3263/31/835 3274/30/835 3275/32/835 3262/33/835
f 3262/33/836 3275/32/836 3276/34/836 3261/35/836
f 3261/35/837 3276/34/837 3272/23/837 3259/22/837
f 3271/27/838 3265/26/838 3267/36/838 3273/37/838
f 3273/37/839 3267/36/839 3268/38/839 3274/39/839
f 3274/39/840 3268/38/840 3269/40/840 3275/41/840
f 3275/41/841 3269/40/841 3270/42/841 3276/43/841
f 3276/43/842 3270/42/842 3266/25/842 3272/24/842
f 3265/19/843 3260/18/843 3264/44/843 3267/45/843
f 3267/45/844 3264/44/844 3263/30/844 3268/46/844
f 3268/46/845 3263/30/845 3262/32/845 3269/33/845
f 3269/33/846 3262/32/846 3261/42/846 3270/43/846
f 3270/43/847 3261/42/847 3259/23/847 3266/22/847
f 3271/18/848 3260/19/848 3258/20/848 3257/21/848
f 3277/1/849 3282/2/849 3284/3/849 3279/4/849
f 3281/5/850 3285/6/850 3286/7/850 3283/8/850
f 3283/8/851 3286/7/851 3284/3/851 3282/2/851
f 3287/9/852 3278/10/852 3280/11/852 3288/12/852
f 3281/5/853 3287/9/853 3288/12/853 3285/6/853
f 3289/1/854 3294/2/854 3296/3/854 3291/4/854
f 3293/5/855 3297/6/855 3298/7/855 3295/8/855
f 3295/8/856 3298/7/856 3296/3/856 3294/2/856
f 3299/9/857 3290/10/857 3292/11/857 3300/12/857
f 3293/5/858 3299/9/858 3300/12/858 3297/6/858
f 3301/1/859 3306/2/859 3308/3/859 3303/4/859
f 3305/5/860 3309/6/860 3310/7/860 3307/8/860
f 3307/8/861 3310/7/861 3308/3/861 3306/2/861
f 3311/9/862 3302/10/862 3304/11/862 3312/12/862
f 3305/5/863 3311/9/863 3312/12/863 3309/6/863
f 3313/1/864 3318/2/864 3320/3/864 3315/4/864
f 3317/5/865 3321/6/865 3322/7/865 3319/8/865
f 3319/8/866 3322/7/866 3320/3/866 3318/2/866
f 3323/9/867 3314/10/867 3316/11/867 3324/12/867
f 3317/5/868 3323/9/868 3324/12/868 3321/6/868
f 3325/1/869 3330/2/869 3332/3/869 3327/4/869
f 3329/5/870 3333/6/870 3334/7/870 3331/8/870
f 3331/8/871 3334/7/871 3332/3/871 3330/2/871
f 3335/9/872 3326/10/872 3328/11/872 3336/12/872
f 3329/5/873 3335/9/873 3336/12/873 3333/6/873
f 3337/1/874 3342/2/874 3344/3/874 3339/4/874
f 3341/5/875 3345/6/875 3346/7/875 3343/8/875
f 3343/8/876 3346/7/876 3344/3/876 3342/2/876
f 3347/9/877 3338/10/877 3340/11/877 3348/12/877
f 3341/5/878 3347/9/878 3348/12/878 3345/6/878
f 3349/1/879 3354/2/879 3356/3/879 3351/4/879
f 3353/5/880 3357/6/880 3358/7/880 3355/8/880
f 3355/8/881 3358/7/881 3356/3/881 3354/2/881
f 3359/9/882 3350/10/882 3352/11/882 3360/12/882
f 3353/5/883 3359/9/883 3360/12/883 3357/6/883
f 3361/1/884 3366/2/884 3368/3/884 3363/4/884
f 3365/5/885 3369/6/885 3370/7/885 3367/8/885
f 3367/8/886 3370/7/886 3368/3/886 3366/2/886
f 3371/9/887 3362/10/887 3364/11/887 3372/12/887
f 3365/5/888 3371/9/888 3372/12/888 3369/6/888
f 3373/1/889 3378/2/889 3380/3/889 3375/4/889
f 3377/5/890 3381/6/890 3382/7/890 3379/8/890
f 3379/8/891 3382/7/891 3380/3/891 3378/2/891
f 3383/9/892 3374/10/892 3376/11/892 3384/12/892
f 3377/5/893 3383/9/893 3384/12/893 3381/6/893
f 3385/1/879 3390/2/879 3392/3/879 3387/4/879
f 3389/5/880 3393/6/880 3394/7/880 3391/8/880
f 3391/8/881 3394/7/881 3392/3/881 3390/2/881
f 3395/9/882 3386/10/882 3388/11/882 3396/12/882
f 3389/5/883 3395/9/883 3396/12/883 3393/6/883
f 3397/1/884 3402/2/884 3404/3/884 3399/4/884
f 3401/5/885 3405/6/885 3406/7/885 3403/8/885
f 3403/8/894 3406/7/894 3404/3/894 3402/2/894
f 3407/9/887 3398/10/887 3400/11/887 3408/12/887
f 3401/5/888 3407/9/888 3408/12/888 3405/6/888
f 3409/1/889 3414/2/889 3416/3/889 3411/4/889
f 3413/5/890 3417/6/890 3418/7/890 3415/8/890
f 3415/8/891 3418/7/891 3416/3/891 3414/2/891
f 3419/9/892 3410/10/892 3412/11/892 3420/12/892
f 3413/5/893 3419/9/893 3420/12/893 3417/6/893
f 3421/1/879 3426/2/879 3428/3/879 3423/4/879
f 3425/5/880 3429/6/880 3430/7/880 3427/8/880
f 3427/8/881 3430/7/881 3428/3/881 3426/2/881
f 3431/9/882 3422/10/882 3424/11/882 3432/12/882
f 3425/5/883 3431/9/883 3432/12/883 3429/6/883
f 3433/1/884 3438/2/884 3440/3/884 3435/4/884
f 3437/5/885 3441/6/885 3442/7/885 3439/8/885
f 3439/8/894 3442/7/894 3440/3/894 3438/2/894
f 3443/9/887 3434/10/887 3436/11/887 3444/12/887
f 3437/5/888 3443/9/888 3444/12/888 3441/6/888
f 3445/1/889 3450/2/889 3452/3/889 3447/4/889
f 3449/5/890 3453/6/890 3454/7/890 3451/8/890
f 3451/8/891 3454/7/891 3452/3/891 3450/2/891
f 3455/9/892 3446/10/892 3448/11/892 3456/12/892
f 3449/5/893 3455/9/893 3456/12/893 3453/6/893
f 3457/1/879 3462/2/879 3464/3/879 3459/4/879
f 3461/5/880 3465/6/880 3466/7/880 3463/8/880
f 3463/8/881 3466/7/881 3464/3/881 3462/2/881
f 3467/9/882 3458/10/882 3460/11/882 3468/12/882
f 3461/5/883 3467/9/883 3468/12/883 3465/6/883
f 3469/1/884 3474/2/884 3476/3/884 3471/4/884
f 3473/5/885 3477/6/885 3478/7/885 3475/8/885
f 3475/8/894 3478/7/894 3476/3/894 3474/2/894
f 3479/9/887 3470/10/887 3472/11/887 3480/12/887
f 3473/5/888 3479/9/888 3480/12/888 3477/6/888
f 3481/1/889 3486/2/889 3488/3/889 3483/4/889
f 3485/5/890 3489/6/890 3490/7/890 3487/8/890
f 3487/8/891 3490/7/891 3488/3/891 3486/2/891
f 3491/9/892 3482/10/892 3484/11/892 3492/12/892
f 3485/5/893 3491/9/893 3492/12/893 3489/6/893
f 3493/1/895 3498/2/895 3500/3/895 3495/4/895
f 3497/5/896 3501/6/896 3502/7/896 3499/8/896
f 3499/8/897 3502/7/897 3500/3/897 3498/2/897
f 3503/9/898 3494/10/898 3496/11/898 3504/12/898
f 3497/5/899 3503/9/899 3504/12/899 3501/6/899
f 3505/1/900 3510/2/900 3512/3/900 3507/4/900
f 3509/5/901 3513/6/901 3514/7/901 3511/8/901
f 3511/8/902 3514/7/902 3512/3/902 3510/2/902
f 3515/9/903 3506/10/903 3508/11/903 3516/12/903
f 3509/5/904 3515/9/904 3516/12/904 3513/6/904
f 3517/1/905 3522/2/905 3524/3/905 3519/4/905
f 3521/5/906 3525/6/906 3526/7/906 3523/8/906
f 3523/8/907 3526/7/907 3524/3/907 3522/2/907
f 3527/9/908 3518/10/908 3520/11/908 3528/12/908
f 3521/5/909 3527/9/909 3528/12/909 3525/6/909
f 3529/1/895 3534/2/895 3536/3/895 3531/4/895
f 3533/5/896 3537/6/896 3538/7/896 3535/8/896
f 3535/8/897 3538/7/897 3536/3/897 3534/2/897
f 3539/9/898 3530/10/898 3532/11/898 3540/12/898
f 3533/5/899 3539/9/899 3540/12/899 3537/6/899
f 3541/1/900 3546/2/900 3548/3/900 3543/4/900
f 3545/5/901 3549/6/901 3550/7/901 3547/8/901
f 3547/8/902 3550/7/902 3548/3/902 3546/2/902
f 3551/9/903 3542/10/903 3544/11/903 3552/12/903
f 3545/5/904 3551/9/904 3552/12/904 3549/6/904
f 3553/1/905 3558/2/905 3560/3/905 3555/4/905
f 3557/5/906 3561/6/906 3562/7/906 3559/8/906
f 3559/8/907 3562/7/907 3560/3/907 3558/2/907
f 3563/9/908 3554/10/908 3556/11/908 3564/12/908
f 3557/5/909 3563/9/909 3564/12/909 3561/6/909
f 3565/1/895 3570/2/895 3572/3/895 3567/4/895
f 3569/5/896 3573/6/896 3574/7/896 3571/8/896
f 3571/8/897 3574/7/897 3572/3/897 3570/2/897
f 3575/9/898 3566/10/898 3568/11/898 3576/12/898
f 3569/5/899 3575/9/899 3576/12/899 3573/6/899
f 3577/1/900 3582/2/900 3584/3/900 3579/4/900
f 3581/5/901 3585/6/901 3586/7/901 3583/8/901
f 3583/8/902 3586/7/902 3584/3/902 3582/2/902
f 3587/9/903 3578/10/903 3580/11/903 3588/12/903
f 3581/5/904 3587/9/904 3588/12/904 3585/6/904
f 3589/1/905 3594/2/905 3596/3/905 3591/4/905
f 3593/5/906 3597/6/906 3598/7/906 3595/8/906
f 3595/8/907 3598/7/907 3596/3/907 3594/2/907
f 3599/9/908 3590/10/908 3592/11/908 3600/12/908
f 3593/5/909 3599/9/909 3600/12/909 3597/6/909
f 3601/1/895 3606/2/895 3608/3/895 3603/4/895
f 3605/5/896 3609/6/896 3610/7/896 3607/8/896
f 3607/8/897 3610/7/897 3608/3/897 3606/2/897
f 3611/9/898 3602/10/898 3604/11/898 3612/12/898
f 3605/5/899 3611/9/899 3612/12/899 3609/6/899
f 3613/1/900 3618/2/900 3620/3/900 3615/4/900
f 3617/5/901 3621/6/901 3622/7/901 3619/8/901
f 3619/8/902 3622/7/902 3620/3/902 3618/2/902
f 3623/9/903 3614/10/903 3616/11/903 3624/12/903
f 3617/5/904 3623/9/904 3624/12/904 3621/6/904
f 3625/1/905 3630/2/905 3632/3/905 3627/4/905
f 3629/5/906 3633/6/906 3634/7/906 3631/8/906
f 3631/8/907 3634/7/907 3632/3/907 3630/2/907
f 3635/9/908 3626/10/908 3628/11/908 3636/12/908
f 3629/5/909 3635/9/909 3636/12/909 3633/6/909
f 3637/1/910 3642/2/910 3644/3/910 3639/4/910
f 3641/5/911 3645/6/911 3646/7/911 3643/8/911
f 3643/8/912 3646/7/912 3644/3/912 3642/2/912
f 3647/9/913 3638/10/913 3640/11/913 3648/12/913
f 3641/5/914 3647/9/914 3648/12/914 3645/6/914
f 3649/1/915 3654/2/915 3656/3/915 3651/4/915
f 3653/5/916 3657/6/916 3658/7/916 3655/8/916
f 3655/8/917 3658/7/917 3656/3/917 3654/2/917
f 3659/9/918 3650/10/918 3652/11/918 3660/12/918
f 3653/5/919 3659/9/919 3660/12/919 3657/6/919
f 3661/1/920 3666/2/920 3668/3/920 3663/4/920
f 3665/5/921 3669/6/921 3670/7/921 3667/8/921
f 3667/8/922 3670/7/922 3668/3/922 3666/2/922
f 3671/9/923 3662/10/923 3664/11/923 3672/12/923
f 3665/5/924 3671/9/924 3672/12/924 3669/6/924
f 3673/1/925 3678/2/925 3680/3/925 3675/4/925
f 3677/5/926 3681/6/926 3682/7/926 3679/8/926
f 3679/8/927 3682/7/927 3680/3/927 3678/2/927
f 3683/9/928 3674/10/928 3676/11/928 3684/12/928
f 3677/5/929 3683/9/929 3684/12/929 3681/6/929
f 3685/1/930 3690/2/930 3692/3/930 3687/4/930
f 3689/5/931 3693/6/931 3694/7/931 3691/8/931
f 3691/8/932 3694/7/932 3692/3/932 3690/2/932
f 3695/9/933 3686/10/933 3688/11/933 3696/12/933
f 3689/5/934 3695/9/934 3696/12/934 3693/6/934
f 3697/1/935 3702/2/935 3704/3/935 3699/4/935
f 3701/5/936 3705/6/936 3706/7/936 3703/8/936
f 3703/8/937 3706/7/937 3704/3/937 3702/2/937
f 3707/9/938 3698/10/938 3700/11/938 3708/12/938
f 3701/5/939 3707/9/939 3708/12/939 3705/6/939
f 3709/13/940 3710/14/940 3712/15/940 3711/16/940
f 3711/13/941 3712/17/941 3714/15/941 3713/16/941
f 3713/13/942 3714/17/942 3710/15/942 3709/16/942
f 3719/18/943 3724/19/943 3715/20/943 3717/21/943
f 3712/15/944 3710/14/944 3718/22/944 3731/23/944
f 3710/15/945 3714/17/945 3725/22/945 3718/23/945
f 3714/15/946 3712/17/946 3731/24/946 3725/25/946
f 3724/26/947 3730/27/947 3716/20/947 3715/21/947
f 3719/19/948 3730/18/948 3732/28/948 3723/29/948
f 3723/29/949 3732/28/949 3733/30/949 3722/31/949
f 3722/31/950 3733/30/950 3734/32/950 3721/33/950
f 3721/33/951 3734/32/951 3735/34/951 3720/35/951
f 3720/35/952 3735/34/952 3731/23/952 3718/22/952
f 3730/27/953 3724/26/953 3726/36/953 3732/37/953
f 3732/37/954 3726/36/954 3727/38/954 3733/39/954
f 3733/39/955 3727/38/955 3728/40/955 3734/41/955
f 3734/41/956 3728/40/956 3729/42/956 3735/43/956
f 3735/43/957 3729/42/957 3725/25/957 3731/24/957
f 3724/19/958 3719/18/958 3723/44/958 3726/45/958
f 3726/45/959 3723/44/959 3722/30/959 3727/46/959
f 3727/46/960 3722/30/960 3721/32/960 3728/33/960
f 3728/33/961 3721/32/961 3720/42/961 3729/43/961
f 3729/43/962 3720/42/962 3718/23/962 3725/22/962
f 3730/18/963 3719/19/963 3717/20/963 3716/21/963
f 3736/1/964 3741/2/964 3743/3/964 3738/4/964
f 3740/5/965 3744/6/965 3745/7/965 3742/8/965
f 3742/8/966 3745/7/966 3743/3/966 3741/2/966
f 3746/9/967 3737/10/967 3739/11/967 3747/12/967
f 3740/5/968 3746/9/968 3747/12/968 3744/6/968
f 3748/1/969 3753/2/969 3755/3/969 3750/4/969
f 3752/5/970 3756/6/970 3757/7/970 3754/8/970
f 3754/8/971 3757/7/971 3755/3/971 3753/2/971
f 3758/9/972 3749/10/972 3751/11/972 3759/12/972
f 3752/5/973 3758/9/973 3759/12/973 3756/6/973
f 3760/1/974 3765/2/974 3767/3/974 3762/4/974
f 3764/5/975 3768/6/975 3769/7/975 3766/8/975
f 3766/8/976 3769/7/976 3767/3/976 3765/2/976
f 3770/9/977 3761/10/977 3763/11/977 3771/12/977
f 3764/5/978 3770/9/978 3771/12/978 3768/6/978
f 3772/1/979 3777/2/979 3779/3/979 3774/4/979
f 3776/5/980 3780/6/980 3781/7/980 3778/8/980
f 3778/8/981 3781/7/981 3779/3/981 3777/2/981
f 3782/9/982 3773/10/982 3775/11/982 3783/12/982
f 3776/5/983 3782/9/983 3783/12/983 3780/6/983
f 3784/1/984 3789/2/984 3791/3/984 3786/4/984
f 3788/5/985 3792/6/985 3793/7/985 3790/8/985
f 3790/8/986 3793/7/986 3791/3/986 3789/2/986
f 3794/9/987 3785/10/987 3787/11/987 3795/12/987
f 3788/5/988 3794/9/988 3795/12/988 3792/6/988
f 3796/1/989 3801/2/989 3803/3/989 3798/4/989
f 3800/5/990 3804/6/990 3805/7/990 3802/8/990
f 3802/8/991 3805/7/991 3803/3/991 3801/2/991
f 3806/9/992 3797/10/992 3799/11/992 3807/12/992
f 3800/5/993 3806/9/993 3807/12/993 3804/6/993
f 3808/1/994 3813/2/994 3815/3/994 3810/4/994
f 3812/5/995 3816/6/995 3817/7/995 3814/8/995
f 3814/8/996 3817/7/996 3815/3/996 3813/2/996
f 3818/9/997 3809/10/997 3811/11/997 3819/12/997
f 3812/5/998 3818/9/998 3819/12/998 3816/6/998
f 3820/1/999 3825/2/999 3827/3/999 3822/4/999
f 3824/5/1000 3828/6/1000 3829/7/1000 3826/8/1000
f 3826/8/1001 3829/7/1001 3827/3/1001 3825/2/1001
f 3830/9/1002 3821/10/1002 3823/11/1002 3831/12/1002
f 3824/5/1003 3830/9/1003 3831/12/1003 3828/6/1003
f 3832/1/1004 3837/2/1004 3839/3/1004 3834/4/1004
f 3836/5/1005 3840/6/1005 3841/7/1005 3838/8/1005
f 3838/8/1006 3841/7/1006 3839/3/1006 3837/2/1006
f 3842/9/1007 3833/10/1007 3835/11/1007 3843/12/1007
f 3836/5/1008 3842/9/1008 3843/12/1008 3840/6/1008
f 3844/1/994 3849/2/994 3851/3/994 3846/4/994
f 3848/5/995 3852/6/995 3853/7/995 3850/8/995
f 3850/8/996 3853/7/996 3851/3/996 3849/2/996
f 3854/9/997 3845/10/997 3847/11/997 3855/12/997
f 3848/5/998 3854/9/998 3855/12/998 3852/6/998
f 3856/1/999 3861/2/999 3863/3/999 3858/4/999
f 3860/5/1000 3864/6/1000 3865/7/1000 3862/8/1000
f 3862/8/1001 3865/7/1001 3863/3/1001 3861/2/1001
f 3866/9/1002 3857/10/1002 3859/11/1002 3867/12/1002
f 3860/5/1003 3866/9/1003 3867/12/1003 3864/6/1003
f 3868/1/1004 3873/2/1004 3875/3/1004 3870/4/1004
f 3872/5/1005 3876/6/1005 3877/7/1005 3874/8/1005
f 3874/8/1006 3877/7/1006 3875/3/1006 3873/2/1006
f 3878/9/1007 3869/10/1007 3871/11/1007 3879/12/1007
f 3872/5/1008 3878/9/1008 3879/12/1008 3876/6/1008
f 3880/1/994 3885/2/994 3887/3/994 3882/4/994
f 3884/5/995 3888/6/995 3889/7/995 3886/8/995
f 3886/8/996 3889/7/996 3887/3/996 3885/2/996
f 3890/9/997 3881/10/997 3883/11/997 3891/12/997
f 3884/5/998 3890/9/998 3891/12/998 3888/6/998
f 3892/1/999 3897/2/999 3899/3/999 3894/4/999
f 3896/5/1000 3900/6/1000 3901/7/1000 3898/8/1000
f 3898/8/1001 3901/7/1001 3899/3/1001 3897/2/1001
f 3902/9/1002 3893/10/1002 3895/11/1002 3903/12/1002
f 3896/5/1003 3902/9/1003 3903/12/1003 3900/6/1003
f 3904/1/1004 3909/2/1004 3911/3/1004 3906/4/1004
f 3908/5/1005 3912/6/1005 3913/7/1005 3910/8/1005
f 3910/8/1006 3913/7/1006 3911/3/1006 3909/2/1006
f 3914/9/1007 3905/10/1007 3907/11/1007 3915/12/1007
f 3908/5/1008 3914/9/1008 3915/12/1008 3912/6/1008
f 3916/1/994 3921/2/994 3923/3/994 3918/4/994
f 3920/5/995 3924/6/995 3925/7/995 3922/8/995
f 3922/8/996 3925/7/996 3923/3/996 3921/2/996
f 3926/9/997 3917/10/997 3919/11/997 3927/12/997
f 3920/5/998 3926/9/998 3927/12/998 3924/6/998
f 3928/1/999 3933/2/999 3935/3/999 3930/4/999
f 3932/5/1000 3936/6/1000 3937/7/1000 3934/8/1000
f 3934/8/1001 3937/7/1001 3935/3/1001 3933/2/1001
f 3938/9/1002 3929/10/1002 3931/11/1002 3939/12/1002
f 3932/5/1003 3938/9/1003 3939/12/1003 3936/6/1003
f 3940/1/1004 3945/2/1004 3947/3/1004 3942/4/1004
f 3944/5/1005 3948/6/1005 3949/7/1005 3946/8/1005
f 3946/8/1006 3949/7/1006 3947/3/1006 3945/2/1006
f 3950/9/1007 3941/10/1007 3943/11/1007 3951/12/1007
f 3944/5/1008 3950/9/1008 3951/12/1008 3948/6/1008
f 3952/1/1009 3957/2/1009 3959/3/1009 3954/4/1009
f 3956/5/1010 3960/6/1010 3961/7/1010 3958/8/1010
f 3958/8/1011 3961/7/1011 3959/3/1011 3957/2/1011
f 3962/9/1012 3953/10/1012 3955/11/1012 3963/12/1012
f 3956/5/1013 3962/9/1013 3963/12/1013 3960/6/1013
f 3964/1/1014 3969/2/1014 3971/3/1014 3966/4/1014
f 3968/5/1015 3972/6/1015 3973/7/1015 3970/8/1015
f 3970/8/1016 3973/7/1016 3971/3/1016 3969/2/1016
f 3974/9/1017 3965/10/1017 3967/11/1017 3975/12/1017
f 3968/5/1018 3974/9/1018 3975/12/1018 3972/6/1018
f 3976/1/1019 3981/2/1019 3983/3/1019 3978/4/1019
f 3980/5/1020 3984/6/1020 3985/7/1020 3982/8/1020
f 3982/8/1021 3985/7/1021 3983/3/1021 3981/2/1021
f 3986/9/1022 3977/10/1022 3979/11/1022 3987/12/1022
f 3980/5/1023 3986/9/1023 3987/12/1023 3984/6/1023
f 3988/1/1009 3993/2/1009 3995/3/1009 3990/4/1009
f 3992/5/1010 3996/6/1010 3997/7/1010 3994/8/1010
f 3994/8/1011 3997/7/1011 3995/3/1011 3993/2/1011
f 3998/9/1012 3989/10/1012 3991/11/1012 3999/12/1012
f 3992/5/1013 3998/9/1013 3999/12/1013 3996/6/1013
f 4000/1/1014 4005/2/1014 4007/3/1014 4002/4/1014
f 4004/5/1015 4008/6/1015 4009/7/1015 4006/8/1015
f 4006/8/1016 4009/7/1016 4007/3/1016 4005/2/1016
f 4010/9/1017 4001/10/1017 4003/11/1017 4011/12/1017
f 4004/5/1018 4010/9/1018 4011/12/1018 4008/6/1018
f 4012/1/1019 4017/2/1019 4019/3/1019 4014/4/1019
f 4016/5/1020 4020/6/1020 4021/7/1020 4018/8/1020
f 4018/8/1021 4021/7/1021 4019/3/1021 4017/2/1021
f 4022/9/1022 4013/10/1022 4015/11/1022 4023/12/1022
f 4016/5/1023 4022/9/1023 4023/12/1023 4020/6/1023
f 4024/1/1009 4029/2/1009 4031/3/1009 4026/4/1009
f 4028/5/1010 4032/6/1010 4033/7/1010 4030/8/1010
f 4030/8/1011 4033/7/1011 4031/3/1011 4029/2/1011
f 4034/9/1012 4025/10/1012 4027/11/1012 4035/12/1012
f 4028/5/1013 4034/9/1013 4035/12/1013 4032/6/1013
f 4036/1/1014 4041/2/1014 4043/3/1014 4038/4/1014
f 4040/5/1015 4044/6/1015 4045/7/1015 4042/8/1015
f 4042/8/1016 4045/7/1016 4043/3/1016 4041/2/1016
f 4046/9/1017 4037/10/1017 4039/11/1017 4047/12/1017
f 4040/5/1018 4046/9/1018 4047/12/1018 4044/6/1018
f 4048/1/1019 4053/2/1019 4055/3/1019 4050/4/1019
f 4052/5/1020 4056/6/1020 4057/7/1020 4054/8/1020
f 4054/8/1021 4057/7/1021 4055/3/1021 4053/2/1021
f 4058/9/1022 4049/10/1022 4051/11/1022 4059/12/1022
f 4052/5/1023 4058/9/1023 4059/12/1023 4056/6/1023
f 4060/1/1009 4065/2/1009 4067/3/1009 4062/4/1009
f 4064/5/1010 4068/6/1010 4069/7/1010 4066/8/1010
f 4066/8/1011 4069/7/1011 4067/3/1011 4065/2/1011
f 4070/9/1012 4061/10/1012 4063/11/1012 4071/12/1012
f 4064/5/1013 4070/9/1013 4071/12/1013 4068/6/1013
f 4072/1/1014 4077/2/1014 4079/3/1014 4074/4/1014
f 4076/5/1015 4080/6/1015 4081/7/1015 4078/8/1015
f 4078/8/1016 4081/7/1016 4079/3/1016 4077/2/1016
f 4082/9/1017 4073/10/1017 4075/11/1017 4083/12/1017
f 4076/5/1018 4082/9/1018 4083/12/1018 4080/6/1018
f 4084/1/1019 4089/2/1019 4091/3/1019 4086/4/1019
f 4088/5/1020 4092/6/1020 4093/7/1020 4090/8/1020
f 4090/8/1021 4093/7/1021 4091/3/1021 4089/2/1021
f 4094/9/1022 4085/10/1022 4087/11/1022 4095/12/1022
f 4088/5/1023 4094/9/1023 4095/12/1023 4092/6/1023
f 4096/1/1024 4101/2/1024 4103/3/1024 4098/4/1024
f 4100/5/1025 4104/6/1025 4105/7/1025 4102/8/1025
f 4102/8/1026 4105/7/1026 4103/3/1026 4101/2/1026
f 4106/9/1027 4097/10/1027 4099/11/1027 4107/12/1027
f 4100/5/1028 4106/9/1028 4107/12/1028 4104/6/1028
f 4108/1/1029 4113/2/1029 4115/3/1029 4110/4/1029
f 4112/5/1030 4116/6/1030 4117/7/1030 4114/8/1030
f 4114/8/1031 4117/7/1031 4115/3/1031 4113/2/1031
f 4118/9/1032 4109/10/1032 4111/11/1032 4119/12/1032
f 4112/5/1033 4118/9/1033 4119/12/1033 4116/6/1033
f 4120/1/1034 4125/2/1034 4127/3/1034 4122/4/1034
f 4124/5/1035 4128/6/1035 4129/7/1035 4126/8/1035
f 4126/8/1036 4129/7/1036 4127/3/1036 4125/2/1036
f 4130/9/1037 4121/10/1037 4123/11/1037 4131/12/1037
f 4124/5/1038 4130/9/1038 4131/12/1038 4128/6/1038
f 4132/1/1039 4137/2/1039 4139/3/1039 4134/4/1039
f 4136/5/1040 4140/6/1040 4141/7/1040 4138/8/1040
f 4138/8/1041 4141/7/1041 4139/3/1041 4137/2/1041
f 4142/9/1042 4133/10/1042 4135/11/1042 4143/12/1042
f 4136/5/1043 4142/9/1043 4143/12/1043 4140/6/1043
f 4144/1/1044 4149/2/1044 4151/3/1044 4146/4/1044
f 4148/5/1045 4152/6/1045 4153/7/1045 4150/8/1045
f 4150/8/1046 4153/7/1046 4151/3/1046 4149/2/1046
f 4154/9/1047 4145/10/1047 4147/11/1047 4155/12/1047
f 4148/5/1048 4154/9/1048 4155/12/1048 4152/6/1048
f 4156/1/1049 4161/2/1049 4163/3/1049 4158/4/1049
f 4160/5/1050 4164/6/1050 4165/7/1050 4162/8/1050
f 4162/8/1051 4165/7/1051 4163/3/1051 4161/2/1051
f 4166/9/1052 4157/10/1052 4159/11/1052 4167/12/1052
f 4160/5/1053 4166/9/1053 4167/12/1053 4164/6/1053
f 4168/13/1054 4169/14/1054 4171/15/1054 4170/16/1054
f 4170/13/1055 4171/17/1055 4173/15/1055 4172/16/1055
f 4172/13/1056 4173/17/1056 4169/15/1056 4168/16/1056
f 4178/18/1057 4183/19/1057 4174/20/1057 4176/21/1057
f 4171/15/1058 4169/14/1058 4177/22/1058 4190/23/1058
f 4169/15/1059 4173/17/1059 4184/22/1059 4177/23/1059
f 4173/15/1060 4171/17/1060 4190/24/1060 4184/25/1060
f 4183/26/1061 4189/27/1061 4175/20/1061 4174/21/1061
f 4178/19/1062 4189/18/1062 4191/28/1062 4182/29/1062
f 4182/29/1063 4191/28/1063 4192/30/1063 4181/31/1063
f 4181/31/1064 4192/30/1064 4193/32/1064 4180/33/1064
f 4180/33/1065 4193/32/1065 4194/34/1065 4179/35/1065
f 4179/35/1066 4194/34/1066 4190/23/1066 4177/22/1066
f 4189/27/1067 4183/26/1067 4185/36/1067 4191/37/1067
f 4191/37/1068 4185/36/1068 4186/38/1068 4192/39/1068
f 4192/39/1069 4186/38/1069 4187/40/1069 4193/41/1069
f 4193/41/1070 4187/40/1070 4188/42/1070 4194/43/1070
f 4194/43/1071 4188/42/1071 4184/25/1071 4190/24/1071
f 4183/19/1072 4178/18/1072 4182/44/1072 4185/45/1072
f 4185/45/1073 4182/44/1073 4181/30/1073 4186/46/1073
f 4186/46/1074 4181/30/1074 4180/32/1074 4187/33/1074
f 4187/33/1075 4180/32/1075 4179/42/1075 4188/43/1075
f 4188/43/1076 4179/42/1076 4177/23/1076 4184/22/1076
f 4189/18/1077 4178/19/1077 4176/20/1077 4175/21/1077
f 4195/1/1078 4200/2/1078 4202/3/1078 4197/4/1078
f 4199/5/1079 4203/6/1079 4204/7/1079 4201/8/1079
f 4201/8/1080 4204/7/1080 4202/3/1080 4200/2/1080
f 4205/9/1081 4196/10/1081 4198/11/1081 4206/12/1081
f 4199/5/1082 4205/9/1082 4206/12/1082 4203/6/1082
f 4207/1/1083 4212/2/1083 4214/3/1083 4209/4/1083
f 4211/5/1084 4215/6/1084 4216/7/1084 4213/8/1084
f 4213/8/1085 4216/7/1085 4214/3/1085 4212/2/1085
f 4217/9/1086 4208/10/1086 4210/11/1086 4218/12/1086
f 4211/5/1087 4217/9/1087 4218/12/1087 4215/6/1087
f 4219/1/1088 4224/2/1088 4226/3/1088 4221/4/1088
f 4223/5/1089 4227/6/1089 4228/7/1089 4225/8/1089
f 4225/8/1090 4228/7/1090 4226/3/1090 4224/2/1090
f 4229/9/1091 4220/10/1091 4222/11/1091 4230/12/1091
f 4223/5/1092 4229/9/1092 4230/12/1092 4227/6/1092
f 4231/1/1093 4236/2/1093 4238/3/1093 4233/4/1093
f 4235/5/1094 4239/6/1094 4240/7/1094 4237/8/1094
f 4237/8/1095 4240/7/1095 4238/3/1095 4236/2/1095
f 4241/9/1096 4232/10/1096 4234/11/1096 4242/12/1096
f 4235/5/1097 4241/9/1097 4242/12/1097 4239/6/1097
f 4243/1/1098 4248/2/1098 4250/3/1098 4245/4/1098
f 4247/5/1099 4251/6/1099 4252/7/1099 4249/8/1099
f 4249/8/1100 4252/7/1100 4250/3/1100 4248/2/1100
f 4253/9/1101 4244/10/1101 4246/11/1101 4254/12/1101
f 4247/5/1102 4253/9/1102 4254/12/1102 4251/6/1102
f 4255/1/1103 4260/2/1103 4262/3/1103 4257/4/1103
f 4259/5/1104 4263/6/1104 4264/7/1104 4261/8/1104
f 4261/8/1105 4264/7/1105 4262/3/1105 4260/2/1105
f 4265/9/1106 4256/10/1106 4258/11/1106 4266/12/1106
f 4259/5/1107 4265/9/1107 4266/12/1107 4263/6/1107
f 4267/1/1108 4272/2/1108 4274/3/1108 4269/4/1108
f 4271/5/1109 4275/6/1109 4276/7/1109 4273/8/1109
f 4273/8/1110 4276/7/1110 4274/3/1110 4272/2/1110
f 4277/9/1111 4268/10/1111 4270/11/1111 4278/12/1111
f 4271/5/1112 4277/9/1112 4278/12/1112 4275/6/1112
f 4279/1/1113 4284/2/1113 4286/3/1113 4281/4/1113
f 4283/5/1114 4287/6/1114 4288/7/1114 4285/8/1114
f 4285/8/1115 4288/7/1115 4286/3/1115 4284/2/1115
f 4289/9/1116 4280/10/1116 4282/11/1116 4290/12/1116
f 4283/5/1117 4289/9/1117 4290/12/1117 4287/6/1117
f 4291/1/1118 4296/2/1118 4298/3/1118 4293/4/1118
f 4295/5/1119 4299/6/1119 4300/7/1119 4297/8/1119
f 4297/8/1120 4300/7/1120 4298/3/1120 4296/2/1120
f 4301/9/1121 4292/10/1121 4294/11/1121 4302/12/1121
f 4295/5/1122 4301/9/1122 4302/12/1122 4299/6/1122
f 4303/1/1108 4308/2/1108 4310/3/1108 4305/4/1108
f 4307/5/1109 4311/6/1109 4312/7/1109 4309/8/1109
f 4309/8/1110 4312/7/1110 4310/3/1110 4308/2/1110
f 4313/9/1111 4304/10/1111 4306/11/1111 4314/12/1111
f 4307/5/1112 4313/9/1112 4314/12/1112 4311/6/1112
f 4315/1/1113 4320/2/1113 4322/3/1113 4317/4/1113
f 4319/5/1114 4323/6/1114 4324/7/1114 4321/8/1114
f 4321/8/1115 4324/7/1115 4322/3/1115 4320/2/1115
f 4325/9/1116 4316/10/1116 4318/11/1116 4326/12/1116
f 4319/5/1117 4325/9/1117 4326/12/1117 4323/6/1117
f 4327/1/1118 4332/2/1118 4334/3/1118 4329/4/1118
f 4331/5/1119 4335/6/1119 4336/7/1119 4333/8/1119
f 4333/8/1120 4336/7/1120 4334/3/1120 4332/2/1120
f 4337/9/1121 4328/10/1121 4330/11/1121 4338/12/1121
f 4331/5/1122 4337/9/1122 4338/12/1122 4335/6/1122
f 4339/1/1108 4344/2/1108 4346/3/1108 4341/4/1108
f 4343/5/1109 4347/6/1109 4348/7/1109 4345/8/1109
f 4345/8/1110 4348/7/1110 4346/3/1110 4344/2/1110
f 4349/9/1111 4340/10/1111 4342/11/1111 4350/12/1111
f 4343/5/1112 4349/9/1112 4350/12/1112 4347/6/1112
f 4351/1/1113 4356/2/1113 4358/3/1113 4353/4/1113
f 4355/5/1114 4359/6/1114 4360/7/1114 4357/8/1114
f 4357/8/1115 4360/7/1115 4358/3/1115 4356/2/1115
f 4361/9/1116 4352/10/1116 4354/11/1116 4362/12/1116
f 4355/5/1117 4361/9/1117 4362/12/1117 4359/6/1117
f 4363/1/1118 4368/2/1118 4370/3/1118 4365/4/1118
f 4367/5/1119 4371/6/1119 4372/7/1119 4369/8/1119
f 4369/8/1120 4372/7/1120 4370/3/1120 4368/2/1120
f 4373/9/1121 4364/10/1121 4366/11/1121 4374/12/1121
f 4367/5/1122 4373/9/1122 4374/12/1122 4371/6/1122
f 4375/1/1108 4380/2/1108 4382/3/1108 4377/4/1108
f 4379/5/1109 4383/6/1109 4384/7/1109 4381/8/1109
f 4381/8/1110 4384/7/1110 4382/3/1110 4380/2/1110
f 4385/9/1111 4376/10/1111 4378/11/1111 4386/12/1111
f 4379/5/1112 4385/9/1112 4386/12/1112 4383/6/1112
f 4387/1/1113 4392/2/1113 4394/3/1113 4389/4/1113
f 4391/5/1114 4395/6/1114 4396/7/1114 4393/8/1114
f 4393/8/1115 4396/7/1115 4394/3/1115 4392/2/1115
f 4397/9/1116 4388/10/1116 4390/11/1116 4398/12/1116
f 4391/5/1117 4397/9/1117 4398/12/1117 4395/6/1117
f 4399/1/1118 4404/2/1118 4406/3/1118 4401/4/1118
f 4403/5/1119 4407/6/1119 4408/7/1119 4405/8/1119
f 4405/8/1120 4408/7/1120 4406/3/1120 4404/2/1120
f 4409/9/1121 4400/10/1121 4402/11/1121 4410/12/1121
f 4403/5/1122 4409/9/1122 4410/12/1122 4407/6/1122
f 4411/1/1123 4416/2/1123 4418/3/1123 4413/4/1123
f 4415/5/1124 4419/6/1124 4420/7/1124 4417/8/1124
f 4417/8/1125 4420/7/1125 4418/3/1125 4416/2/1125
f 4421/9/1126 4412/10/1126 4414/11/1126 4422/12/1126
f 4415/5/1127 4421/9/1127 4422/12/1127 4419/6/1127
f 4423/1/1128 4428/2/1128 4430/3/1128 4425/4/1128
f 4427/5/1129 4431/6/1129 4432/7/1129 4429/8/1129
f 4429/8/1130 4432/7/1130 4430/3/1130 4428/2/1130
f 4433/9/1131 4424/10/1131 4426/11/1131 4434/12/1131
f 4427/5/1132 4433/9/1132 4434/12/1132 4431/6/1132
f 4435/1/1133 4440/2/1133 4442/3/1133 4437/4/1133
f 4439/5/1134 4443/6/1134 4444/7/1134 4441/8/1134
f 4441/8/1135 4444/7/1135 4442/3/1135 4440/2/1135
f 4445/9/1136 4436/10/1136 4438/11/1136 4446/12/1136
f 4439/5/1137 4445/9/1137 4446/12/1137 4443/6/1137
f 4447/1/1123 4452/2/1123 4454/3/1123 4449/4/1123
f 4451/5/1124 4455/6/1124 4456/7/1124 4453/8/1124
f 4453/8/1125 4456/7/1125 4454/3/1125 4452/2/1125
f 4457/9/1126 4448/10/1126 4450/11/1126 4458/12/1126
f 4451/5/1127 4457/9/1127 4458/12/1127 4455/6/1127
f 4459/1/1128 4464/2/1128 4466/3/1128 4461/4/1128
f 4463/5/1129 4467/6/1129 4468/7/1129 4465/8/1129
f 4465/8/1130 4468/7/1130 4466/3/1130 4464/2/1130
f 4469/9/1131 4460/10/1131 4462/11/1131 4470/12/1131
f 4463/5/1132 4469/9/1132 4470/12/1132 4467/6/1132
f 4471/1/1133 4476/2/1133 4478/3/1133 4473/4/1133
f 4475/5/1134 4479/6/1134 4480/7/1134 4477/8/1134
f 4477/8/1135 4480/7/1135 4478/3/1135 4476/2/1135
f 4481/9/1136 4472/10/1136 4474/11/1136 4482/12/1136
f 4475/5/1137 4481/9/1137 4482/12/1137 4479/6/1137
f 4483/1/1123 4488/2/1123 4490/3/1123 4485/4/1123
f 4487/5/1124 4491/6/1124 4492/7/1124 4489/8/1124
f 4489/8/1125 4492/7/1125 4490/3/1125 4488/2/1125
f 4493/9/1126 4484/10/1126 4486/11/1126 4494/12/1126
f 4487/5/1127 4493/9/1127 4494/12/1127 4491/6/1127
f 4495/1/1128 4500/2/1128 4502/3/1128 4497/4/1128
f 4499/5/1129 4503/6/1129 4504/7/1129 4501/8/1129
f 4501/8/1130 4504/7/1130 4502/3/1130 4500/2/1130
f 4505/9/1131 4496/10/1131 4498/11/1131 4506/12/1131
f 4499/5/1132 4505/9/1132 4506/12/1132 4503/6/1132
f 4507/1/1133 4512/2/1133 4514/3/1133 4509/4/1133
f 4511/5/1134 4515/6/1134 4516/7/1134 4513/8/1134
f 4513/8/1138 4516/7/1138 4514/3/1138 4512/2/1138
f 4517/9/1136 4508/10/1136 4510/11/1136 4518/12/1136
f 4511/5/1137 4517/9/1137 4518/12/1137 4515/6/1137
f 4519/1/1123 4524/2/1123 4526/3/1123 4521/4/1123
f 4523/5/1139 4527/6/1139 4528/7/1139 4525/8/1139
f 4525/8/1125 4528/7/1125 4526/3/1125 4524/2/1125
f 4529/9/1126 4520/10/1126 4522/11/1126 4530/12/1126
f 4523/5/1127 4529/9/1127 4530/12/1127 4527/6/1127
f 4531/1/1128 4536/2/1128 4538/3/1128 4533/4/1128
f 4535/5/1129 4539/6/1129 4540/7/1129 4537/8/1129
f 4537/8/1130 4540/7/1130 4538/3/1130 4536/2/1130
f 4541/9/1131 4532/10/1131 4534/11/1131 4542/12/1131
f 4535/5/1132 4541/9/1132 4542/12/1132 4539/6/1132
f 4543/1/1133 4548/2/1133 4550/3/1133 4545/4/1133
f 4547/5/1134 4551/6/1134 4552/7/1134 4549/8/1134
f 4549/8/1138 4552/7/1138 4550/3/1138 4548/2/1138
f 4553/9/1136 4544/10/1136 4546/11/1136 4554/12/1136
f 4547/5/1137 4553/9/1137 4554/12/1137 4551/6/1137
f 4555/1/1140 4560/2/1140 4562/3/1140 4557/4/1140
f 4559/5/1141 4563/6/1141 4564/7/1141 4561/8/1141
f 4561/8/1142 4564/7/1142 4562/3/1142 4560/2/1142
f 4565/9/1143 4556/10/1143 4558/11/1143 4566/12/1143
f 4559/5/1144 4565/9/1144 4566/12/1144 4563/6/1144
f 4567/1/1145 4572/2/1145 4574/3/1145 4569/4/1145
f 4571/5/1146 4575/6/1146 4576/7/1146 4573/8/1146
f 4573/8/1147 4576/7/1147 4574/3/1147 4572/2/1147
f 4577/9/1148 4568/10/1148 4570/11/1148 4578/12/1148
f 4571/5/1149 4577/9/1149 4578/12/1149 4575/6/1149
f 4579/1/1150 4584/2/1150 4586/3/1150 4581/4/1150
f 4583/5/1151 4587/6/1151 4588/7/1151 4585/8/1151
f 4585/8/1152 4588/7/1152 4586/3/1152 4584/2/1152
f 4589/9/1153 4580/10/1153 4582/11/1153 4590/12/1153
f 4583/5/1154 4589/9/1154 4590/12/1154 4587/6/1154
