# Blender 4.2.1 LTS
# www.blender.org
o FrontMountain
v -116.527031 -0.000197 116.527031
v -116.528145 0.022503 13.473701
v -116.526917 -0.002926 -116.526993
v -114.019699 0.293176 19.199554
v -114.787926 0.291705 -4.858775
v -114.461174 0.034230 -57.212326
v -113.080048 0.027365 64.798889
v -110.541245 0.775184 56.179604
v -111.118210 1.522356 3.980037
v -112.987198 1.181885 -9.505731
v -112.784317 1.037333 -36.044048
v -111.899185 0.474489 -59.847427
v -105.939240 0.025345 -86.621445
v -103.535645 0.004428 91.391556
v -108.602379 0.476607 72.541473
v -110.161415 1.439287 37.910660
v -109.352646 1.907893 26.491930
v -110.805969 1.794452 15.134284
v -109.151924 3.914143 -4.119422
v -110.403732 3.154847 -11.493206
v -110.708954 2.927712 -23.777132
v -110.431068 2.803513 -36.343040
v -108.398026 3.081288 17.803535
v -106.891052 7.064708 -16.669628
v -107.885963 5.624790 -33.608383
v -107.514641 4.207759 -47.299747
v -108.882385 1.839049 -62.165825
v -106.545029 3.240053 44.514122
v -104.477791 4.566596 38.860115
v -106.212540 5.501234 4.680653
v -105.070908 9.599956 -9.443007
v -106.989708 7.520520 -23.175663
v -107.184120 1.069464 -73.401543
v -104.190048 0.598919 -83.576477
v -102.829636 0.906583 84.112648
v -104.984673 2.292323 71.351753
v -104.260094 4.335175 56.150158
v -102.793900 6.401855 30.886309
v -104.557213 5.096229 26.182734
v -103.185547 7.039748 19.556194
v -101.796814 12.905190 -3.349056
v -103.471680 11.841294 -28.483696
v -102.550644 11.891762 -38.000668
v -103.703827 9.923326 -41.882652
v -104.604141 5.628018 -61.786133
v -102.458710 4.114450 -73.081886
v -98.474892 0.319624 93.814674
v -100.763916 6.465604 59.659836
v -98.368851 9.160111 45.097481
v -100.310768 11.176141 14.872001
v -101.715881 10.461205 4.371995
v -102.850700 14.272562 -21.500204
v -101.922859 14.124909 -33.099861
v -103.737183 8.743227 -45.361755
v -101.736389 10.147838 -52.839703
v -101.488365 2.539370 -80.239960
v -97.982292 4.291193 81.069977
v -98.573586 7.217288 67.821854
v -97.181877 9.603564 60.170967
v -95.979279 18.319967 0.991294
v -98.824486 19.644026 -14.012367
v -96.490173 24.566782 -16.013311
v -100.336090 9.945581 -63.563965
v -98.454514 8.810403 -69.600113
v -94.026871 4.482527 86.463570
v -94.859222 8.419488 75.897514
v -93.237556 13.349010 54.812954
v -92.181427 16.606544 27.021828
v -94.427330 15.058831 22.886297
v -96.360725 17.589476 4.731839
v -96.077148 23.820646 -9.404366
v -94.455795 29.311823 -22.767454
v -98.409355 21.006952 -28.354122
v -96.050095 20.332115 -45.714268
v -96.588142 18.037127 -49.957390
v -95.733353 18.477114 -56.503391
v -96.832001 3.139944 -85.775223
v -95.320549 0.928979 -94.533554
v -92.992996 1.951495 93.466492
v -95.181595 11.700042 38.846642
v -90.680473 17.448172 28.048178
v -92.158516 19.142797 17.887405
v -91.454681 29.907045 -6.223042
v -94.460701 26.340961 -35.582527
v -90.936432 15.325095 32.206070
v -89.471413 24.921312 12.399841
v -89.607193 30.131973 -3.291414
v -94.433136 29.880421 -26.146223
v -95.918304 22.747362 -39.980770
v -92.594208 24.713884 -51.906212
v -94.287041 19.617558 -60.852234
v -98.279510 6.677327 -75.939880
v -91.153587 8.562906 -82.455757
v -89.630531 10.944364 80.452766
v -91.814598 13.290292 66.708336
v -85.219994 20.222725 58.390919
v -89.660118 15.686460 44.553215
v -92.691391 28.532551 -12.391959
v -89.643150 38.695976 -18.979219
v -87.633324 23.788975 -67.846024
v -88.948105 3.563698 -94.275200
v -87.631088 0.030194 -104.494873
v -87.010780 17.191595 69.610039
v -86.419815 17.371538 46.834938
v -87.781082 35.069035 -43.907032
v -88.978630 18.556490 -73.147285
v -88.588341 1.584313 -98.529907
v -88.717567 4.082790 93.008270
v -85.415894 16.711750 76.612686
v -85.476212 19.127586 41.797119
v -85.184959 20.358725 38.599922
v -86.319893 26.343256 17.958000
v -89.141182 27.894289 7.373705
v -85.081993 42.511929 -8.139689
v -88.571999 39.939682 -29.011858
v -86.944588 39.858566 -33.990181
v -86.035675 43.102345 -36.974438
v -87.057152 36.661633 -50.296009
v -90.015823 24.786402 -62.550365
v -85.948341 16.890568 -78.237541
v -87.706154 7.552289 -88.307610
v -85.037102 1.627048 100.057030
v -85.383636 8.398908 88.633537
v -83.933456 18.459257 72.449814
v -85.560455 18.939558 61.860241
v -81.479286 21.771273 53.147816
v -86.980324 23.406101 22.799337
v -85.040894 36.269188 5.509275
v -83.575104 50.545124 -22.331434
v -87.425301 39.646835 -39.274071
v -84.408928 42.059223 -42.004593
v -84.468552 41.160934 -48.598446
v -82.497559 41.476074 -56.415550
v -86.959602 33.564392 -59.389957
v -80.334084 3.831628 98.790550
v -85.034866 13.048504 82.552963
v -83.842140 21.487982 56.153294
v -81.416077 22.214212 45.150517
v -82.720490 21.290115 31.445894
v -86.587257 27.718340 13.932877
v -85.015022 36.340740 1.109188
v -85.745125 40.581425 -11.649035
v -82.044006 48.475643 -17.344534
v -79.192276 23.100245 50.756153
v -82.050377 25.154371 26.784504
v -84.141869 49.017788 -25.227247
v -81.203247 34.712196 -65.031487
v -76.299400 24.229950 74.698402
v -81.806885 21.357965 66.349838
v -82.453743 29.066582 18.842981
v -80.041397 36.822639 11.939905
v -81.281349 36.919735 8.359670
v -80.037796 43.300720 3.886853
v -80.122292 52.121197 -7.938264
v -81.683395 47.478798 -13.950005
v -81.277702 48.490910 -30.818398
v -79.499962 51.261417 -37.566952
v -81.210724 45.522903 -54.235500
v -81.939873 41.255058 -59.670151
v -80.836418 41.777428 -61.382854
v -80.818504 26.877886 -72.655113
v -71.724464 25.080812 -80.674210
v -79.975510 1.565412 -103.376534
v -85.551025 0.073949 104.812225
v -78.968987 8.002099 93.529030
v -75.713058 13.880976 88.080910
v -77.623291 19.357430 80.877563
v -77.679710 24.890253 62.742718
v -73.528778 27.629642 39.541168
v -80.472733 23.210270 37.097687
v -78.042229 28.450464 23.273600
v -77.968880 42.084820 7.974640
v -79.227753 46.331970 -2.234459
v -79.216515 53.850403 -9.901055
v -78.393570 54.179352 -44.896423
v -78.953522 51.559818 -48.503223
v -77.619568 55.095249 -50.492680
v -80.759468 9.894123 -90.805397
v -77.817688 4.187992 -100.112907
v -71.799606 0.022685 -110.849281
v -73.834869 1.523238 105.311569
v -75.986336 25.424017 65.519806
v -77.273643 25.866329 54.676128
v -77.562569 23.693466 31.909311
v -71.884453 40.089455 15.754671
v -76.276703 63.672947 -23.778257
v -78.066261 54.883614 -27.573568
v -77.127319 52.620232 -40.184490
v -77.306450 54.134708 -51.879089
v -76.936028 33.708435 -70.161339
v -79.461914 15.901792 -83.958221
v -69.522949 0.025902 111.996216
v -75.191963 19.051037 83.654388
v -72.744560 27.678822 69.936096
v -75.361763 26.119116 46.506294
v -76.651421 25.504507 42.852997
v -75.093231 28.082041 27.494267
v -72.752792 31.954599 22.454952
v -71.775131 37.919083 18.440727
v -73.867157 54.655182 2.899562
v -74.780762 52.316723 0.774989
v -73.456772 63.069149 -11.647505
v -75.451881 61.675465 -15.391839
v -76.569664 59.024960 -17.424326
v -77.216522 60.719055 -20.085354
v -75.129204 53.325287 -35.463192
v -74.348221 45.492184 -63.284012
v -71.370819 23.780724 79.639252
v -77.462837 24.829081 59.540352
v -73.630447 28.901808 54.122963
v -70.727348 29.108309 41.163227
v -68.710457 28.688173 35.538708
v -71.698647 56.313816 4.267100
v -73.677361 55.010887 -1.452145
v -74.747505 58.250702 -6.569123
v -71.576256 67.314064 -9.863958
v -72.382988 62.821548 -30.632143
v -75.665733 53.268887 -33.976330
v -73.451218 59.292831 -50.083496
v -74.318832 50.780151 -56.728603
v -71.851730 31.361515 -76.508415
v -69.850288 18.903910 -85.882019
v -71.178505 10.883772 -94.203072
v -67.519600 0.818712 -108.845131
v -42.777077 0.050661 -115.028679
v -61.567444 0.637455 110.697258
v -70.297707 7.975261 98.102982
v -65.497375 18.092714 89.995781
v -69.563774 31.359461 50.271458
v -70.479446 30.739447 24.869961
v -73.219154 44.933926 11.884727
v -71.955902 65.850494 -16.984064
v -71.810684 70.147621 -21.623823
v -71.884705 70.573387 -22.839447
v -71.383728 64.000252 -28.439884
v -72.087769 56.558929 -39.434662
v -74.758759 54.826351 -39.943211
v -71.605400 62.505466 -44.859890
v -70.159096 63.887306 -47.530762
v -71.861824 42.752640 -65.657082
v -68.070686 4.270111 102.627167
v -68.129715 22.819178 83.053307
v -70.447289 30.511602 66.401093
v -65.351616 35.979553 63.444878
v -73.545692 28.045614 60.565132
v -71.451797 29.868950 43.301338
v -68.068314 28.486357 32.179813
v -68.627289 56.040920 7.115738
v -70.549095 63.304482 -4.224946
v -70.325302 67.453255 -12.669139
v -70.546410 67.319893 -26.473173
v -71.992577 55.297417 -53.871597
v -68.744049 54.625092 -57.351017
v -73.081467 49.718834 -59.567204
v -69.196136 42.737007 -68.808220
v -70.275818 35.585552 -72.552948
v -63.923149 2.494822 -106.002304
v -67.403046 28.877249 78.116982
v -63.745209 35.863449 55.248699
v -67.107506 32.809269 46.019363
v -66.714745 32.651196 26.253609
v -66.458176 48.186153 14.884784
v -64.592911 58.180557 11.926694
v -69.386864 58.861298 1.042360
v -69.626686 64.847267 -6.360711
v -69.008240 70.016136 -10.006742
v -67.868340 73.016899 -20.413263
v -67.710793 60.683170 -36.760605
v -71.133713 51.116093 -61.464867
v -64.802223 18.267345 -89.735847
v -58.444092 11.905577 -97.103828
v -60.529251 34.988068 76.137550
v -64.239326 34.458500 69.671478
v -66.069595 34.581104 53.634266
v -65.535202 45.265091 18.329494
v -65.325470 64.215935 -0.634201
v -67.111130 66.633865 -3.576494
v -68.417412 68.823936 -15.536471
v -65.894867 71.002235 -26.848503
v -67.575409 66.466301 -29.560202
v -69.045120 63.125229 -32.935612
v -65.136429 64.888725 -42.936165
v -66.974716 65.040665 -45.361145
v -68.482933 63.829243 -48.585541
v -69.384979 59.528408 -51.709358
v -65.221581 49.383018 -65.182014
v -61.995922 35.234703 -78.368332
v -60.428104 15.492770 95.347168
v -63.921959 32.332928 28.718649
v -65.153564 61.607880 5.242736
v -64.273109 68.207321 -6.535541
v -64.950386 73.044189 -11.420897
v -63.326462 76.025330 -21.025137
v -65.027672 72.926720 -23.103853
v -65.104012 65.859894 -33.952198
v -64.136551 60.469856 -39.397976
v -64.880173 65.145088 -46.811100
v -62.723587 59.842449 -59.715469
v -64.323402 57.017776 -61.419991
v -61.887829 47.527836 -69.487984
v -66.113190 38.149834 -72.563118
v -64.561691 36.280876 -76.314667
v -64.466568 14.856502 -93.439499
v -59.048473 8.084191 101.632210
v -61.818707 24.842503 85.481468
v -62.013321 28.638535 80.526077
v -62.559181 33.696663 72.772865
v -58.587284 38.558949 66.606850
v -62.565048 39.286358 61.569027
v -62.690353 37.368889 58.576733
v -61.816998 36.585754 50.046932
v -63.825966 37.028706 23.290247
v -61.055454 46.531025 19.445185
v -63.068470 61.428673 10.297791
v -62.813541 65.554779 0.548071
v -63.029011 69.010033 -4.657312
v -62.037987 70.669373 -8.515801
v -62.530479 76.333351 -15.629276
v -62.727081 78.041351 -19.165859
v -63.820007 65.143066 -31.517635
v -62.623550 63.274765 -37.084106
v -64.788589 61.346848 -50.450832
v -62.199123 63.415710 -52.133987
v -64.406570 61.908062 -55.241447
v -60.433590 25.899445 -83.833466
v -61.473797 5.757209 -102.258759
v -56.791325 2.272887 108.123711
v -55.928326 34.801300 78.847191
v -56.667419 38.044670 44.344048
v -59.854233 34.670483 38.801319
v -58.825127 51.696705 17.541269
v -61.134377 68.513298 -2.890119
v -61.607311 76.324905 -11.879684
v -60.931622 75.271278 -26.546576
v -62.238071 63.406448 -48.590420
v -59.825634 63.120277 -57.322102
v -60.904526 23.175678 -87.096321
v -59.121193 21.227388 89.522820
v -59.481861 41.559643 63.279911
v -59.064171 39.070072 52.559597
v -60.672558 34.037838 35.699581
v -55.595364 37.440891 28.822058
v -57.195309 47.103271 21.139036
v -56.313026 55.130032 16.038284
v -53.083675 61.147839 14.138120
v -56.564857 70.985466 7.721647
v -59.042278 68.403168 4.470567
v -59.442085 68.576897 2.985796
v -58.340458 73.373444 -9.822511
v -60.354397 76.705002 -23.575899
v -58.561520 69.702599 -30.256229
v -59.109497 70.002243 -42.387402
v -59.947792 70.728912 -44.866982
v -58.043041 64.668182 -50.505924
v -60.034435 63.635838 -56.337326
v -56.869934 42.262512 -75.886024
v -45.900726 0.580506 -112.151726
v -54.638042 5.539185 104.517822
v -56.900520 17.391747 94.967728
v -56.722816 30.078480 82.769630
v -56.065811 36.641853 70.457077
v -55.557793 44.884895 59.251678
v -56.552212 43.506268 55.483028
v -52.708199 73.878899 -0.802920
v -54.573036 75.061829 -8.078578
v -58.651638 80.171486 -17.312912
v -57.267368 70.081039 -32.111259
v -56.660053 71.316338 -34.100780
v -57.817612 69.532646 -38.959255
v -56.855621 64.729012 -53.524986
v -56.687077 66.937378 -60.945145
v -58.847393 57.664276 -65.564705
v -54.822430 36.369377 -79.699417
v 6.314812 0.079935 116.530533
v -45.868076 0.090686 114.766441
v -54.165924 21.941986 91.882935
v -50.767929 26.516607 87.286766
v -57.242641 40.677696 47.452480
v -56.575146 36.481419 41.153240
v -55.317204 36.527687 31.904499
v -55.548016 41.632015 24.434917
v -52.338497 76.975281 -4.625369
v -54.838654 82.196121 -19.666719
v -56.787949 79.842972 -22.942595
v -58.157265 75.366959 -27.672462
v -57.107117 69.656357 -35.818787
v -55.610680 66.002563 -48.823372
v -56.363094 55.536163 -67.770836
v -56.564842 45.813549 -71.973213
v -46.605949 2.068425 -108.329269
v -52.338337 34.401154 81.772064
v -51.187046 36.461838 77.640404
v -53.866295 38.842918 68.953720
v -54.222744 45.908146 61.743549
v -49.854736 49.947521 59.442898
v -54.538250 38.737339 26.953352
v -51.871460 53.876831 17.497461
v -51.691467 68.809906 11.460641
v -55.468414 71.291466 6.391502
v -50.929817 72.728233 1.569768
v -52.772156 73.914146 -2.694723
v -54.540260 79.790215 -12.344240
v -52.960690 81.356827 -21.232681
v -54.978901 71.087257 -44.487030
v -54.584465 67.711334 -55.766289
v -55.424065 19.274897 -92.034157
v -47.986500 3.994608 -105.354576
v -47.982269 15.561048 98.100266
v -51.682045 30.691807 84.338142
v -48.131065 48.517208 63.267715
v -51.842861 45.415619 51.215157
v -50.082546 40.010677 39.477921
v -51.178894 41.848648 24.738495
v -52.045765 72.375900 8.421330
v -51.057640 69.655312 4.787703
v -51.376587 81.195404 -11.373327
v -52.165939 82.960587 -15.308491
v -52.029907 85.217033 -17.459249
v -52.828857 80.496635 -24.364679
v -48.628571 74.136650 -30.294523
v -52.111748 73.115532 -36.016655
v -50.588840 77.828789 -41.062145
v -54.632660 64.595360 -52.313301
v -53.254360 68.898094 -59.941372
v -54.415409 67.315208 -61.676769
v -49.979889 39.176331 -78.816254
v -49.957069 33.246773 -83.060898
v -50.778740 27.492584 -86.879829
v -46.368248 8.086602 103.092178
v -48.822681 39.190105 74.013557
v -48.958149 47.453876 65.203110
v -49.819550 42.630161 45.309517
v -48.794167 42.649460 43.218807
v -50.884224 38.303490 34.232353
v -48.803890 39.881409 31.347511
v -48.964935 73.928871 1.983181
v -46.590065 85.041267 -12.724086
v -52.789341 76.617996 -27.718119
v -50.319424 73.125656 -32.553719
v -49.806931 77.898384 -39.495449
v -51.694138 64.151451 -50.357029
v -50.035000 57.634666 -68.714783
v -49.202095 50.067307 -74.200897
v -46.532162 8.624705 -101.082771
v -46.198769 23.086279 93.273315
v -48.179932 43.926346 68.121735
v -49.961956 47.683697 54.844093
v -48.170067 46.721706 52.136135
v -49.197670 41.046474 41.394756
v -46.224262 42.342064 36.482010
v -47.658211 39.948635 27.717920
v -48.409531 51.828777 20.965441
v -48.630119 53.183147 19.439909
v -46.569454 85.110977 -5.833144
v -48.428730 83.108566 -8.774060
v -48.641136 85.670288 -19.206852
v -48.247807 80.407364 -22.598713
v -48.614037 68.123383 -48.628967
v -45.930225 66.131454 -53.911041
v -48.265152 69.827950 -56.329330
v -46.649055 71.555351 -57.696106
v -48.922882 58.994976 -66.979591
v -47.833099 54.776104 -70.709633
v -48.432472 17.478653 -94.187698
v -37.820511 0.815791 112.170029
v -39.832909 2.478889 109.156754
v -40.997337 38.135883 81.496971
v -45.505886 52.398376 59.861000
v -46.947041 46.766201 50.241837
v -45.064594 61.722191 13.183116
v -46.593578 73.231514 8.026249
v -46.830639 73.026390 6.806226
v -46.965305 79.846649 -0.839369
v -45.473820 83.768318 -3.551642
v -46.537720 86.201576 -16.160501
v -47.607468 76.449936 -26.438419
v -48.215431 76.733414 -28.357151
v -46.909847 73.552658 -34.010311
v -46.349953 74.022354 -35.713036
v -50.498627 70.488388 -45.755405
v -46.661240 64.936127 -52.377201
v -46.342510 71.019173 -59.316891
v -45.892353 64.588829 -62.757675
v -46.678055 47.186172 -76.056229
v -47.301662 33.190125 -83.292900
v -44.001560 27.825405 87.165497
v -44.402107 38.191677 79.976517
v -39.572647 41.221828 76.284782
v -42.025585 44.002701 71.458435
v -45.770111 50.229019 56.589230
v -45.182949 45.220325 46.524113
v -43.272839 42.024265 33.008480
v -42.252029 44.182346 24.544020
v -45.254017 71.816811 9.243082
v -43.054417 74.997276 3.770156
v -40.677944 90.792816 -10.050692
v -44.274178 85.950249 -17.566164
v -43.471657 83.710442 -21.176561
v -44.822189 74.683586 -29.630260
v -43.643150 74.059761 -31.959888
v -45.613232 78.330475 -39.401516
v -43.373928 77.193001 -41.907066
v -41.586910 67.496872 -50.178478
v -44.664021 58.510967 -65.942070
v -43.864372 35.627533 -81.329048
v -47.233482 27.309641 -87.242241
v -42.691666 50.040550 65.299484
v -43.154762 52.462242 17.571508
v -43.182335 87.875916 -6.387714
v -44.296139 76.029427 -26.803652
v -40.058235 69.163795 -48.580528
v -43.590019 69.085251 -55.984558
v -43.066738 66.004562 -61.684631
v -42.268833 56.843464 -68.840469
v -40.538086 25.714516 90.562561
v -38.740150 40.129707 78.190331
v -38.762154 41.802166 74.293915
v -38.446674 47.103046 70.581017
v -38.773808 51.027142 63.476013
v -41.099400 52.005959 57.927830
v -42.890312 50.298725 51.857983
v -42.309155 45.113167 44.214085
v -39.194191 42.597961 26.617655
v -41.328911 49.515274 21.809589
v -38.189110 60.507843 13.999383
v -42.251331 81.076187 0.133048
v -38.183960 88.703125 -4.522891
v -40.129307 88.895187 -8.023257
v -42.847542 80.628738 -23.449202
v -40.420784 77.889915 -34.106503
v -40.664703 78.545502 -37.834137
v -40.483192 79.669037 -39.615963
v -42.151279 50.881760 -74.187569
v -39.297539 31.345795 -83.353409
v -40.160618 28.251030 -85.648872
v -42.819298 24.092268 -90.202057
v -41.120636 17.868046 -93.748528
v -37.351643 4.491703 106.819870
v -33.865086 11.124637 101.192375
v -37.589649 31.504494 85.545822
v -39.895699 53.711636 59.727104
v -38.655766 45.629093 46.865158
v -37.184170 43.852947 39.266918
v -40.380997 44.364120 35.355724
v -41.451527 40.735432 30.509956
v -39.717556 52.487942 17.736282
v -38.115002 71.650215 10.283067
v -37.229370 78.608131 5.841254
v -36.488014 86.188736 -2.713198
v -39.649582 89.525078 -15.362883
v -38.405006 75.940422 -28.138201
v -39.323093 75.768242 -31.547983
v -40.256702 78.888763 -41.461544
v -41.449860 75.732353 -44.845486
v -37.641453 69.729050 -52.272385
v -39.128090 68.112770 -55.163265
v -39.785225 66.915764 -59.538101
v -35.403297 57.981907 -63.442093
v -38.672287 57.465721 -65.096634
v -34.423531 46.841633 -75.789925
v -35.143589 7.671204 -101.174408
v -34.639969 21.459908 95.027039
v -38.883217 48.554649 68.018738
v -39.553467 54.036377 54.758579
v -35.515564 54.169537 52.785404
v -36.227116 47.499748 48.739601
v -35.428467 47.968987 44.948780
v -36.113811 47.345459 43.128372
v -38.054089 83.267693 0.419395
v -38.531765 88.296379 -5.845980
v -35.993050 80.766014 -23.203760
v -38.117958 78.716652 -35.944595
v -38.097527 77.046913 -43.058857
v -37.669785 73.478065 -46.449841
v -38.043941 49.120628 -74.182587
v -35.249256 23.664219 -89.062195
v -31.029026 3.080742 -106.228645
v -29.742449 27.178331 91.582375
v -35.699440 44.761120 72.479622
v -33.908310 48.708035 67.218063
v -32.365417 56.256042 59.225765
v -36.450752 54.689392 57.720894
v -36.781197 42.887070 31.919174
v -35.526600 52.211327 22.936592
v -37.251667 90.378250 -9.822672
v -37.097397 89.639389 -15.387027
v -35.936932 85.439728 -19.740391
v -36.202366 76.582298 -33.196480
v -35.897644 76.010147 -37.500984
v -36.708897 66.869110 -55.963535
v -33.842400 65.636391 -59.440865
v -34.503017 63.557484 -61.325359
v -31.307442 53.220631 -65.912529
v -34.776493 52.707756 -69.321327
v -19.214304 0.564680 -111.877480
v -31.025244 12.783575 100.008560
v -32.582390 37.468773 79.714561
v -33.603786 49.807278 63.913021
v -36.294971 54.704792 54.031387
v -32.230759 47.420223 46.403370
v -31.165333 44.971039 28.755192
v -34.087265 44.418976 26.697678
v -31.343433 62.111691 16.022064
v -32.822021 76.981979 6.899500
v -33.034218 81.082077 4.618588
v -34.329399 83.587204 0.961693
v -34.648006 88.308403 -4.436110
v -29.919744 74.155022 -30.267235
v -34.323933 73.334633 -39.960629
v -33.365566 72.977852 -44.603138
v -35.808266 74.114037 -45.894714
v -34.491062 72.026184 -50.675701
v -32.017376 39.880905 -79.334610
v -33.609936 14.891990 -94.587708
v -25.919958 28.828922 90.287560
v -34.833874 36.835209 82.078392
v -31.323877 40.049637 76.640892
v -34.145485 40.821049 74.844246
v -31.475733 46.531311 69.789764
v -33.456722 51.363586 61.418915
v -30.842304 57.789944 57.933559
v -33.175785 55.104923 54.472366
v -32.859901 43.819656 35.730362
v -29.931358 49.107471 25.624846
v -32.695911 58.947235 17.877125
v -32.022129 69.861404 11.953784
v -31.303265 88.968819 -1.534402
v -31.076109 85.994072 -8.378367
v -32.264408 87.130089 -10.632965
v -33.129665 87.311096 -15.582265
v -30.317995 81.188202 -21.613127
v -34.537258 79.079628 -26.158794
v -29.802031 74.332642 -28.379892
v -32.589325 75.039574 -35.812874
v -30.517736 73.610542 -48.610889
v -33.424465 68.108864 -54.218124
v -33.313633 64.901932 -55.893181
v -32.255230 51.538307 -70.605072
v -32.701630 48.060257 -74.198082
v -30.559118 25.218412 -86.274483
v -26.689577 20.808115 95.829659
v -29.983498 32.403431 86.439789
v -30.558426 51.737816 50.608719
v -28.931507 46.370445 42.919380
v -30.094997 44.668987 39.695915
v -28.847809 43.441498 33.212971
v -28.827400 87.732056 0.724401
v -31.039503 84.910934 -19.059273
v -31.466047 75.194191 -32.238258
v -30.107355 70.223663 -39.340660
v -27.945938 68.422867 -42.711525
v -27.962057 69.444801 -53.998016
v -29.370590 63.744026 -56.740154
v -28.055965 34.228741 -81.166367
v -25.700401 14.885952 -93.476387
v -22.179937 7.364854 -99.770241
v -27.063643 37.523823 81.530006
v -28.081152 43.824268 73.130539
v -27.417656 51.342068 65.334373
v -29.685644 49.776287 63.405987
v -25.084122 52.128685 61.231358
v -28.931404 57.328091 56.144924
v -24.472466 53.552582 52.836235
v -27.235523 48.336296 48.595863
v -28.303093 46.281761 45.149200
v -25.312878 45.119999 37.367218
v -27.365019 57.061779 22.993574
v -28.126684 62.387627 17.688974
v -27.371552 78.164330 8.405945
v -28.189823 88.638123 -0.811551
v -30.268047 88.165634 -5.422991
v -29.153215 88.187019 -11.559096
v -31.642780 86.861450 -15.607948
v -26.668819 75.445877 -26.803802
v -26.691549 59.521164 -59.468811
v -25.565746 50.769745 -63.027493
v -28.395237 50.062782 -68.678459
v -22.095516 24.027546 -85.469025
v -21.722340 19.815300 -88.848206
v -17.994440 8.963375 102.647636
v -25.951799 33.575710 85.057549
v -24.433788 47.462681 70.599609
v -25.222334 50.991535 65.852882
v -24.223320 54.787071 59.685249
v -25.628269 51.106586 25.928583
v -26.181839 60.346397 19.400702
v -26.305298 69.447433 12.293099
v -22.883110 84.217735 5.379813
v -26.604156 88.531555 -8.079432
v -28.353327 79.589684 -25.222729
v -26.951433 73.998734 -34.094643
v -26.373339 73.288010 -35.914505
v -25.413752 66.557076 -41.196056
v -28.563416 73.200134 -46.689430
v -24.642260 74.158920 -50.268444
v -23.686588 49.828014 -67.097412
v -24.418648 48.429668 -70.583664
v -26.220163 46.415428 -73.102821
v -20.941046 28.005926 91.347610
v -21.222313 39.932430 77.882744
v -23.967699 50.430706 49.596783
v -25.939077 46.364746 40.067196
v -25.081484 46.811325 30.548498
v -20.048979 88.011330 3.117132
v -26.419182 88.030563 -4.129668
v -25.256248 90.212555 -13.509486
v -23.350998 91.718849 -15.855531
v -25.711437 86.254143 -19.380449
v -23.705160 70.432976 -28.457014
v -23.855743 70.328354 -30.150097
v -26.480104 67.973740 -39.361717
v -24.008865 70.393196 -52.678802
v -23.658100 64.266685 -56.423195
v -25.092501 50.108067 -63.589947
v -24.348667 41.740299 -76.337540
v -3.277407 2.111002 109.564232
v -7.333107 4.686750 106.358444
v -16.872612 13.160698 99.876778
v -19.292803 34.709236 84.909088
v -19.414850 39.468010 80.056999
v -22.307177 44.532661 72.528053
v -22.325142 51.711952 62.122723
v -19.321007 54.148819 54.670132
v -22.360037 47.967793 43.935982
v -22.218586 48.498997 28.437069
v -23.430790 66.268379 15.931125
v -22.503286 91.738632 1.083936
v -25.009790 89.955437 -0.788227
v -23.951418 88.433472 -5.952352
v -20.976501 95.929199 -9.839370
v -21.109949 72.666313 -35.748875
v -21.486172 67.701225 -45.862015
v -24.157299 73.694260 -48.455303
v -21.143934 27.029987 -83.821335
v -21.171276 49.803093 67.125206
v -20.066727 53.513344 25.012857
v -19.027090 57.779148 22.941422
v -20.967653 60.608471 18.956614
v -19.162691 69.738068 13.920475
v -21.301802 70.282959 11.650984
v -21.553085 89.433922 -6.397238
v -19.380007 88.211960 -19.406160
v -21.732212 85.374825 -22.625467
v -20.410673 74.597290 -26.632010
v -19.614561 73.207634 -34.108307
v -21.028805 67.109161 -39.565052
v -20.671440 66.347649 -44.860077
v -18.705328 65.175064 -53.954124
v -19.089886 39.568790 -75.005081
v -18.905060 32.191166 -79.586266
v -17.864908 34.111176 87.227089
v -19.433758 44.466740 74.451866
v -18.495596 50.554840 64.108376
v -20.696028 54.578991 52.552994
v -18.272829 47.512924 41.411304
v -21.174641 46.431187 33.232327
v -16.482477 78.361977 8.313088
v -21.103321 95.503159 -0.917536
v -19.487839 94.056877 -4.324359
v -16.146355 99.546227 -14.084184
v -15.615911 96.467209 -17.021002
v -14.841971 73.196854 -31.982168
v -18.610628 64.944908 -41.212757
v -19.098415 68.819321 -52.136288
v -18.732651 50.792946 -61.493622
v -18.372871 46.815468 -67.989891
v -18.915953 41.014271 -72.434845
v -14.450270 20.803570 96.350624
v -16.899044 36.895336 81.863815
v -17.075994 46.419930 69.550407
v -16.175747 49.538113 61.235901
v -16.115942 51.141155 59.298958
v -17.463844 53.545235 54.839062
v -18.550562 53.766579 47.982437
v -17.986433 48.541618 43.066673
v -16.690678 49.887981 38.908642
v -15.366536 49.733597 34.737720
v -18.421934 47.014652 32.236202
v -16.164890 47.637844 28.868843
v -15.587736 61.719303 18.645880
v -13.384650 69.196518 15.044759
v -17.470165 93.834541 1.049620
v -18.110065 97.932442 -1.069263
v -15.810232 98.320274 -7.977517
v -14.501964 99.927673 -11.193463
v -15.038676 81.819374 -24.883854
v -16.835606 71.135910 -30.304039
v -14.259017 63.744221 -43.031933
v -16.992580 66.852913 -48.592941
v -19.429516 70.555656 -50.380329
v -16.991875 48.514896 -63.432423
v -16.152237 15.131258 -91.720459
v -7.829572 4.195732 -102.956322
v -13.791922 40.013996 77.303017
v -13.405098 45.255798 71.795723
v -13.835040 50.374512 65.701393
v -14.198673 57.231270 46.823833
v -16.328178 74.974808 10.255097
v -14.062370 82.440178 5.970109
v -13.951884 97.066055 -6.454721
v -14.564818 99.666283 -15.450064
v -15.096691 87.465759 -20.150949
v -14.476198 75.657959 -26.687708
v -15.839862 71.883522 -28.578629
v -15.269609 64.329170 -39.496609
v -15.588261 62.574017 -55.810661
v -13.552113 26.551657 -83.230087
v -14.361236 29.745743 89.767456
v -12.937634 51.317974 57.630882
v -12.783799 55.910053 51.014359
v -11.390535 53.260483 38.517921
v -15.108492 52.648075 25.796663
v -13.125789 59.069286 21.082499
v -12.442240 75.443260 12.073543
v -13.475356 85.866264 -21.016506
v -14.163987 73.458733 -33.775562
v -11.824811 61.058964 -45.553299
v -12.709654 63.218922 -50.581322
v -13.387542 63.228275 -52.533745
v -11.073337 56.424911 -57.825596
v -10.385953 50.188465 -61.138702
v -10.961831 42.656712 -69.233536
v -8.754211 37.589619 -73.505058
v -9.291124 32.785183 -77.566811
v -12.418025 16.448763 -90.286407
v -8.600247 10.181213 -96.215912
v -2.231066 2.063287 -106.621956
v -10.136339 33.429577 86.342041
v -10.091253 36.315521 80.257439
v -9.525328 43.896065 73.030769
v -12.352926 54.405941 54.299236
v -10.813267 58.647476 48.290237
v -12.519858 52.198673 43.083935
v -10.324559 48.742393 28.732975
v -9.899504 92.297760 0.906242
v -11.420028 96.368507 -1.229270
v -12.070765 98.254860 -3.621610
v -8.688955 85.515709 -22.920113
v -9.866271 70.629822 -28.755114
v -11.007294 69.802208 -30.310873
v -9.523666 67.329857 -37.478951
v -10.289986 59.280201 -46.877445
v -9.735135 47.516232 -63.284412
v -9.621427 46.909950 -65.444725
v 30.980984 0.320256 114.063911
v -4.103877 10.730896 101.056381
v -5.743530 18.306520 96.474937
v -6.852183 54.010525 56.141827
v -8.476123 58.088425 51.114571
v -11.278501 50.689991 34.677105
v -9.117591 48.758633 32.061596
v -8.649652 52.306480 25.959335
v -9.062190 59.381542 19.024509
v -7.191219 78.653259 10.165452
v -12.042263 91.828804 2.702329
v -11.969493 100.790184 -10.126801
v -10.069200 105.828857 -13.492202
v -11.310115 100.631516 -15.600591
v -11.153481 92.821907 -18.370760
v -8.663551 63.562035 -39.428497
v -9.426904 59.679905 -49.357327
v -10.553195 0.947215 111.885551
v 1.839663 3.639074 107.424637
v -7.504503 32.455929 86.453918
v -6.896035 42.340294 76.247925
v -9.399422 46.718895 68.431038
v -7.328549 49.119152 65.481239
v -9.066544 50.082527 64.017601
v -7.111615 53.813248 60.511158
v -10.298084 58.177528 46.882645
v -6.123201 54.027225 40.646542
v -6.623633 54.597557 37.069134
v -8.317663 58.354717 22.158504
v -7.456386 70.551941 14.326190
v -6.364017 85.162491 6.601933
v -7.551723 87.723709 -20.541855
v -8.864977 70.847839 -33.954922
v -8.407940 62.475159 -42.661743
v -7.066879 57.391636 -52.254639
v -5.305937 26.454136 -81.143822
v -7.418405 17.259089 -88.425148
v -2.269496 27.078093 90.877335
v -5.102426 34.857548 82.607719
v -4.521009 39.535736 77.898132
v -5.400712 44.529270 71.595673
v -5.055624 52.315117 63.066338
v -3.091760 57.888695 54.213745
v -6.206424 53.590488 43.190929
v -6.069464 52.186604 33.958851
v -6.631654 89.915436 4.721201
v -4.980690 91.864502 2.561904
v -6.181597 95.195755 -0.536435
v -7.459480 97.402885 -2.862929
v -8.117783 98.484032 -6.699029
v -8.130491 106.285065 -13.698664
v -6.429119 92.568283 -17.334255
v -7.528357 69.750870 -31.760412
v -6.343552 53.566563 -57.594837
v -6.469855 38.193378 -72.571487
v -8.972869 25.498405 93.109863
v -4.753584 57.564796 45.199688
v -3.843699 55.566727 35.881512
v -3.470214 52.401569 30.219955
v -4.529869 51.811031 28.296745
v -0.631505 58.961258 23.533131
v -2.907131 76.655197 11.983399
v -7.411908 97.196602 -4.949792
v -6.038489 102.838272 -11.292679
v -2.209037 70.381737 -26.429878
v -3.722548 61.466896 -39.464317
v -5.851940 58.261314 -48.599461
v -3.286863 42.967129 -63.342289
v -3.471282 38.728817 -70.347252
v -3.245318 32.319199 -75.006294
v -2.026746 14.123210 -91.470398
v -2.107934 49.227730 68.444412
v -0.889933 53.885983 58.073719
v -1.374477 62.061054 48.783314
v -4.082901 51.448345 32.126495
v -1.138765 53.762146 26.795717
v -3.595792 61.747227 19.099525
v 0.308531 68.879166 16.483580
v -4.784428 94.962570 0.258324
v -4.240047 99.691719 -7.757817
v -4.423674 102.847832 -13.485589
v -0.537816 82.974503 -19.241652
v -0.665063 79.170868 -22.854362
v -0.612803 72.657669 -25.396532
v -4.587678 68.281326 -28.443605
v -0.579334 61.601089 -38.885281
v -0.808536 57.283207 -46.203465
v -1.422777 46.955185 -59.676128
v -2.295198 41.206184 -65.704880
v -0.042148 19.213039 -86.260597
v 3.632163 6.884426 -99.253250
v 5.949546 1.459397 -107.705925
v 4.965021 15.764791 97.241722
v 0.430905 32.699303 84.831299
v -0.400956 41.590206 75.063828
v -0.512825 52.444519 61.313766
v -0.212301 56.368626 55.432846
v 0.712289 61.267925 50.923298
v -0.680358 60.280495 46.613235
v 0.402103 57.694641 42.730938
v -0.265420 56.659199 39.521114
v 0.848041 74.081543 12.917378
v -0.357399 78.976944 9.018510
v 1.260542 88.275108 3.839185
v -0.851927 94.585701 0.925103
v -0.695423 92.961296 -4.550399
v -2.995035 103.368698 -10.252632
v 0.658360 88.831116 -17.016027
v -0.310143 81.247383 -21.196714
v -1.061876 66.891289 -29.637978
v -0.914962 64.032059 -32.080875
v 0.063617 63.818775 -34.085773
v -0.347295 64.279938 -35.675102
v 1.973162 59.687695 -42.357548
v 0.744006 55.806931 -54.236645
v 0.770267 44.597321 -61.214161
v 1.750058 34.005241 -73.288177
v 0.952875 27.060955 -78.574944
v 2.288883 23.852192 92.560524
v -1.402613 29.887930 87.347908
v 2.032511 38.492619 77.579636
v 1.994040 49.637871 68.931320
v 1.266527 51.087280 65.031967
v 0.435431 58.059452 37.704449
v -0.229256 53.091076 33.903107
v 2.662464 52.261024 32.200764
v 0.899157 51.754276 28.549500
v 0.170983 81.697227 6.458683
v -0.145561 93.521881 -1.367118
v 0.857435 95.140152 -6.239502
v -0.522121 101.442833 -12.243946
v 0.603270 58.091736 -48.123695
v -0.341506 57.429459 -51.597382
v 4.210151 49.433075 -56.872864
v 10.246239 7.261539 103.777809
v 3.023054 53.596451 61.970695
v 2.374509 52.937771 59.890755
v 3.744510 61.972271 44.999687
v 5.085297 57.277290 34.726036
v 5.023899 52.424004 30.287580
v 4.323773 102.256599 -8.340363
v 2.942047 104.470703 -10.003153
v 2.483740 65.597145 -30.064421
v 5.331653 41.012562 -63.821091
v 7.652706 26.500013 90.053596
v 6.701382 56.996029 55.999451
v 3.947420 56.660271 54.122253
v 6.016086 60.550858 43.031368
v 4.599351 58.441151 40.240372
v 4.577300 52.710400 26.151173
v 6.066762 61.796135 19.588804
v 4.285185 73.250816 13.001182
v 6.349890 82.766258 6.079185
v 4.376986 73.787628 -26.455328
v 3.535687 62.931576 -33.828384
v 5.548558 64.138351 -37.094894
v 5.218926 57.379154 -50.212349
v 6.758199 45.477116 -59.243866
v 6.786026 37.155880 -68.717514
v 7.078361 17.970032 -87.151184
v 6.923900 13.749942 -92.028023
v 18.372927 4.537792 -101.806610
v 8.910667 23.071686 93.593285
v 10.630262 30.385241 87.418648
v 8.086950 37.677319 78.306618
v 5.863937 45.809002 72.857246
v 5.783096 50.679337 68.754768
v 7.137629 50.533493 65.095161
v 8.497001 61.428188 49.036346
v 6.774189 62.016323 47.496559
v 7.624287 60.215965 37.304710
v 7.286074 50.966827 28.116688
v 6.112061 70.735657 15.754294
v 6.378489 73.584412 11.891159
v 8.990289 80.948959 8.368146
v 8.131122 92.716209 1.135213
v 7.275174 91.272842 -0.880534
v 5.748589 93.761024 -4.050532
v 6.626002 96.209343 -6.709964
v 7.004257 97.671112 -11.848432
v 7.181815 91.398735 -15.076180
v 8.076018 87.447617 -18.441692
v 6.307003 83.613373 -20.228388
v 6.728498 75.347939 -24.611034
v 6.871094 66.845123 -30.170052
v 6.900456 64.312424 -39.405579
v 7.213057 58.107822 -44.809307
v 6.563618 59.081837 -46.704399
v 8.569460 52.443764 -54.187527
v 8.806557 37.752018 -65.330467
v 6.183877 35.305969 -71.957382
v 10.168717 27.127687 -78.017471
v 6.231089 19.986521 -84.244698
v 10.637556 51.064022 70.832573
v 8.381060 51.994385 63.668781
v 9.507815 57.160278 59.948536
v 9.345176 56.781380 58.024349
v 11.393925 64.350250 43.760658
v 7.731930 52.216293 24.842762
v 8.738895 59.413879 21.143967
v 8.631652 61.405407 19.340981
v 12.102659 68.667412 17.312952
v 10.805081 75.951126 10.245262
v 9.925535 97.311829 -10.596354
v 7.518666 78.875534 -22.730894
v 8.482429 61.962917 -34.154633
v 9.499947 47.837006 -57.104465
v 8.217970 33.623478 82.799683
v 11.565300 41.488281 75.296440
v 8.340651 55.783524 61.461601
v 11.274350 57.032204 54.233547
v 15.620761 56.344879 31.894625
v 10.650619 74.506248 13.994249
v 12.321271 95.846962 -4.218045
v 10.932445 97.481400 -8.135853
v 11.208108 73.503304 -26.892996
v 13.789594 63.104809 -41.457825
v 11.420259 58.456474 -44.136890
v 12.466501 57.334499 -47.694138
v 12.468052 54.981052 -50.306587
v 9.802042 52.954025 -53.196285
v 12.662345 33.257751 -74.641136
v 11.179913 23.703981 -81.624168
v 14.233699 19.796093 -84.447441
v 46.671406 0.274701 -112.091904
v 20.716103 11.759937 100.329865
v 13.318798 51.649681 66.194786
v 11.609324 60.188839 51.004608
v 13.102289 65.038536 44.649231
v 11.235461 63.440491 40.592117
v 13.278885 54.084270 29.688787
v 12.545857 51.287064 24.700045
v 12.137388 73.243034 11.929060
v 12.805095 91.412498 -0.673421
v 11.737901 96.452538 -11.907491
v 11.327351 70.867500 -28.671843
v 11.133440 64.359955 -37.705791
v 11.341627 42.257633 -62.897491
v 15.729457 12.842438 -92.789703
v 24.864332 1.869263 110.527672
v 15.895840 27.057123 92.713943
v 16.114697 37.913155 81.133743
v 17.124165 57.479618 56.366646
v 14.675842 63.590508 48.064026
v 13.111303 51.496986 26.935070
v 16.675373 51.830162 23.081936
v 14.400451 61.447025 19.643171
v 17.346008 76.818825 6.480818
v 11.291775 90.957130 1.142475
v 13.514015 90.379379 -14.702944
v 13.386412 79.735153 -20.765388
v 14.904487 79.169365 -22.869539
v 15.563239 64.631020 -33.947533
v 17.798048 36.166664 -68.818321
v 14.648941 34.916477 -72.416519
v 15.187008 17.485823 -88.550011
v 16.702206 29.627855 90.593636
v 16.661541 32.058468 86.923805
v 18.472414 34.760109 84.950096
v 18.705976 42.665627 76.300285
v 14.435034 50.944492 71.190750
v 19.349808 53.678104 67.904869
v 15.587566 53.493980 63.377754
v 15.490481 65.718781 43.212624
v 13.019814 63.689922 40.471546
v 17.180250 64.576439 37.700317
v 16.050688 73.967720 13.578207
v 14.735275 73.350693 11.474545
v 16.709227 96.664528 -6.304489
v 15.651208 92.993088 -10.828685
v 16.856182 87.414276 -17.201197
v 15.866364 75.092026 -25.181627
v 15.074014 64.841484 -36.534500
v 17.078476 65.519798 -39.445015
v 14.757098 48.997219 -55.947006
v 17.126198 37.790203 -65.240936
v 19.474407 14.868299 98.299942
v 21.079000 42.575130 77.804237
v 19.059036 46.650955 73.497589
v 19.221481 55.613762 61.645832
v 18.086857 58.140846 58.556194
v 16.091917 55.754055 54.199242
v 18.130316 57.034588 51.676937
v 18.395533 52.564774 27.979574
v 18.626259 50.679005 26.389383
v 16.286476 71.729965 15.721032
v 18.752632 74.720863 8.078322
v 15.889212 88.656029 -0.154969
v 17.548033 92.580803 -3.171872
v 16.201151 88.883194 -14.452294
v 19.343124 77.915817 -21.023806
v 16.271027 70.471924 -28.871563
v 17.009363 59.929626 -43.149494
v 18.463634 60.078335 -44.825497
v 18.394255 47.593338 -58.602318
v 16.576180 28.464495 -77.878891
v 22.466433 4.444594 107.144844
v 20.097233 39.765003 79.974998
v 18.222607 54.113167 65.598351
v 17.655294 66.134720 44.916679
v 18.756157 50.448063 24.832462
v 22.190306 60.496269 19.292538
v 20.464418 79.616417 3.791130
v 21.826496 79.224342 2.844957
v 19.281630 86.070618 -11.892492
v 20.393955 75.197098 -24.700327
v 21.150749 65.882393 -31.425833
v 18.476688 54.846828 -51.773708
v 19.924322 49.877071 -56.016243
v 20.547577 42.395672 -62.222454
v 18.492987 24.809475 -80.917282
v 22.855286 52.752197 69.155975
v 22.275782 55.967339 61.883976
v 19.102360 61.997105 47.976254
v 22.220871 61.862083 41.541649
v 19.946733 64.755554 39.397892
v 20.816278 58.985462 32.115631
v 20.148254 58.102627 30.345964
v 21.218498 75.033569 12.125138
v 21.266943 82.753029 1.040903
v 23.520519 88.485329 -7.030273
v 22.851257 82.376686 -14.002054
v 20.514448 32.948463 -75.663689
v 22.810076 19.103798 -86.298523
v 24.114382 12.218636 -92.872978
v 24.000658 27.765394 92.707626
v 23.459894 31.727306 87.793884
v 23.931787 38.350376 84.079208
v 28.311037 43.350010 81.582047
v 23.622461 48.207989 73.080696
v 21.899395 56.566425 59.484856
v 25.656912 55.534100 54.222858
v 23.574869 56.114532 52.228241
v 21.981531 65.308594 37.256252
v 24.386744 55.255257 22.369736
v 23.292442 73.999428 10.004229
v 24.123554 74.421356 8.304852
v 23.549309 83.088058 -2.170246
v 22.946741 88.840378 -8.032887
v 22.667980 87.659515 -10.097226
v 23.488195 82.187317 -11.938565
v 24.071712 80.869781 -17.776463
v 25.075865 79.518417 -19.048563
v 23.147936 75.299622 -22.320559
v 26.161507 67.612656 -27.324661
v 24.838268 60.518776 -33.965065
v 22.723026 61.836857 -39.267612
v 23.935467 60.597347 -39.699215
v 23.044491 56.957859 -43.088661
v 23.884445 57.497490 -46.465034
v 21.762815 37.059139 -72.388351
v 24.136992 23.988264 -82.279007
v 20.935158 7.454784 -97.829994
v 38.679813 3.038904 -104.030647
v 24.409126 55.833466 66.942986
v 24.475565 57.402302 64.135544
v 24.605999 59.737705 49.408485
v 25.363064 61.115295 44.892048
v 23.954634 64.610657 35.620193
v 26.493986 58.471531 30.085083
v 29.008553 55.834629 24.761541
v 24.862953 70.896652 15.488521
v 25.305761 55.418964 -50.278416
v 24.463539 50.706982 -57.952843
v 26.171236 44.931618 -61.428730
v 23.814325 39.881290 -66.632324
v 24.477013 38.205658 -70.614655
v 71.428284 0.000479 -113.973953
v 30.257399 20.390505 95.746773
v 25.942291 44.209747 78.282204
v 26.703461 58.710041 63.428673
v 24.871948 56.493549 58.624207
v 25.759365 59.793613 46.901493
v 24.323362 61.551582 42.578163
v 26.520405 62.205517 39.585148
v 26.900843 55.503071 28.580872
v 28.056967 55.275894 26.804693
v 27.211468 58.263744 21.099808
v 25.996899 71.279839 14.091887
v 25.294682 74.128838 12.028797
v 25.023094 77.209427 5.262669
v 27.841221 73.590370 2.761555
v 26.543131 77.379158 0.148615
v 25.158297 88.296623 -7.975244
v 26.516407 76.316696 -21.123392
v 27.159939 70.625793 -23.894377
v 28.436140 61.818729 -32.507496
v 28.917309 53.481346 -52.081841
v 27.038147 50.949135 -55.650421
v 29.304167 40.560417 -68.642075
v 32.270031 30.267618 -77.119705
v 34.311947 18.175272 -87.033173
v 28.691544 13.901881 99.077385
v 31.838263 31.490561 90.262894
v 30.206232 36.763069 85.752907
v 30.322073 44.938892 80.524170
v 29.613098 51.701828 72.482521
v 29.113102 52.203362 68.687874
v 28.282652 58.919659 62.244999
v 28.370298 54.943340 56.282043
v 30.101086 64.775978 37.098446
v 28.025316 65.247452 35.898407
v 26.131813 61.640419 32.823921
v 32.150959 70.119186 10.451648
v 29.662161 73.584190 6.982528
v 25.110622 81.963554 -4.496338
v 28.871752 87.689796 -10.109268
v 26.600567 81.910019 -12.041837
v 28.559925 61.802307 -30.276159
v 28.581528 60.541595 -37.119301
v 32.497421 52.118557 -53.721489
v 30.780560 50.756824 -57.703674
v 30.504873 40.860954 -66.591820
v 27.881704 36.024826 -73.394035
v 31.513113 25.097006 -80.944427
v 30.149048 8.305306 -96.394989
v 37.168953 1.086632 -108.929276
v 30.577555 46.959122 76.291817
v 34.671791 52.010128 70.891632
v 31.310793 54.193417 65.340668
v 31.327156 56.082714 54.398663
v 30.487619 61.069042 50.661724
v 30.504946 59.009708 45.413895
v 31.295929 63.097198 32.245045
v 30.991638 59.419895 21.165705
v 31.206648 72.623474 4.575770
v 28.567011 87.481346 -8.190726
v 27.623222 81.082993 -17.172091
v 33.287636 59.331467 -37.647839
v 32.358814 56.265804 -41.108093
v 32.853638 52.700653 -43.101059
v 32.819622 52.278057 -44.728790
v 30.942780 54.193245 -47.556255
v 32.691250 46.498760 -60.290298
v 31.578241 41.631008 -65.131424
v 36.054386 5.139870 -100.640167
v 32.373711 58.165253 59.734119
v 33.385368 55.335545 56.303646
v 36.127190 56.222191 42.668175
v 33.434380 61.875473 39.036430
v 33.225201 63.879375 34.177658
v 30.990131 64.178093 18.234526
v 31.197538 68.695580 15.699142
v 32.378593 67.813797 13.630652
v 33.325268 69.453377 11.636829
v 31.970068 72.232841 -2.501807
v 29.565414 80.653549 -5.800812
v 30.705421 84.231674 -11.905409
v 33.074429 81.318214 -15.968912
v 33.511688 72.520821 -20.103708
v 32.734165 68.332397 -22.731773
v 32.534664 61.459705 -34.048683
v 33.708057 39.055080 -71.223602
v 34.270298 12.865850 -91.422424
v 47.107750 1.257323 110.957863
v 37.758247 4.874773 106.469902
v 33.255516 61.140102 50.525120
v 35.818565 56.220379 44.837337
v 33.523441 57.675835 28.338615
v 33.674358 57.019192 26.703266
v 34.336868 59.602795 23.168724
v 31.938168 73.657036 1.233793
v 31.963501 85.714462 -9.890245
v 33.052139 84.235298 -12.106136
v 36.483421 61.304749 -26.502810
v 31.563951 62.085960 -28.921787
v 33.611271 51.414150 -55.372520
v 39.781025 25.052580 92.757271
v 35.389896 32.884300 89.056969
v 35.685638 52.277138 68.273148
v 36.355412 53.512779 65.040627
v 36.687881 55.539589 63.374809
v 35.616554 58.413689 46.987183
v 34.808964 62.950520 32.692413
v 35.589294 60.380455 19.174059
v 36.698826 66.135948 14.759210
v 36.999477 71.176720 8.494851
v 36.726234 69.654945 6.569589
v 35.069618 72.806488 2.810607
v 34.196136 72.723389 0.203528
v 34.000225 76.026810 -5.411603
v 35.872841 79.876137 -8.471622
v 36.143799 67.671219 -22.944288
v 33.669418 44.269287 -62.955021
v 57.706387 0.078126 113.489731
v 48.983170 2.735474 108.263344
v 39.894417 10.150235 101.959152
v 36.927792 47.278038 75.872818
v 39.164146 56.840553 59.738037
v 39.384083 53.836494 54.151814
v 37.773846 55.920063 42.993900
v 39.350494 59.800282 37.743439
v 37.512447 59.893410 28.604158
v 36.022549 58.505787 21.140619
v 37.449627 60.958126 17.476582
v 37.818924 59.912045 -28.419477
v 39.896477 60.934608 -31.244570
v 35.844585 53.343338 -47.913162
v 39.740799 48.936550 -55.882446
v 38.731403 47.279274 -57.805702
v 40.629108 40.249168 -67.151352
v 40.392178 38.161655 -71.700142
v 36.981903 26.085869 -81.114189
v 40.232250 19.231264 96.908661
v 34.999847 39.388569 83.640839
v 39.521404 41.205780 81.362320
v 41.861046 53.980900 70.525497
v 38.123096 54.343117 55.974323
v 40.412048 55.637745 52.375946
v 39.542797 57.138344 50.488503
v 41.236996 57.713688 35.884277
v 40.090820 61.158257 26.166004
v 40.590885 67.108757 13.874009
v 39.695793 69.821388 12.012300
v 39.213215 68.523346 4.650530
v 40.822144 69.804726 1.985944
v 39.327793 72.274017 -2.730433
v 37.108749 75.586540 -5.788858
v 39.191551 78.998207 -11.859544
v 42.563942 72.379997 -15.896276
v 40.598392 72.395332 -17.114529
v 38.797134 69.540985 -19.148699
v 39.506088 67.763954 -22.793793
v 38.436642 60.530510 -35.071205
v 40.868801 58.065876 -39.580048
v 39.552773 52.442875 -43.044037
v 39.373112 50.793648 -44.946419
v 40.521011 48.418598 -51.753365
v 40.342407 43.573555 -59.786469
v 41.832764 43.913761 -63.413704
v 40.913872 30.718132 -76.644432
v 46.414818 10.073919 -95.078018
v 46.478168 30.790411 87.193062
v 44.859180 33.256569 85.300262
v 42.513519 48.309185 75.327194
v 42.230534 53.869915 66.905197
v 41.222870 54.486588 64.043388
v 42.073627 56.384396 49.333870
v 39.655987 57.626961 46.829613
v 43.523975 56.462154 45.033649
v 40.282948 59.079266 39.585190
v 41.385933 57.988132 34.011372
v 40.973080 60.467957 32.018616
v 41.755974 59.110107 21.060686
v 41.575024 70.307732 8.262617
v 45.394188 71.087967 -2.349699
v 40.509029 75.625397 -14.663978
v 41.660004 67.189072 -20.926090
v 39.805489 60.931114 -27.412487
v 43.378433 61.728294 -35.655663
v 43.906227 47.412243 -49.329082
v 44.374069 23.189314 -84.163414
v 44.357246 14.858503 -90.677261
v 41.888329 11.898814 -93.521912
v 45.783188 56.967079 59.075428
v 43.773281 53.265591 54.226311
v 42.273083 60.217037 29.363541
v 40.657249 60.686020 18.071270
v 43.258240 69.438309 5.398928
v 43.379333 72.587952 -8.161290
v 43.130028 75.353104 -11.756897
v 41.570007 63.643585 -25.454189
v 44.187328 47.066685 -47.166119
v 44.438148 34.559856 -74.256424
v 44.193993 20.217609 -87.099083
v 48.526501 4.469890 -101.107658
v 47.756542 37.870663 81.697876
v 46.672054 50.946163 72.799240
v 44.677193 54.136410 63.337997
v 48.919430 56.998379 61.388180
v 43.573547 58.161175 46.856464
v 46.707111 59.867054 37.882935
v 45.536263 60.951893 31.835526
v 45.705540 59.186283 22.912270
v 47.451969 67.236580 9.818957
v 44.877903 69.944038 1.174105
v 43.867237 72.098701 -4.616685
v 44.846020 70.980049 -6.073195
v 45.795441 69.887329 -19.153217
v 45.908939 64.472076 -23.253479
v 44.542030 61.332691 -30.500639
v 43.750004 60.713161 -33.771732
v 43.999031 57.422466 -39.071098
v 43.975044 48.450562 -55.863617
v 44.277203 47.228004 -57.687397
v 44.298603 43.604351 -61.670509
v 47.154266 40.615417 -69.332535
v 50.252171 38.176601 -72.172127
v 45.754005 29.961428 -77.858429
v 49.074604 53.063015 66.981346
v 46.912338 53.468513 64.908371
v 45.981606 56.990528 47.072598
v 49.044689 57.516117 43.065319
v 48.117962 59.783504 39.839699
v 46.116360 63.577404 26.733377
v 47.549763 61.825600 13.626686
v 48.599445 68.205666 6.757484
v 48.699234 67.139832 -13.004891
v 48.572456 64.497429 -21.738148
v 46.504238 64.039009 -24.596981
v 47.163212 60.044014 -32.020718
v 48.525124 45.256760 -44.926571
v 46.196678 47.604523 -54.001595
v 45.909546 42.157463 -65.013359
v 47.393169 28.683107 -79.692291
v 48.843273 12.159148 99.980537
v 49.727657 43.185921 77.497543
v 48.775597 57.175503 58.971352
v 47.678158 51.921440 52.314190
v 49.766804 58.748199 35.975334
v 48.191181 58.577831 33.964283
v 46.896881 60.545906 16.795971
v 48.041775 69.713242 3.026530
v 50.083401 65.634407 -6.416189
v 49.810593 66.368950 -14.477195
v 46.804306 69.665802 -17.548731
v 48.270744 64.790138 -28.238470
v 49.174583 58.704456 -35.515373
v 51.251846 51.510483 -39.295822
v 53.310562 43.240200 -63.264500
v 48.273518 42.253078 -67.157066
v 53.133965 17.944057 -88.788239
v 56.744114 6.262862 103.410866
v 50.815239 18.066874 95.869621
v 51.889069 20.802387 92.834976
v 49.949181 54.772350 63.400829
v 49.186707 56.706566 44.994667
v 48.826351 62.180740 30.962561
v 52.266891 62.557667 24.954874
v 50.337822 59.568089 19.913010
v 49.906601 61.342113 14.414004
v 50.857964 66.209503 8.514975
v 51.579735 66.385551 -1.032183
v 51.859592 67.243927 -3.826876
v 51.795334 47.501865 -42.600044
v 52.514240 43.380638 -46.908504
v 50.738056 45.379688 -50.466499
v 48.404385 44.354004 -59.143635
v 54.531326 25.857590 -81.788246
v 65.222298 1.845814 -103.977219
v 54.484734 49.002846 54.221291
v 52.894890 50.647282 51.156349
v 51.742817 52.171902 48.324200
v 53.310863 57.032864 33.741817
v 50.068134 63.361805 29.165937
v 55.400677 60.240417 22.634514
v 52.696033 58.834095 16.539988
v 52.845009 63.607578 -9.607601
v 50.685692 66.415779 -18.216623
v 53.069618 63.975040 -28.696383
v 51.895203 59.892799 -32.966393
v 53.535904 43.851593 -51.295883
v 52.975338 42.941944 -60.898777
v 53.775246 41.152134 -65.498833
v 60.131210 18.284569 -87.477730
v 53.956085 24.447018 89.827286
v 55.719540 29.854126 84.597672
v 55.507576 42.037781 74.469963
v 53.645535 49.255291 70.681519
v 54.019024 50.476105 65.263168
v 51.588852 55.665840 59.125195
v 51.986549 57.421986 39.945267
v 54.078197 58.430885 19.171570
v 55.370251 66.135063 10.330349
v 51.657871 67.262672 4.644596
v 54.288177 68.207565 2.477103
v 54.805077 60.699684 -11.376105
v 55.150772 64.067520 -15.833625
v 57.141151 56.505577 -21.236378
v 55.221363 56.902691 -22.742319
v 55.534100 43.420326 -45.027325
v 57.759518 40.110836 -57.691563
v 56.054020 39.320782 -67.223969
v 54.361996 33.017433 -75.254784
v 66.892487 6.370757 -96.384399
v 58.544144 3.264311 106.287659
v 56.950447 14.616085 96.531731
v 55.513512 34.592564 80.429703
v 56.246765 40.198307 76.465050
v 57.992607 54.928940 61.612225
v 58.321510 49.507755 47.710350
v 57.540581 56.719345 30.277426
v 55.050858 61.822586 25.092482
v 59.457951 62.013863 6.097859
v 57.088493 62.866703 -1.316335
v 55.377029 64.357758 -17.200968
v 55.743587 59.699764 -26.136467
v 54.759907 59.587212 -32.429710
v 55.563725 57.872860 -34.052582
v 56.341160 57.161129 -35.898460
v 56.721401 45.956131 -43.084160
v 58.386154 40.922314 -48.091038
v 54.697739 43.332481 -54.975861
v 60.743759 27.730146 -79.234825
v 61.576038 4.729001 -99.301949
v 68.714714 0.464500 109.680801
v 59.070713 10.365609 99.206741
v 56.798550 48.822170 67.205299
v 58.066742 54.309776 59.823132
v 59.069061 47.307888 50.439144
v 58.226196 51.185162 45.047886
v 59.323212 51.804455 39.466423
v 57.182407 55.927185 35.959942
v 58.962959 58.570435 19.551550
v 58.335701 60.082970 14.442943
v 57.881172 62.998444 8.190740
v 59.060287 64.138573 2.991616
v 58.243134 59.796108 -5.237998
v 59.056286 55.536530 -9.482881
v 56.956654 62.248959 -28.650856
v 60.094990 47.218605 -40.613274
v 60.384411 40.127655 -59.701691
v 60.347481 34.381695 -72.981712
v 60.249039 51.446838 64.668983
v 60.740131 49.156925 57.168907
v 62.823368 50.069881 32.190617
v 60.277725 59.586452 24.708792
v 61.397141 61.597557 -0.169424
v 59.186768 58.685947 -19.171236
v 59.116673 40.279285 -52.852116
v 60.470699 40.015476 -63.151279
v 61.582047 34.162361 -70.227417
v 65.506996 21.018852 -84.298210
v 116.527031 -0.000180 116.527031
v 63.048218 38.474937 74.104927
v 59.885197 47.485085 67.621269
v 60.773617 46.675961 54.146053
v 62.713886 55.087132 27.755262
v 59.209797 59.064861 22.780827
v 59.938374 58.696121 15.862186
v 58.882046 62.974606 10.294827
v 61.267044 53.994434 -8.118525
v 60.168098 55.144127 -13.450662
v 63.678394 52.663597 -15.460230
v 61.241844 57.599438 -17.691004
v 59.972240 55.416286 -22.944206
v 61.585442 56.700825 -27.715752
v 62.907810 54.114601 -30.440266
v 62.210632 41.239494 -44.416367
v 61.046669 38.277328 -55.727493
v 62.725513 31.576548 -76.097214
v 64.224258 11.779692 -91.861969
v 65.885735 25.264931 84.224243
v 62.052788 30.577959 81.863731
v 62.023533 51.936039 62.951263
v 64.399612 49.456272 58.774471
v 62.973801 48.872498 47.234810
v 62.207809 50.341164 41.489162
v 64.009071 47.764900 37.710217
v 63.418976 50.150856 35.658257
v 68.488907 50.240578 28.137985
v 62.154228 57.049202 22.024080
v 63.088848 58.490059 13.412693
v 62.562897 59.742191 4.172288
v 63.617802 58.193012 -4.249108
v 65.933823 51.169018 -21.406874
v 63.280621 55.741966 -24.866163
v 61.926010 51.990341 -35.957737
v 62.473644 40.054653 -48.586262
v 69.607704 0.186660 -109.369270
v 67.892937 5.210347 101.730011
v 67.088760 34.770191 77.961884
v 64.444939 37.592216 76.159508
v 65.092148 49.614826 64.813110
v 65.891388 46.791328 52.445431
v 64.121414 48.765690 48.696224
v 66.513237 48.661152 41.741055
v 63.529266 56.476044 24.873545
v 63.713982 55.752415 15.852787
v 72.082687 51.696232 1.303858
v 67.531021 48.131779 -10.372463
v 64.370621 55.068382 -19.085352
v 65.833473 47.973721 -34.758148
v 67.832382 43.292294 -40.698910
v 68.168266 37.850639 -52.189926
v 66.233742 35.782681 -55.695637
v 66.455994 36.610638 -59.084576
v 67.435547 34.864552 -67.191292
v 64.327637 18.273153 90.980637
v 69.072075 40.638969 71.439774
v 69.093369 46.526234 67.243034
v 67.822800 48.374077 56.019081
v 71.230408 45.792778 53.981667
v 69.197525 46.572086 34.201160
v 67.370422 51.083687 20.971167
v 64.720062 59.141495 -1.113827
v 66.506454 50.992016 -7.531154
v 67.257591 47.659958 -13.807134
v 70.614166 47.880898 -17.345901
v 68.710617 46.350647 -33.029533
v 71.571365 37.363800 -45.972546
v 63.529751 40.361286 -50.334095
v 66.991936 32.432865 -72.006973
v 71.031570 2.905712 103.795128
v 76.992935 5.433559 97.677223
v 72.206764 21.593634 85.576836
v 72.298836 37.596729 73.531616
v 68.709053 47.294468 50.709766
v 69.045486 46.292812 37.446785
v 68.751404 47.337288 35.894314
v 68.835899 48.947346 25.238113
v 69.246857 50.027859 22.864981
v 69.846420 47.738308 14.470105
v 69.580513 49.181492 9.702721
v 71.363922 46.398384 5.527164
v 68.959496 49.470116 -6.561031
v 70.212074 51.233124 -24.771404
v 71.478104 48.819065 -28.425440
v 70.980103 47.881069 -30.212254
v 69.622292 35.711086 -62.330101
v 68.654091 29.399256 -75.893608
v 70.409767 25.452515 -79.321869
v 71.410942 15.596550 90.782303
v 71.171249 36.815826 76.099510
v 69.223145 48.503674 64.040894
v 69.395668 47.220150 60.849316
v 70.318512 48.084511 56.974007
v 70.339920 45.613491 46.047054
v 71.617722 47.228329 40.175632
v 72.041649 45.720516 31.202335
v 73.483727 43.508514 26.513332
v 68.438950 50.825508 17.566364
v 71.167870 48.399799 -2.785422
v 70.884941 45.241943 -11.921455
v 71.889130 39.907082 -35.985600
v 73.644173 38.407917 -41.985809
v 75.642792 36.115555 -48.319313
v 73.116653 32.347496 -68.156273
v 77.156693 28.822943 -72.171455
v 83.594841 0.054090 106.151123
v 72.042282 28.781221 80.398804
v 75.229973 43.715431 52.011669
v 71.514656 44.971798 43.244865
v 73.071419 43.406502 36.458900
v 76.041039 41.842384 19.168846
v 74.627983 41.093719 -15.554634
v 75.253006 42.019238 -21.079855
v 80.214455 29.930304 -53.314644
v 76.315605 29.123083 -57.784512
v 80.813164 4.499533 -94.559364
v 77.691513 2.121341 -100.063408
v 73.423096 42.885456 68.280548
v 73.533546 45.829487 57.564243
v 74.526543 43.540325 45.432434
v 75.118690 41.445145 33.667793
v 73.294754 45.174255 28.531536
v 76.379105 39.378006 10.497383
v 77.632233 43.783882 -0.645751
v 77.518188 41.373631 -3.515733
v 75.953857 43.396683 -9.244678
v 76.552643 19.989170 -81.571327
v 78.329102 12.146631 -86.372169
v 80.306099 1.329947 103.038528
v 76.544754 30.122160 77.924683
v 78.057266 38.357990 63.700333
v 78.945045 37.875378 61.285339
v 76.023132 42.398338 59.654118
v 74.243645 45.463055 48.887932
v 75.358070 44.546207 41.449600
v 77.848282 40.024082 15.671630
v 76.436043 42.707630 -24.398779
v 76.232239 39.121559 -33.064384
v 76.864372 35.331158 -38.599266
v 76.733978 35.682217 -43.397179
v 77.587189 23.537682 -76.739960
v 74.738670 43.399151 65.448204
v 79.074005 40.610744 54.735508
v 78.991089 40.725689 38.144424
v 79.299202 36.880394 34.843746
v 79.922722 36.133205 6.511192
v 78.258842 41.870235 2.778586
v 79.312340 41.656078 0.546701
v 79.418442 39.928204 -7.991514
v 84.091209 30.145359 -12.493198
v 80.807953 35.992462 -28.318481
v 80.213936 33.977581 -35.657928
v 79.132858 34.206287 -44.720795
v 81.645012 26.259825 -61.692200
v 86.314323 6.044363 -89.356186
v 85.498451 0.597612 -101.455048
v 80.747139 23.798351 80.013313
v 81.958359 28.565144 73.917183
v 79.068039 36.685257 69.514023
v 77.811752 41.914669 45.848038
v 82.588036 32.386772 28.399773
v 81.104553 35.063915 22.845734
v 79.823166 37.289394 18.717247
v 80.954903 34.775753 13.088317
v 81.423042 36.801590 -3.831052
v 74.405655 32.404900 -63.577759
v 83.575134 11.148282 -84.741379
v 83.108681 16.090437 83.890366
v 86.565056 29.214972 63.856159
v 84.590889 32.810280 57.148636
v 82.145348 37.828918 50.191700
v 79.165009 42.439434 43.213833
v 82.734268 31.252592 -17.953009
v 82.483444 32.523827 -20.772085
v 80.827347 31.312737 -48.031532
v 82.343925 25.292103 -72.809822
v 84.290016 15.168190 -79.887947
v 87.939018 4.252598 93.770920
v 85.980614 9.556177 88.286057
v 81.775261 25.055676 77.037224
v 85.058517 35.050804 46.556591
v 83.630852 36.834915 40.042236
v 83.459991 31.170025 25.724651
v 85.702133 27.654543 9.704856
v 80.387352 30.915861 -39.798321
v 82.980202 25.852249 -64.783966
v 85.982941 23.548838 -69.247139
v 95.201431 0.010614 99.818810
v 91.625343 1.754220 95.442657
v 86.672638 29.215260 60.770241
v 88.066101 29.822248 37.225307
v 85.945198 29.575924 32.886944
v 86.190163 27.586994 18.523308
v 86.879242 27.202713 15.477200
v 85.754112 27.818710 5.821070
v 89.133957 26.552874 0.719113
v 90.823082 25.552998 -2.668450
v 85.130844 32.897343 -6.085632
v 84.017838 34.055397 -23.774174
v 93.240585 18.432396 -32.903709
v 87.364769 25.932766 -36.148819
v 84.884727 28.636980 -45.028702
v 86.610634 26.798416 -46.615345
v 88.258484 21.462389 -58.049740
v 85.746071 2.603994 -95.447975
v 86.530319 27.332645 67.996223
v 89.242569 30.188885 41.439667
v 89.849548 23.394321 29.646082
v 91.201401 22.781467 -9.194857
v 90.727478 20.909695 -43.492809
v 90.806557 9.913087 -79.899086
v 91.830696 2.791835 -90.946823
v 87.840683 19.898190 75.125114
v 91.334084 24.102018 53.844955
v 87.344620 33.019489 48.386978
v 89.757065 28.520721 44.785336
v 92.496948 18.947634 26.588591
v 89.899269 23.365412 -29.716011
v 89.395363 21.650053 -53.220371
v 91.823936 17.762947 -64.994408
v 89.496521 18.648325 -72.412201
v 92.287682 22.536427 33.119030
v 94.117523 18.386127 22.897943
v 90.617691 24.956268 -22.842186
v 94.205246 19.807713 -27.017969
v 94.203308 17.314470 -39.037628
v 93.197929 15.815409 -60.676052
v 94.453789 4.346555 -84.962952
v 97.153816 0.022003 -97.260941
v 95.411629 3.764197 87.285782
v 93.795677 9.726117 80.524292
v 91.508705 22.442020 58.056461
v 98.328934 12.480819 17.633842
v 97.709229 12.453428 10.760560
v 93.449364 17.968027 -14.074923
v 95.679558 0.504785 95.602821
v 94.326126 11.656809 74.936691
v 95.425613 15.814265 62.913868
v 101.034973 12.737906 40.119724
v 98.339508 12.908577 14.465474
v 97.062485 14.320693 -35.924805
v 99.244301 6.914305 -73.957855
v 96.432220 0.774577 -92.573219
v 100.282135 8.891595 66.563721
v 96.301933 18.922308 49.081631
v 100.031433 13.481404 35.322727
v 99.494843 11.378119 4.662728
v 100.422966 11.833755 -3.776117
v 99.576836 11.935127 -10.566246
v 97.848679 14.282451 -30.479591
v 99.011024 12.307348 -46.259403
v 102.608734 7.641808 -49.792694
v 98.244331 10.597210 -63.847115
v 100.561905 7.086824 -68.846458
v 102.330292 0.666561 86.340721
v 100.017036 3.719092 81.105194
v 96.680244 11.723183 71.250542
v 99.414680 11.676167 56.750977
v 100.046341 12.227477 31.347923
v 98.175125 14.950353 -22.454170
v 102.199081 3.069022 -77.124725
v 102.201103 1.255266 -83.330902
v 102.134087 8.817448 23.070570
v 103.275070 7.593613 -13.456946
v 103.318268 7.942838 -19.021336
v 105.216118 4.852115 -55.529434
v 102.838135 5.036956 71.756310
v 104.120079 7.824315 -25.697565
v 107.960030 0.022516 -81.094864
v 101.881798 10.692615 49.236130
v 105.471146 7.171880 41.021442
v 107.356621 4.783806 32.382660
v 105.841286 4.818810 14.043500
v 106.083252 5.274891 -43.475014
v 105.409004 3.560835 -65.225822
v 106.462997 4.333115 54.767647
v 105.441879 5.787650 28.136509
v 104.787460 5.522180 6.083388
v 108.172989 3.596805 -34.444954
v 109.570824 0.478564 -70.958923
v 110.731628 0.014081 75.785057
v 109.341721 0.638135 70.989143
v 106.306244 2.547829 69.794296
v 108.270981 3.426502 -5.381169
v 109.457115 2.819190 -25.108883
v 109.751686 2.210288 25.541849
v 109.320999 2.267801 8.530989
v 109.446869 2.461612 -13.523248
v 110.001854 1.709962 54.053665
v 110.589096 2.258564 39.386047
v 110.182335 2.002369 -43.666088
v 110.086159 1.095371 -60.970219
v 112.205696 0.909948 -3.177440
v 114.578033 0.025950 -56.059639
v 114.272552 0.235776 45.999371
v 113.274300 0.679260 37.811867
v 114.038734 0.268545 13.259442
v 113.971970 0.353687 -18.983614
v 113.358711 0.429414 -43.668678
v 116.527992 0.023881 28.421124
v 116.527031 -0.000237 -116.527031
vn -0.0014 1.0000 0.0006
vn -0.1155 0.9933 0.0040
vn -0.0010 1.0000 -0.0012
vn -0.2569 0.9663 0.0169
vn -0.2710 0.9625 0.0113
vn -0.0487 0.9987 -0.0175
vn -0.0842 0.9963 0.0174
vn -0.3648 0.9305 0.0331
vn -0.5082 0.8608 0.0267
vn -0.5301 0.8479 0.0093
vn -0.5208 0.8534 -0.0204
vn -0.3145 0.9484 -0.0412
vn -0.0779 0.9959 -0.0467
vn -0.0596 0.9971 0.0476
vn -0.3240 0.9406 0.1011
vn -0.4367 0.8994 0.0186
vn -0.4605 0.8873 0.0266
vn -0.4829 0.8752 0.0281
vn -0.7021 0.7068 0.0869
vn -0.6866 0.7270 0.0110
vn -0.7275 0.6859 -0.0141
vn -0.6730 0.7384 -0.0426
vn -0.5850 0.8076 0.0751
vn -0.8021 0.5967 0.0238
vn -0.7649 0.6429 -0.0402
vn -0.6922 0.7159 -0.0913
vn -0.5602 0.8197 -0.1193
vn -0.5260 0.8503 0.0167
vn -0.5576 0.8298 0.0206
vn -0.6874 0.7236 0.0628
vn -0.8074 0.5873 0.0566
vn -0.8106 0.5855 -0.0101
vn -0.4368 0.8883 -0.1420
vn -0.2686 0.9515 -0.1502
vn -0.3393 0.9254 0.1691
vn -0.4906 0.8617 0.1294
vn -0.5592 0.8269 0.0600
vn -0.6159 0.7857 0.0585
vn -0.6132 0.7888 0.0423
vn -0.6633 0.7318 0.1567
vn -0.7874 0.5756 0.2207
vn -0.8395 0.5406 -0.0543
vn -0.8288 0.5531 -0.0847
vn -0.7974 0.5913 -0.1202
vn -0.7049 0.6896 -0.1661
vn -0.5902 0.7747 -0.2268
vn -0.2015 0.9580 0.2042
vn -0.6290 0.7636 0.1456
vn -0.5986 0.8010 0.0085
vn -0.7313 0.6710 0.1225
vn -0.7630 0.6380 0.1037
vn -0.8631 0.5048 -0.0179
vn -0.8468 0.5251 -0.0853
vn -0.7672 0.6210 -0.1604
vn -0.7967 0.5998 -0.0745
vn -0.4804 0.8394 -0.2542
vn -0.5202 0.8105 0.2691
vn -0.6120 0.7817 0.1201
vn -0.6478 0.7539 0.1092
vn -0.8093 0.5608 0.1747
vn -0.8436 0.5219 0.1265
vn -0.8434 0.4865 0.2282
vn -0.7460 0.5925 -0.3040
vn -0.7083 0.6471 -0.2820
vn -0.4689 0.7941 0.3867
vn -0.6109 0.7570 0.2320
vn -0.6224 0.7825 -0.0167
vn -0.6747 0.6818 0.2828
vn -0.7094 0.6857 0.1631
vn -0.8122 0.5783 0.0765
vn -0.8386 0.5379 0.0867
vn -0.8826 0.4692 -0.0283
vn -0.8717 0.4803 -0.0973
vn -0.8447 0.4953 -0.2028
vn -0.8511 0.5205 -0.0687
vn -0.8361 0.5327 -0.1312
vn -0.4334 0.8473 -0.3070
vn -0.3268 0.8923 -0.3113
vn -0.3219 0.8844 0.3379
vn -0.6145 0.7880 0.0370
vn -0.5913 0.7224 0.3584
vn -0.7409 0.6312 0.2295
vn -0.7980 0.4832 0.3602
vn -0.8726 0.4805 -0.0877
vn -0.6034 0.7806 0.1629
vn -0.7637 0.5933 0.2545
vn -0.8052 0.4972 0.3232
vn -0.8870 0.4591 -0.0492
vn -0.8562 0.5039 -0.1140
vn -0.8623 0.4738 -0.1789
vn -0.8064 0.5252 -0.2719
vn -0.6256 0.7106 -0.3220
vn -0.5432 0.6973 -0.4675
vn -0.5735 0.7255 0.3805
vn -0.6455 0.7593 0.0826
vn -0.6141 0.7798 0.1219
vn -0.6001 0.7874 0.1410
vn -0.8510 0.5207 0.0682
vn -0.8296 0.4798 0.2856
vn -0.6932 0.5661 -0.4462
vn -0.3676 0.8247 -0.4299
vn -0.0781 0.9881 -0.1325
vn -0.6087 0.7782 0.1547
vn -0.6070 0.7865 0.1140
vn -0.8678 0.4824 -0.1193
vn -0.6512 0.6019 -0.4622
vn -0.2607 0.8964 -0.3584
vn -0.3740 0.8096 0.4523
vn -0.5996 0.7473 0.2862
vn -0.6052 0.7873 0.1182
vn -0.5833 0.8095 0.0666
vn -0.6655 0.6851 0.2963
vn -0.7821 0.5212 0.3416
vn -0.8847 0.4660 -0.0060
vn -0.8465 0.4929 -0.2013
vn -0.8454 0.5340 0.0048
vn -0.8153 0.5781 0.0338
vn -0.8760 0.4642 -0.1311
vn -0.7388 0.4709 -0.4821
vn -0.5326 0.6046 -0.5923
vn -0.4771 0.7600 -0.4414
vn -0.2254 0.8985 0.3768
vn -0.4076 0.7542 0.5148
vn -0.6002 0.7831 0.1631
vn -0.6206 0.7684 0.1560
vn -0.5957 0.7632 -0.2503
vn -0.6196 0.7065 0.3421
vn -0.7653 0.5344 0.3588
vn -0.8633 0.4791 0.1587
vn -0.8315 0.4581 -0.3141
vn -0.8470 0.4993 -0.1825
vn -0.8824 0.4661 0.0644
vn -0.8100 0.5249 -0.2613
vn -0.8310 0.4862 -0.2703
vn -0.2707 0.8040 0.5294
vn -0.4811 0.7154 0.5067
vn -0.5877 0.8007 -0.1161
vn -0.6049 0.7937 0.0647
vn -0.5273 0.8134 0.2456
vn -0.7016 0.6372 0.3190
vn -0.8399 0.5368 0.0796
vn -0.8670 0.4921 -0.0790
vn -0.8232 0.4631 0.3285
vn -0.6260 0.7765 -0.0718
vn -0.4732 0.7799 0.4097
vn -0.8202 0.5024 -0.2736
vn -0.5918 0.4735 -0.6523
vn -0.5654 0.8010 0.1968
vn -0.5967 0.7944 0.1131
vn -0.5423 0.7127 0.4449
vn -0.6614 0.5580 0.5012
vn -0.7021 0.5193 0.4872
vn -0.7857 0.5379 0.3054
vn -0.8238 0.4799 0.3018
vn -0.8796 0.4734 0.0459
vn -0.7413 0.5662 -0.3605
vn -0.7257 0.6875 0.0261
vn -0.7480 0.4828 -0.4554
vn -0.7687 0.5841 -0.2608
vn -0.6455 0.5548 -0.5249
vn -0.5790 0.5916 -0.5611
vn -0.3497 0.5299 -0.7726
vn -0.1691 0.8796 -0.4446
vn -0.0744 0.9869 0.1429
vn -0.3467 0.7530 0.5593
vn -0.3962 0.6938 0.6014
vn -0.4689 0.7344 0.4907
vn -0.5991 0.7973 0.0738
vn -0.5038 0.8623 -0.0507
vn -0.5013 0.8590 -0.1043
vn -0.4107 0.7982 0.4407
vn -0.7008 0.5234 0.4847
vn -0.7907 0.4947 0.3608
vn -0.8694 0.4829 -0.1047
vn -0.8250 0.5614 0.0648
vn -0.8675 0.4959 0.0385
vn -0.7738 0.6334 -0.0105
vn -0.3647 0.7443 -0.5595
vn -0.2301 0.7943 -0.5622
vn -0.0348 0.9939 -0.1051
vn -0.1509 0.8743 0.4612
vn -0.6242 0.7665 0.1511
vn -0.6193 0.7834 -0.0516
vn -0.4335 0.8765 0.2096
vn -0.6025 0.5309 0.5959
vn -0.8058 0.5198 -0.2838
vn -0.7504 0.4938 -0.4394
vn -0.7219 0.6837 0.1070
vn -0.5572 0.4962 -0.6658
vn -0.5145 0.5421 -0.6644
vn -0.4246 0.6688 -0.6103
vn -0.0244 0.9979 0.0603
vn -0.3870 0.7084 0.5903
vn -0.5978 0.7624 0.2476
vn -0.6174 0.7860 0.0325
vn -0.5799 0.8088 -0.0983
vn -0.3798 0.8229 0.4225
vn -0.4047 0.6009 0.6893
vn -0.5683 0.5668 0.5964
vn -0.7976 0.5914 0.1183
vn -0.8425 0.5371 0.0412
vn -0.8511 0.5226 -0.0493
vn -0.8502 0.5257 0.0287
vn -0.8582 0.4817 0.1774
vn -0.8069 0.4820 0.3415
vn -0.5852 0.8107 -0.0172
vn -0.4296 0.4524 -0.7816
vn -0.4449 0.6700 0.5943
vn -0.5800 0.8131 0.0491
vn -0.6250 0.7768 0.0773
vn -0.4809 0.8556 -0.1915
vn -0.4713 0.8549 -0.2171
vn -0.6526 0.6166 0.4403
vn -0.7556 0.5148 0.4050
vn -0.7155 0.4634 0.5229
vn -0.7757 0.6007 0.1935
vn -0.6843 0.6222 -0.3804
vn -0.6889 0.6402 -0.3400
vn -0.6250 0.6596 -0.4174
vn -0.5968 0.6372 -0.4877
vn -0.4557 0.6016 -0.6561
vn -0.3365 0.6581 -0.6736
vn -0.2646 0.7106 -0.6519
vn -0.0710 0.9355 -0.3461
vn -0.0015 0.9900 -0.1408
vn -0.0595 0.9380 0.3414
vn -0.2986 0.6886 0.6608
vn -0.3545 0.6818 0.6399
vn -0.6072 0.7856 -0.1192
vn -0.4473 0.7897 0.4199
vn -0.6258 0.4753 0.6184
vn -0.7524 0.6291 0.1952
vn -0.6818 0.5552 0.4764
vn -0.6541 0.7124 -0.2543
vn -0.6915 0.6239 -0.3641
vn -0.5803 0.7370 0.3464
vn -0.5177 0.4668 0.7170
vn -0.6325 0.7143 0.2994
vn -0.5137 0.8116 -0.2783
vn -0.4805 0.5222 -0.7046
vn -0.1929 0.7464 0.6369
vn -0.4070 0.6915 0.5968
vn -0.6333 0.7442 0.2123
vn -0.6280 0.7114 0.3155
vn -0.6430 0.7641 -0.0515
vn -0.5428 0.8185 -0.1884
vn -0.4662 0.8697 0.1619
vn -0.6710 0.5219 0.5266
vn -0.7120 0.5584 0.4258
vn -0.7407 0.6558 -0.1459
vn -0.5392 0.5599 -0.6291
vn -0.4676 0.5884 -0.6596
vn -0.6202 0.6598 -0.4243
vn -0.6404 0.6946 -0.3279
vn -0.4753 0.5945 -0.6486
vn -0.4256 0.5875 -0.6882
vn -0.0877 0.8439 -0.5292
vn -0.4527 0.6326 0.6284
vn -0.6284 0.7774 -0.0271
vn -0.5428 0.8243 -0.1610
vn -0.4468 0.7482 0.4904
vn -0.5073 0.4530 0.7331
vn -0.5405 0.4567 0.7066
vn -0.6981 0.6858 0.2056
vn -0.6312 0.6396 0.4388
vn -0.5886 0.7606 0.2740
vn -0.6315 0.7729 0.0615
vn -0.5148 0.6623 -0.5444
vn -0.5664 0.6187 -0.5444
vn -0.3192 0.6778 -0.6624
vn -0.1334 0.6336 -0.7621
vn -0.4077 0.8504 0.3327
vn -0.4971 0.8114 0.3076
vn -0.5760 0.8174 0.0034
vn -0.4649 0.5066 0.7261
vn -0.5325 0.6082 0.5887
vn -0.5409 0.7259 0.4248
vn -0.7463 0.6447 0.1658
vn -0.4966 0.6647 -0.5583
vn -0.3533 0.6502 -0.6726
vn -0.5156 0.6511 -0.5570
vn -0.4808 0.6150 0.6250
vn -0.4335 0.8982 0.0723
vn -0.1732 0.7528 -0.6351
vn -0.4066 0.6635 -0.6280
vn -0.4962 0.4780 -0.7247
vn -0.3041 0.5010 -0.8102
vn -0.2857 0.6561 0.6985
vn -0.4443 0.7743 0.4506
vn -0.7036 0.6423 0.3041
vn -0.4485 0.8256 0.3425
vn -0.5270 0.7131 0.4623
vn -0.5134 0.6796 -0.5241
vn -0.5290 0.7368 -0.4211
vn -0.5366 0.8163 -0.2141
vn -0.5840 0.7957 0.1606
vn -0.2302 0.6982 -0.6779
vn -0.7174 0.6622 -0.2164
vn -0.5605 0.5375 -0.6301
vn -0.4050 0.4555 -0.7928
vn -0.4027 0.5813 -0.7071
vn -0.4257 0.6269 -0.6525
vn -0.2525 0.6281 -0.7360
vn -0.1579 0.6062 0.7795
vn -0.3529 0.6661 0.6571
vn -0.3903 0.6210 0.6797
vn -0.4762 0.8612 0.1775
vn -0.4233 0.6797 0.5991
vn -0.6859 0.7242 -0.0707
vn -0.6820 0.6919 -0.2372
vn -0.6048 0.7950 -0.0475
vn -0.3980 0.5545 0.7308
vn -0.3455 0.4654 0.8149
vn -0.6911 0.5767 0.4356
vn -0.6291 0.7229 0.2858
vn -0.4863 0.8219 0.2966
vn -0.3377 0.7314 0.5924
vn -0.6826 0.6913 0.2369
vn -0.6118 0.7830 -0.1126
vn -0.4442 0.8625 -0.2425
vn -0.5959 0.6378 -0.4879
vn -0.2708 0.9258 -0.2639
vn -0.3851 0.9195 0.0785
vn -0.5071 0.7304 -0.4575
vn -0.3075 0.5990 -0.7394
vn -0.1063 0.7253 -0.6802
vn -0.0828 0.8329 0.5472
vn -0.3321 0.7666 0.5496
vn -0.4448 0.7425 -0.5008
vn -0.4730 0.8790 -0.0607
vn -0.3133 0.5218 0.7934
vn -0.4709 0.7029 0.5331
vn -0.4486 0.6435 0.6202
vn -0.4218 0.7128 -0.5604
vn -0.2638 0.7130 -0.6496
vn -0.6404 0.7273 -0.2469
vn -0.3249 0.6784 -0.6589
vn -0.2981 0.6876 0.6621
vn -0.5755 0.7157 0.3958
vn -0.6550 0.7260 -0.2095
vn -0.5211 0.8455 -0.1165
vn -0.3709 0.8228 0.4307
vn -0.3220 0.5247 0.7880
vn -0.2947 0.4757 0.8288
vn -0.1143 0.3803 0.9177
vn -0.5257 0.7793 0.3410
vn -0.6106 0.7880 0.0788
vn -0.5918 0.8060 0.0109
vn -0.3801 0.6601 0.6479
vn -0.5310 0.7341 -0.4233
vn -0.4158 0.6575 -0.6284
vn -0.5849 0.7464 0.3173
vn -0.3713 0.8856 -0.2792
vn -0.2295 0.9600 -0.1602
vn -0.4642 0.8541 -0.2344
vn -0.3628 0.5675 -0.7391
vn -0.0207 0.9583 -0.2849
vn -0.0976 0.7128 0.6946
vn -0.2225 0.6181 0.7539
vn -0.3782 0.6309 0.6774
vn -0.3432 0.8562 0.3861
vn -0.6422 0.7614 -0.0888
vn -0.6493 0.7224 -0.2380
vn -0.5845 0.7137 0.3860
vn -0.6395 0.7150 0.2827
vn -0.5091 0.8351 0.2081
vn -0.4765 0.8699 0.1274
vn -0.5052 0.8595 -0.0771
vn -0.7155 0.6506 0.2545
vn -0.3303 0.9112 0.2462
vn -0.5766 0.7173 -0.3912
vn -0.4566 0.4599 -0.7616
vn -0.2118 0.4969 -0.8416
vn -0.0020 0.9972 0.0746
vn -0.0115 0.9938 0.1107
vn -0.2897 0.7162 0.6350
vn -0.1876 0.6682 0.7199
vn -0.5340 0.7689 -0.3516
vn -0.4704 0.8446 -0.2559
vn -0.4539 0.8820 0.1266
vn -0.2144 0.5586 0.8012
vn -0.6488 0.6104 0.4543
vn -0.4173 0.7265 -0.5460
vn -0.4434 0.8666 -0.2287
vn -0.2871 0.5883 -0.7560
vn -0.6493 0.7292 -0.2162
vn -0.0950 0.6737 -0.7329
vn -0.2828 0.4468 -0.8488
vn -0.4117 0.5353 -0.7375
vn -0.0171 0.8892 -0.4571
vn -0.2906 0.6796 0.6735
vn -0.3067 0.9168 0.2557
vn -0.4187 0.6847 0.5966
vn -0.5619 0.7693 0.3040
vn -0.5359 0.8442 -0.0115
vn 0.0223 0.7599 0.6497
vn -0.1305 0.5639 0.8155
vn -0.1086 0.4749 0.8733
vn -0.2197 0.8537 -0.4722
vn -0.4408 0.6622 0.6059
vn -0.5782 0.6956 0.4263
vn -0.4333 0.6797 0.5918
vn -0.0804 0.9200 -0.3836
vn -0.2253 0.6874 -0.6905
vn -0.4156 0.8258 0.3813
vn -0.1677 0.6051 -0.7783
vn -0.0270 0.7660 -0.6423
vn -0.0920 0.5540 0.8274
vn -0.1998 0.5400 0.8176
vn -0.3980 0.8149 0.4214
vn -0.4368 0.8201 -0.3695
vn -0.4185 0.9012 -0.1122
vn -0.1479 0.5637 0.8126
vn -0.2003 0.9527 0.2287
vn -0.2876 0.9573 0.0293
vn -0.5917 0.6837 0.4270
vn -0.4410 0.7280 0.5248
vn -0.4466 0.8875 0.1138
vn -0.0280 0.8310 -0.5555
vn -0.1315 0.7938 -0.5938
vn -0.4159 0.8483 0.3277
vn -0.3786 0.8643 -0.3311
vn -0.0575 0.9169 0.3949
vn -0.2523 0.9049 -0.3428
vn -0.1574 0.6493 -0.7441
vn -0.1484 0.4724 -0.8688
vn -0.1605 0.5543 -0.8167
vn -0.1725 0.5860 -0.7918
vn -0.0583 0.6247 0.7787
vn -0.3789 0.8268 0.4158
vn -0.4053 0.7286 0.5522
vn -0.4209 0.8282 -0.3700
vn -0.3549 0.8334 -0.4237
vn -0.4689 0.8812 -0.0605
vn -0.3290 0.9433 0.0432
vn -0.4231 0.5697 0.7046
vn -0.5716 0.8189 0.0514
vn -0.0635 0.6613 -0.7474
vn -0.2575 0.9658 -0.0289
vn -0.2836 0.8770 0.3878
vn -0.0912 0.8934 -0.4400
vn -0.1791 0.6712 -0.7193
vn -0.2900 0.5543 -0.7802
vn -0.0123 0.6448 -0.7643
vn -0.1172 0.6805 0.7233
vn -0.3696 0.5746 0.7303
vn -0.4183 0.8277 -0.3742
vn -0.3628 0.8688 -0.3369
vn 0.2328 0.7718 -0.5917
vn -0.4054 0.9121 -0.0615
vn -0.2072 0.9019 0.3790
vn -0.0423 0.6151 0.7873
vn 0.0522 0.8750 0.4814
vn -0.6523 0.6949 0.3027
vn -0.7161 0.6780 0.1656
vn -0.1522 0.8248 -0.5446
vn -0.0353 0.6734 -0.7384
vn -0.1323 0.6218 -0.7719
vn -0.0363 0.6973 0.7159
vn -0.1637 0.7247 0.6693
vn 0.0490 0.9632 0.2644
vn 0.0732 0.6292 -0.7738
vn -0.1371 0.5749 -0.8067
vn -0.0571 0.5831 -0.8104
vn -0.0078 0.9260 0.3773
vn -0.0184 0.8081 0.5888
vn -0.0657 0.7233 0.6874
vn -0.3277 0.9420 0.0725
vn -0.4192 0.8051 -0.4197
vn 0.0303 0.3880 0.9212
vn 0.3643 0.9072 0.2103
vn -0.3271 0.9414 -0.0825
vn -0.5070 0.5764 0.6408
vn -0.4538 0.6069 0.6525
vn -0.3015 0.9516 0.0595
vn 0.0856 0.8990 -0.4296
vn 0.0421 0.9004 -0.4330
vn -0.2658 0.9560 0.1240
vn -0.3311 0.8383 0.4331
vn -0.1530 0.6200 -0.7695
vn -0.2149 0.9647 0.1523
vn 0.1408 0.7918 -0.5943
vn 0.1225 0.4946 -0.8604
vn -0.0878 0.4318 -0.8977
vn 0.0217 0.5679 -0.8228
vn -0.1360 0.6608 0.7382
vn -0.2769 0.8682 0.4116
vn -0.0510 0.9161 0.3977
vn -0.3169 0.6393 0.7006
vn -0.4007 0.8352 -0.3766
vn -0.2530 0.8529 -0.4566
vn -0.2812 0.8425 -0.4595
vn -0.1511 0.5401 0.8280
vn -0.0590 0.5671 0.8216
vn -0.4905 0.7526 0.4394
vn -0.3151 0.9189 0.2376
vn -0.1054 0.8308 -0.5465
vn -0.0479 0.6873 -0.7248
vn 0.0129 0.9012 -0.4333
vn -0.3049 0.9388 0.1603
vn -0.1929 0.9661 0.1714
vn -0.2492 0.7647 -0.5942
vn -0.3612 0.8588 -0.3633
vn 0.2124 0.7012 -0.6806
vn 0.0208 0.4851 -0.8742
vn -0.0095 0.5943 -0.8042
vn -0.2563 0.8847 0.3894
vn 0.0636 0.6606 0.7480
vn -0.4726 0.8688 0.1478
vn 0.0040 0.7849 -0.6196
vn -0.3171 0.7109 -0.6277
vn 0.2391 0.8044 0.5438
vn 0.2007 0.4830 -0.8523
vn 0.1919 0.7820 -0.5930
vn -0.1091 0.7212 0.6841
vn 0.0276 0.8609 0.5080
vn -0.0777 0.7775 0.6241
vn -0.1021 0.7322 0.6734
vn 0.0109 0.8661 0.4997
vn -0.3807 0.9095 -0.1671
vn -0.3635 0.7527 -0.5490
vn -0.2499 0.9150 -0.3168
vn -0.2787 0.8031 0.5266
vn -0.1704 0.6561 0.7352
vn -0.1918 0.4042 0.8943
vn -0.3080 0.5902 0.7462
vn -0.0851 0.9084 0.4094
vn -0.2572 0.8471 0.4651
vn -0.0702 0.6237 -0.7785
vn -0.2578 0.8503 0.4588
vn -0.0732 0.9261 0.3700
vn 0.1551 0.9872 0.0361
vn 0.0884 0.5724 -0.8152
vn 0.0818 0.4969 -0.8639
vn 0.1197 0.6279 -0.7690
vn 0.0456 0.6066 -0.7937
vn 0.0837 0.5660 -0.8201
vn -0.0039 0.7134 0.7008
vn 0.0016 0.5836 0.8121
vn -0.1094 0.6017 0.7912
vn -0.2591 0.9534 0.1548
vn -0.2123 0.9547 -0.2086
vn -0.1573 0.9502 -0.2689
vn -0.1837 0.9729 -0.1404
vn -0.2748 0.9502 -0.1468
vn -0.2740 0.6496 0.7091
vn -0.1070 0.4437 0.8898
vn -0.2528 0.6378 0.7275
vn -0.3228 0.6951 0.6424
vn -0.2216 0.8631 -0.4538
vn -0.0439 0.8688 -0.4932
vn -0.1240 0.9206 0.3703
vn 0.0492 0.8740 -0.4835
vn -0.1441 0.6442 -0.7511
vn -0.3035 0.8547 -0.4211
vn 0.0524 0.9642 -0.2598
vn 0.3033 0.8187 -0.4876
vn 0.2648 0.4761 -0.8386
vn 0.2848 0.7544 -0.5913
vn 0.1682 0.5599 -0.8113
vn 0.0663 0.6941 -0.7168
vn -0.0601 0.5578 0.8278
vn 0.0336 0.8689 0.4939
vn -0.4148 0.8939 -0.1698
vn -0.1239 0.7330 -0.6688
vn -0.1492 0.7090 -0.6892
vn -0.0384 0.9952 0.0900
vn -0.1500 0.8881 -0.4344
vn -0.3765 0.6915 0.6165
vn 0.0476 0.9986 0.0240
vn 0.0198 0.7122 -0.7017
vn 0.2887 0.9562 -0.0488
vn 0.4478 0.7846 -0.4289
vn -0.0458 0.6627 -0.7475
vn 0.2846 0.7699 -0.5712
vn 0.1592 0.6262 -0.7632
vn 0.0276 0.8494 -0.5271
vn -0.1064 0.6833 0.7223
vn 0.0245 0.6241 0.7810
vn -0.0091 0.8526 0.5225
vn -0.1879 0.6592 0.7281
vn -0.3531 0.9338 -0.0582
vn -0.1793 0.9754 -0.1281
vn -0.3761 0.5464 0.7483
vn 0.2780 0.9342 0.2237
vn 0.2023 0.8893 -0.4101
vn 0.1008 0.6938 -0.7131
vn 0.2508 0.8792 0.4051
vn 0.5564 0.7159 -0.4219
vn 0.2699 0.8657 -0.4215
vn 0.3824 0.8103 -0.4439
vn 0.2639 0.4718 -0.8413
vn 0.4290 0.7631 -0.4833
vn 0.2978 0.7789 -0.5519
vn 0.0131 0.9616 -0.2741
vn 0.0042 0.5334 0.8459
vn -0.0027 0.8752 0.4838
vn 0.0315 0.9278 0.3718
vn -0.1936 0.9378 -0.2883
vn 0.0090 0.9830 -0.1835
vn -0.3431 0.8033 0.4868
vn -0.3440 0.6909 0.6359
vn -0.3465 0.5356 0.7701
vn -0.1561 0.5281 0.8347
vn -0.2225 0.5994 0.7689
vn -0.2649 0.6418 0.7197
vn -0.1112 0.9935 0.0245
vn 0.3592 0.9275 0.1035
vn 0.6465 0.7456 -0.1617
vn 0.4253 0.8656 0.2644
vn -0.2960 0.8467 0.4421
vn -0.3078 0.8761 -0.3711
vn 0.1179 0.4499 -0.8853
vn 0.1279 0.6068 -0.7845
vn -0.0612 0.6992 0.7123
vn 0.0167 0.7786 0.6273
vn -0.0741 0.8008 0.5943
vn 0.0064 0.7696 0.6385
vn -0.0252 0.7634 0.6455
vn 0.0307 0.6612 0.7496
vn -0.1214 0.9648 0.2331
vn -0.1251 0.8808 -0.4567
vn -0.0469 0.9840 -0.1722
vn -0.2985 0.4900 0.8190
vn -0.4695 0.6158 0.6327
vn -0.1328 0.4485 0.8839
vn -0.2066 0.9146 0.3475
vn -0.0853 0.9962 -0.0167
vn 0.2476 0.9596 0.1339
vn 0.3692 0.8705 -0.3255
vn -0.1005 0.7302 -0.6758
vn -0.0378 0.7028 -0.7104
vn 0.3003 0.7722 -0.5599
vn 0.3826 0.8420 -0.3802
vn -0.0946 0.9844 -0.1485
vn -0.0101 0.5824 -0.8129
vn 0.2698 0.8100 -0.5208
vn 0.2736 0.8536 -0.4433
vn 0.2222 0.6403 -0.7352
vn 0.1741 0.6372 -0.7508
vn -0.0306 0.5032 0.8636
vn -0.1022 0.6683 0.7369
vn -0.0230 0.5936 -0.8044
vn -0.0578 0.9745 -0.2168
vn -0.1261 0.9306 -0.3435
vn -0.2322 0.9656 0.1169
vn -0.3105 0.6830 0.6611
vn -0.0235 0.7264 -0.6869
vn 0.2554 0.9585 0.1267
vn 0.4826 0.7556 -0.4428
vn 0.5102 0.7843 0.3530
vn -0.0083 0.5518 -0.8340
vn 0.2024 0.6432 -0.7385
vn 0.1581 0.4331 -0.8874
vn 0.1206 0.6330 -0.7647
vn 0.0623 0.7305 -0.6801
vn -0.0734 0.7710 0.6326
vn -0.0889 0.6941 0.7144
vn -0.1563 0.9571 0.2438
vn -0.0990 0.9924 0.0737
vn -0.0751 0.6202 0.7809
vn 0.1167 0.8787 -0.4629
vn -0.0357 0.8254 -0.5634
vn -0.1740 0.7202 -0.6715
vn -0.0580 0.9735 -0.2212
vn -0.3251 0.9050 -0.2742
vn -0.1894 0.5909 0.7842
vn -0.3014 0.5855 0.7525
vn -0.1692 0.5075 0.8449
vn -0.2182 0.9724 0.0832
vn -0.0993 0.9451 -0.3114
vn -0.4792 0.8703 0.1139
vn -0.0767 0.9415 -0.3282
vn 0.1498 0.4218 -0.8942
vn 0.2882 0.4664 -0.8363
vn 0.3559 0.5984 -0.7178
vn 0.3172 0.8831 -0.3458
vn 0.0959 0.5546 -0.8266
vn 0.1187 0.6132 -0.7809
vn 0.0087 0.6111 0.7915
vn -0.0786 0.8028 0.5910
vn 0.0078 0.6993 0.7147
vn 0.0252 0.8808 0.4728
vn 0.2065 0.7702 0.6034
vn -0.1681 0.4956 0.8521
vn -0.1203 0.6355 0.7626
vn -0.0876 0.5245 0.8469
vn -0.1155 0.5430 0.8318
vn -0.4411 0.8406 0.3145
vn -0.0665 0.5890 -0.8054
vn 0.2777 0.9590 0.0563
vn 0.1729 0.7691 -0.6153
vn 0.3487 0.9318 -0.1013
vn 0.2037 0.8258 0.5259
vn 0.2032 0.9069 -0.3691
vn 0.3148 0.9116 -0.2644
vn 0.3650 0.7211 -0.5888
vn 0.3466 0.6132 -0.7098
vn -0.0374 0.5848 0.8103
vn -0.0371 0.8525 0.5213
vn -0.3253 0.8328 -0.4479
vn -0.2790 0.9046 -0.3223
vn -0.3138 0.8549 0.4132
vn -0.1221 0.4403 0.8895
vn -0.1585 0.9769 -0.1434
vn -0.5806 0.8017 -0.1422
vn -0.5763 0.7038 -0.4154
vn -0.3288 0.6434 -0.6913
vn 0.1607 0.7938 -0.5866
vn 0.2047 0.9472 0.2470
vn 0.2918 0.7097 -0.6413
vn 0.2126 0.5324 -0.8194
vn 0.1567 0.4904 -0.8573
vn 0.3228 0.8827 -0.3416
vn 0.3196 0.5422 -0.7771
vn 0.0028 0.8508 0.5255
vn 0.0070 0.7225 0.6914
vn 0.0131 0.4938 0.8695
vn -0.0243 0.8531 0.5212
vn 0.0626 0.8542 0.5162
vn 0.0130 0.8572 0.5149
vn 0.1462 0.8727 0.4659
vn 0.2378 0.9701 0.0487
vn -0.2992 0.8366 -0.4589
vn -0.0983 0.7472 0.6572
vn -0.1496 0.5716 0.8067
vn -0.4129 0.5041 0.7586
vn -0.5200 0.8040 -0.2886
vn -0.4023 0.9146 -0.0407
vn -0.6268 0.7652 0.1469
vn 0.1175 0.7339 -0.6690
vn 0.4411 0.6142 0.6544
vn 0.3568 0.7913 0.4965
vn 0.1387 0.4993 -0.8553
vn 0.1202 0.8303 0.5441
vn -0.0865 0.4883 0.8684
vn -0.0157 0.6294 0.7769
vn -0.0420 0.6327 0.7732
vn -0.2231 0.6494 0.7269
vn -0.1475 0.6855 0.7130
vn -0.6053 0.7913 0.0868
vn -0.0947 0.5254 -0.8456
vn -0.1555 0.6576 -0.7371
vn -0.0326 0.3596 -0.9325
vn -0.0482 0.9956 0.0808
vn 0.1917 0.6513 -0.7342
vn 0.3894 0.8228 0.4140
vn 0.3057 0.5918 -0.7459
vn 0.3507 0.6515 -0.6728
vn 0.1971 0.5438 -0.8158
vn 0.0201 0.8077 0.5893
vn -0.0307 0.8323 0.5535
vn 0.1407 0.9876 0.0698
vn -0.2166 0.9535 -0.2098
vn -0.3388 0.9398 0.0456
vn -0.3027 0.9506 0.0694
vn -0.0963 0.4764 0.8740
vn -0.6719 0.7184 0.1802
vn -0.5546 0.6095 -0.5665
vn -0.6446 0.7483 -0.1567
vn -0.1779 0.4479 -0.8762
vn 0.1173 0.8414 0.5275
vn 0.3230 0.9305 -0.1727
vn 0.4434 0.5643 -0.6963
vn 0.1459 0.5510 -0.8216
vn 0.3166 0.7239 -0.6130
vn 0.3648 0.6878 -0.6276
vn 0.0326 0.4757 0.8790
vn 0.1770 0.7618 0.6231
vn 0.0701 0.7668 0.6380
vn 0.0663 0.9444 0.3221
vn 0.1131 0.8745 0.4717
vn 0.1307 0.9042 0.4065
vn -0.5710 0.8180 -0.0693
vn -0.3366 0.6806 -0.6508
vn -0.4690 0.8709 0.1467
vn -0.3261 0.8343 -0.4445
vn -0.2485 0.9431 -0.2210
vn -0.0822 0.8315 0.5494
vn 0.0242 0.5717 0.8201
vn -0.0411 0.4472 0.8935
vn -0.0765 0.4592 0.8850
vn -0.3269 0.9040 0.2756
vn -0.3767 0.6931 0.6146
vn -0.4591 0.8756 0.1499
vn 0.0165 0.3735 -0.9275
vn -0.0296 0.9514 0.3066
vn 0.2977 0.9099 -0.2890
vn 0.6065 0.6166 0.5019
vn 0.6575 0.7500 -0.0722
vn 0.1561 0.8212 -0.5489
vn 0.0886 0.6710 -0.7361
vn 0.0258 0.8202 -0.5715
vn 0.0904 0.7022 0.7062
vn 0.0713 0.8750 0.4788
vn 0.0799 0.9290 0.3614
vn -0.4531 0.8309 -0.3230
vn -0.2861 0.5790 0.7635
vn -0.1476 0.4860 0.8614
vn -0.3761 0.8535 0.3608
vn -0.2827 0.6897 -0.6667
vn -0.0146 0.4619 -0.8868
vn 0.0443 0.3655 -0.9298
vn 0.0048 0.6873 -0.7263
vn 0.1797 0.7860 -0.5916
vn 0.3478 0.6154 -0.7073
vn 0.1399 0.5882 -0.7965
vn 0.0758 0.6097 0.7890
vn -0.1257 0.9648 0.2312
vn -0.3771 0.8478 0.3728
vn -0.4079 0.9103 0.0706
vn 0.0286 0.5520 0.8334
vn 0.0995 0.7072 0.7000
vn -0.1986 0.6308 0.7501
vn -0.0362 0.7362 -0.6758
vn 0.2493 0.9213 -0.2983
vn 0.3852 0.7680 -0.5117
vn 0.7276 0.6840 -0.0516
vn 0.6204 0.6777 -0.3947
vn 0.3448 0.5564 -0.7560
vn 0.2077 0.5632 -0.7998
vn 0.2490 0.6414 -0.7257
vn 0.2369 0.6400 -0.7309
vn 0.2384 0.5998 -0.7638
vn 0.1050 0.6464 -0.7557
vn 0.0475 0.7288 -0.6830
vn 0.0178 0.9073 -0.4202
vn 0.1548 0.7361 0.6590
vn 0.0578 0.7754 0.6289
vn 0.0472 0.8323 0.5523
vn -0.1854 0.7939 0.5791
vn -0.3438 0.9371 0.0600
vn -0.3177 0.6575 -0.6832
vn -0.2289 0.8451 0.4832
vn 0.0112 0.7528 0.6581
vn 0.0966 0.6447 0.7583
vn -0.0929 0.9812 0.1692
vn 0.1319 0.5634 -0.8156
vn 0.1871 0.7570 -0.6260
vn 0.1957 0.9774 0.0806
vn 0.1912 0.5592 -0.8067
vn 0.4626 0.8745 -0.1459
vn 0.3065 0.7842 -0.5395
vn 0.3567 0.7855 -0.5057
vn 0.0135 0.9523 0.3047
vn 0.0222 0.5940 0.8042
vn 0.0770 0.4868 0.8701
vn -0.1887 0.6847 0.7040
vn -0.3289 0.8056 0.4929
vn -0.2497 0.7396 -0.6250
vn -0.3504 0.8852 -0.3061
vn -0.1430 0.6173 0.7736
vn -0.0654 0.7156 0.6954
vn -0.0632 0.5689 0.8200
vn -0.0396 0.6524 0.7569
vn -0.3063 0.7400 0.5988
vn -0.4112 0.9085 -0.0741
vn -0.1038 0.3757 -0.9209
vn 0.0637 0.3755 -0.9246
vn 0.2213 0.7340 -0.6420
vn 0.5763 0.8138 0.0754
vn 0.0006 0.9241 0.3822
vn -0.0054 0.7709 0.6369
vn 0.1620 0.7077 0.6877
vn 0.0411 0.7525 0.6573
vn -0.0000 0.7829 0.6221
vn -0.1098 0.7939 0.5981
vn -0.0994 0.8571 0.5055
vn -0.1753 0.9698 0.1698
vn -0.1092 0.7944 -0.5974
vn -0.3689 0.9187 0.1413
vn -0.3975 0.9050 -0.1517
vn -0.1619 0.7216 0.6732
vn -0.0468 0.4165 0.9079
vn 0.0023 0.4311 0.9023
vn 0.2393 0.5357 -0.8098
vn 0.4478 0.8433 -0.2973
vn 0.2543 0.8519 -0.4578
vn 0.6006 0.7075 -0.3725
vn 0.2084 0.6055 -0.7681
vn 0.1206 0.6765 -0.7265
vn 0.1229 0.6677 0.7343
vn 0.0586 0.7921 0.6076
vn 0.0854 0.6488 0.7561
vn -0.0641 0.7418 0.6675
vn -0.0832 0.7951 0.6008
vn -0.1272 0.6857 0.7167
vn -0.3402 0.8390 -0.4247
vn -0.2533 0.6562 -0.7108
vn 0.0060 0.5204 0.8539
vn 0.0095 0.6426 0.7662
vn -0.2012 0.6113 0.7654
vn 0.3219 0.8815 0.3454
vn -0.0204 0.8616 0.5071
vn 0.1854 0.9563 -0.2260
vn 0.2307 0.3557 -0.9057
vn 0.4604 0.8870 0.0360
vn 0.2967 0.6188 -0.7274
vn -0.0227 0.8975 -0.4404
vn 0.0811 0.5744 0.8146
vn -0.2817 0.6261 -0.7271
vn -0.2971 0.7451 -0.5971
vn -0.2071 0.9764 0.0614
vn -0.2767 0.9070 0.3176
vn 0.0019 0.6585 0.7526
vn 0.0696 0.5618 0.8243
vn 0.6301 0.7283 0.2694
vn 0.0216 0.8012 0.5981
vn -0.0016 0.5103 -0.8600
vn 0.2192 0.7804 -0.5856
vn 0.2070 0.9658 -0.1560
vn 0.3635 0.6699 -0.6473
vn 0.2653 0.7705 -0.5797
vn 0.2231 0.5840 -0.7805
vn 0.0313 0.7303 -0.6824
vn -0.1903 0.7974 0.5727
vn -0.0765 0.8534 0.5156
vn -0.2194 0.9718 -0.0861
vn -0.2823 0.9521 -0.1172
vn -0.0064 0.6225 0.7826
vn -0.1640 0.6114 0.7741
vn -0.0814 0.4781 0.8745
vn 0.0158 0.8284 0.5598
vn -0.0060 0.5964 0.8027
vn 0.4318 0.6910 -0.5797
vn 0.1697 0.5789 -0.7975
vn 0.1670 0.4569 -0.8737
vn -0.0364 0.4526 -0.8910
vn 0.3147 0.8224 -0.4739
vn 0.0141 0.7926 -0.6096
vn 0.0727 0.9834 -0.1662
vn 0.2610 0.5870 -0.7663
vn 0.3022 0.7932 -0.5287
vn 0.0862 0.6908 -0.7179
vn 0.0190 0.7559 -0.6544
vn 0.0047 0.9354 -0.3537
vn -0.0015 0.5382 0.8428
vn 0.0499 0.7435 0.6669
vn -0.0050 0.6732 0.7394
vn -0.0677 0.9975 -0.0178
vn -0.0340 0.7571 0.6525
vn 0.0080 0.8121 0.5835
vn -0.2950 0.8203 -0.4899
vn -0.3795 0.7813 -0.4956
vn -0.4114 0.8993 0.1483
vn 0.1042 0.5785 0.8090
vn 0.1282 0.6188 0.7750
vn 0.0963 0.4185 0.9031
vn 0.1293 0.8994 0.4177
vn 0.1720 0.8930 0.4160
vn -0.0933 0.9423 0.3214
vn 0.0964 0.3830 -0.9187
vn 0.1529 0.6594 -0.7360
vn 0.1327 0.6516 -0.7469
vn 0.4222 0.8476 -0.3214
vn 0.3740 0.9140 0.1575
vn 0.3156 0.9063 -0.2812
vn -0.0284 0.8010 -0.5979
vn 0.2213 0.7302 -0.6464
vn 0.1599 0.6526 -0.7406
vn 0.0726 0.5925 -0.8023
vn 0.1398 0.6403 -0.7553
vn 0.0509 0.5517 0.8325
vn 0.1113 0.6915 0.7137
vn 0.0412 0.6757 0.7360
vn -0.1502 0.8140 0.5611
vn -0.0315 0.8537 0.5198
vn -0.3590 0.9324 -0.0426
vn -0.1788 0.6104 -0.7716
vn -0.1842 0.8790 -0.4397
vn 0.0872 0.9826 0.1640
vn 0.1170 0.5343 0.8371
vn 0.1473 0.9639 -0.2216
vn 0.0074 0.4982 0.8670
vn 0.2323 0.5335 -0.8133
vn -0.0391 0.9985 0.0375
vn 0.0636 0.9135 -0.4019
vn 0.1807 0.5204 -0.8346
vn -0.0123 0.6714 0.7410
vn -0.2253 0.9142 0.3370
vn -0.2718 0.9321 0.2396
vn -0.3297 0.8939 -0.3037
vn -0.2101 0.6389 -0.7400
vn -0.1226 0.9082 -0.4003
vn 0.3077 0.5821 0.7526
vn 0.2395 0.9682 -0.0718
vn -0.0706 0.5065 -0.8593
vn 0.1011 0.5918 -0.7997
vn -0.0873 0.6570 0.7489
vn -0.1657 0.9760 0.1412
vn 0.0229 0.9031 0.4289
vn -0.4186 0.7170 -0.5574
vn -0.4203 0.9039 -0.0796
vn 0.2347 0.6860 0.6887
vn 0.0531 0.4875 0.8715
vn 0.0074 0.7625 0.6469
vn 0.0790 0.5789 0.8116
vn -0.1671 0.6958 -0.6985
vn 0.1021 0.9868 -0.1258
vn -0.0557 0.9872 0.1496
vn 0.1302 0.7877 -0.6022
vn 0.0730 0.6893 -0.7208
vn 0.1649 0.8977 -0.4086
vn -0.0154 0.7843 -0.6202
vn -0.0111 0.7328 -0.6804
vn 0.0156 0.8389 -0.5440
vn -0.1114 0.5437 0.8318
vn -0.0987 0.6776 0.7288
vn -0.0940 0.7020 0.7060
vn -0.1161 0.5385 0.8346
vn -0.2246 0.9677 0.1147
vn -0.1054 0.9210 0.3751
vn -0.0738 0.8245 0.5611
vn -0.1018 0.9528 0.2860
vn -0.3485 0.8229 -0.4488
vn 0.0148 0.9806 -0.1955
vn -0.1128 0.5706 0.8135
vn -0.0061 0.8583 0.5132
vn 0.2213 0.7047 0.6741
vn 0.2257 0.9075 0.3542
vn 0.1320 0.9911 -0.0180
vn -0.0511 0.7959 0.6033
vn -0.0137 0.5790 0.8152
vn 0.2776 0.4838 -0.8300
vn 0.1163 0.5224 -0.8447
vn 0.0568 0.5360 -0.8423
vn -0.0743 0.4714 -0.8788
vn -0.0326 0.6120 -0.7902
vn -0.1129 0.5546 -0.8244
vn -0.1658 0.8930 -0.4184
vn 0.0374 0.9879 -0.1507
vn 0.0259 0.9980 0.0582
vn 0.2619 0.6139 -0.7447
vn 0.1085 0.7639 -0.6362
vn 0.0495 0.7936 -0.6065
vn -0.0632 0.6099 -0.7899
vn 0.0371 0.7394 -0.6723
vn -0.1519 0.7731 0.6159
vn -0.1093 0.6832 0.7220
vn -0.1429 0.9096 0.3903
vn 0.0315 0.9973 -0.0669
vn -0.4123 0.9092 -0.0573
vn 0.2725 0.6549 0.7049
vn 0.1034 0.5446 0.8323
vn 0.0688 0.4603 0.8851
vn 0.0061 0.3889 0.9213
vn -0.5206 0.2088 0.8279
vn 0.4376 0.8395 -0.3220
vn 0.0428 0.4933 -0.8688
vn -0.0653 0.9771 -0.2027
vn 0.0395 0.6442 -0.7638
vn -0.0777 0.7699 0.6334
vn -0.1173 0.5876 0.8006
vn 0.0729 0.6455 0.7602
vn 0.0439 0.9528 0.3003
vn -0.3136 0.7432 -0.5911
vn -0.0274 0.9415 0.3359
vn -0.0002 0.7615 0.6482
vn 0.1947 0.9598 0.2021
vn -0.0246 0.6412 -0.7669
vn -0.0212 0.5968 -0.8021
vn -0.0927 0.7864 -0.6107
vn -0.0094 0.8651 -0.5014
vn 0.0132 0.7782 -0.6279
vn 0.1406 0.6817 -0.7180
vn -0.0511 0.6602 -0.7494
vn -0.0741 0.6450 -0.7606
vn -0.0282 0.7373 -0.6750
vn 0.0073 0.9855 -0.1698
vn -0.0205 0.6066 0.7947
vn -0.2493 0.9477 0.1991
vn 0.0069 0.6872 0.7265
vn -0.3183 0.9269 0.1989
vn -0.4097 0.8631 -0.2953
vn -0.1848 0.7294 -0.6587
vn 0.1496 0.8483 0.5080
vn 0.1241 0.9645 0.2330
vn 0.2630 0.7071 0.6564
vn 0.4766 0.7671 -0.4293
vn -0.1192 0.5669 -0.8151
vn -0.1292 0.9350 0.3304
vn 0.0110 0.5884 -0.8085
vn 0.0323 0.6874 -0.7256
vn -0.0022 0.8589 0.5122
vn -0.1344 0.5425 0.8292
vn -0.2530 0.7119 0.6551
vn 0.0206 0.9076 -0.4194
vn 0.0068 0.7294 0.6840
vn -0.0424 0.9018 -0.4300
vn 0.0354 0.5882 0.8079
vn 0.0440 0.3695 0.9282
vn 0.2839 0.6339 0.7194
vn 0.3530 0.5791 0.7349
vn 0.2953 0.6351 -0.7137
vn 0.1265 0.6882 -0.7144
vn 0.1374 0.8123 -0.5669
vn 0.0376 0.8953 -0.4439
vn -0.1965 0.9307 -0.3085
vn -0.0472 0.8685 -0.4934
vn -0.0001 0.7713 -0.6365
vn -0.1502 0.7484 0.6461
vn -0.1212 0.7107 0.6930
vn -0.1936 0.6257 0.7557
vn -0.3107 0.6487 0.6947
vn -0.0289 0.6085 0.7930
vn -0.2034 0.8540 0.4788
vn -0.1990 0.8164 0.5421
vn -0.0174 0.9217 -0.3876
vn -0.0861 0.9784 -0.1881
vn -0.1920 0.8183 -0.5417
vn -0.0218 0.9372 0.3482
vn -0.0562 0.9945 0.0882
vn 0.5341 0.8406 0.0904
vn 0.5672 0.5699 -0.5946
vn 0.4003 0.6477 -0.6482
vn 0.0421 0.5800 -0.8135
vn -0.2149 0.9642 0.1556
vn 0.2620 0.8998 -0.3489
vn -0.0708 0.6735 -0.7358
vn -0.1152 0.7510 -0.6501
vn -0.0273 0.4835 0.8749
vn -0.2865 0.6686 0.6862
vn -0.1167 0.5708 0.8127
vn -0.0378 0.7915 0.6100
vn 0.0865 0.9806 0.1761
vn 0.1837 0.9800 -0.0770
vn 0.1309 0.7088 0.6932
vn -0.1253 0.5705 -0.8117
vn -0.1527 0.8664 -0.4754
vn 0.0682 0.5178 0.8528
vn 0.1110 0.7712 0.6269
vn 0.4454 0.5052 0.7392
vn 0.4907 0.5313 0.6906
vn 0.6233 0.6826 -0.3816
vn 0.2777 0.6551 -0.7026
vn 0.1320 0.6182 -0.7748
vn 0.1218 0.8371 -0.5333
vn 0.1733 0.9764 -0.1289
vn -0.1223 0.6771 -0.7257
vn -0.0610 0.5697 -0.8196
vn -0.0123 0.7402 0.6722
vn -0.2842 0.8238 0.4905
vn -0.4245 0.8603 0.2825
vn 0.2515 0.9554 0.1549
vn -0.1951 0.9350 0.2962
vn -0.0038 0.4299 0.9029
vn 0.3626 0.6511 0.6668
vn 0.5471 0.6824 0.4848
vn 0.5989 0.5613 -0.5712
vn 0.3158 0.6491 -0.6921
vn 0.2805 0.6212 -0.7317
vn 0.0106 0.7435 -0.6686
vn -0.1333 0.7656 -0.6294
vn -0.1627 0.6246 -0.7639
vn -0.0490 0.6343 -0.7715
vn -0.0553 0.6592 0.7499
vn -0.2970 0.9528 0.0625
vn 0.2510 0.6458 0.7210
vn 0.3111 0.9275 0.2074
vn 0.0372 0.8561 0.5155
vn -0.2592 0.7519 -0.6062
vn -0.2221 0.7145 -0.6634
vn 0.0199 0.9903 0.1377
vn 0.5090 0.5403 0.6701
vn 0.5888 0.6668 0.4569
vn 0.6506 0.7508 -0.1140
vn -0.0596 0.5627 -0.8245
vn -0.0076 0.6875 -0.7262
vn 0.0431 0.6945 -0.7182
vn -0.0277 0.5530 0.8327
vn -0.1135 0.6619 0.7409
vn -0.2000 0.5550 0.8074
vn -0.2094 0.6727 0.7097
vn -0.2122 0.6479 0.7316
vn 0.1487 0.9664 0.2098
vn 0.0421 0.9894 0.1389
vn -0.0598 0.8033 0.5926
vn -0.0515 0.9874 -0.1498
vn -0.2312 0.6056 0.7614
vn 0.1538 0.9881 0.0042
vn 0.1634 0.8348 0.5258
vn 0.7250 0.5515 0.4125
vn 0.4211 0.8850 -0.1986
vn 0.2839 0.5664 -0.7737
vn 0.3036 0.7027 -0.6434
vn 0.2425 0.7950 -0.5560
vn 0.1477 0.6286 -0.7635
vn 0.2943 0.6212 -0.7263
vn 0.3808 0.5803 -0.7199
vn 0.1903 0.8818 -0.4316
vn 0.4014 0.8109 -0.4257
vn 0.3070 0.6378 -0.7063
vn 0.4131 0.8538 -0.3168
vn 0.3451 0.9276 -0.1429
vn -0.1723 0.8393 -0.5157
vn -0.0157 0.7184 -0.6954
vn 0.0291 0.7565 -0.6534
vn 0.0231 0.8922 -0.4511
vn 0.0173 0.7683 0.6399
vn -0.2582 0.9210 0.2918
vn -0.0235 0.8629 0.5049
vn 0.3843 0.8927 0.2354
vn -0.1386 0.7890 -0.5985
vn -0.1528 0.5392 -0.8282
vn -0.3756 0.8379 0.3960
vn 0.1609 0.6044 0.7802
vn 0.1748 0.8512 -0.4948
vn -0.1305 0.8361 -0.5329
vn -0.0795 0.6223 -0.7787
vn -0.2605 0.8157 -0.5165
vn -0.1792 0.8522 -0.4917
vn 0.0032 0.9998 -0.0211
vn 0.0004 0.4536 0.8912
vn -0.3200 0.7566 0.5703
vn -0.1727 0.8723 0.4574
vn -0.0929 0.9603 -0.2629
vn 0.1849 0.9598 0.2113
vn 0.1377 0.9670 0.2145
vn 0.1023 0.8316 0.5458
vn -0.2151 0.6976 -0.6834
vn -0.3515 0.9238 -0.1517
vn -0.2103 0.5616 0.8003
vn 0.3419 0.7420 0.5767
vn 0.3546 0.8977 0.2617
vn 0.4714 0.8415 0.2642
vn 0.4854 0.8553 0.1811
vn 0.6339 0.6157 0.4681
vn 0.2947 0.8817 0.3684
vn 0.2886 0.5452 -0.7871
vn 0.3920 0.5495 -0.7378
vn 0.1288 0.9341 -0.3329
vn 0.1350 0.8518 -0.5062
vn -0.0942 0.9834 -0.1554
vn -0.0681 0.9272 -0.3683
vn -0.0140 0.5867 -0.8097
vn -0.0413 0.6446 -0.7634
vn -0.0339 0.5330 0.8455
vn -0.0098 0.5585 0.8294
vn -0.0625 0.5734 0.8169
vn -0.0704 0.7579 0.6486
vn -0.0677 0.8205 0.5676
vn 0.1256 0.9003 0.4167
vn 0.0165 0.9995 0.0266
vn -0.0004 0.9905 -0.1374
vn 0.2020 0.8776 0.4348
vn -0.0878 0.9899 -0.1117
vn -0.1346 0.6656 -0.7341
vn 0.2863 0.8881 0.3596
vn 0.4210 0.8471 0.3243
vn 0.6283 0.5090 0.5884
vn 0.2438 0.8174 -0.5220
vn -0.1458 0.7360 -0.6611
vn 0.3259 0.8551 -0.4032
vn 0.1105 0.9646 -0.2394
vn 0.0992 0.9303 -0.3532
vn 0.0704 0.7782 -0.6240
vn -0.0277 0.9456 -0.3240
vn -0.0205 0.6351 -0.7722
vn -0.0513 0.6250 -0.7789
vn 0.0109 0.7597 -0.6502
vn 0.0084 0.9529 -0.3030
vn -0.1233 0.7668 0.6299
vn -0.0447 0.9159 0.3989
vn 0.1613 0.7063 0.6893
vn -0.0044 0.7880 0.6156
vn -0.1262 0.9683 0.2156
vn 0.2872 0.9301 -0.2289
vn -0.1300 0.8156 -0.5638
vn -0.0876 0.7791 0.6208
vn 0.3893 0.9116 0.1324
vn 0.3471 0.6911 0.6339
vn 0.0105 0.8332 -0.5529
vn 0.0955 0.8189 -0.5660
vn 0.1306 0.6055 -0.7851
vn 0.1733 0.7738 -0.6092
vn 0.2687 0.9602 0.0764
vn 0.3155 0.9482 0.0382
vn 0.1309 0.6486 -0.7498
vn -0.0398 0.7886 -0.6136
vn -0.0017 0.8157 -0.5785
vn 0.0789 0.9251 -0.3714
vn 0.1249 0.9523 -0.2785
vn 0.2477 0.8556 0.4545
vn 0.2792 0.7174 0.6382
vn 0.2865 0.9468 -0.1463
vn 0.1736 0.4798 0.8601
vn 0.3797 0.7707 0.5117
vn 0.3680 0.8606 0.3520
vn 0.1562 0.8087 0.5671
vn 0.3815 0.8539 0.3540
vn 0.3661 0.4088 0.8360
vn -0.0592 0.7504 -0.6583
vn 0.3379 0.6259 -0.7030
vn 0.3298 0.4749 -0.8159
vn 0.2175 0.6943 -0.6860
vn 0.0580 0.9580 -0.2807
vn 0.0182 0.7747 -0.6320
vn -0.0186 0.6946 -0.7192
vn 0.0245 0.9043 0.4262
vn 0.0342 0.7006 0.7127
vn 0.2353 0.9383 0.2533
vn 0.2524 0.9024 -0.3493
vn -0.2710 0.7496 -0.6038
vn -0.4289 0.9020 0.0489
vn -0.2106 0.9742 0.0814
vn 0.3188 0.9459 0.0601
vn 0.5962 0.8011 0.0528
vn 0.3728 0.8166 -0.4407
vn 0.1724 0.6861 -0.7068
vn -0.2501 0.7417 0.6223
vn 0.2590 0.8810 -0.3960
vn 0.1291 0.5402 0.8316
vn 0.1308 0.5790 0.8048
vn -0.0920 0.9739 0.2076
vn 0.0279 0.8174 0.5754
vn 0.1615 0.7494 0.6421
vn 0.3048 0.8210 -0.4827
vn 0.3094 0.8910 -0.3322
vn 0.1979 0.7173 0.6681
vn 0.1497 0.5863 0.7961
vn 0.1604 0.9830 -0.0890
vn 0.3235 0.8819 -0.3428
vn 0.3935 0.8150 0.4253
vn 0.2255 0.9649 -0.1347
vn 0.2533 0.5321 0.8079
vn 0.5228 0.5465 0.6543
vn 0.2262 0.6321 -0.7411
vn 0.0068 0.7634 -0.6459
vn 0.0233 0.9914 0.1285
vn 0.0569 0.8417 0.5370
vn 0.0353 0.5716 0.8198
vn 0.0237 0.7066 0.7073
vn 0.0782 0.9930 -0.0884
vn 0.1894 0.9030 0.3857
vn -0.0091 0.9546 0.2977
vn 0.3782 0.9250 -0.0357
vn -0.2444 0.9224 -0.2991
vn -0.0003 0.9911 0.1332
vn 0.1321 0.6951 0.7067
vn 0.0211 0.9966 -0.0796
vn -0.0325 0.9995 0.0028
vn 0.3639 0.9310 0.0299
vn 0.2307 0.9014 -0.3664
vn 0.1873 0.6106 -0.7695
vn -0.0557 0.8471 -0.5286
vn -0.0177 0.7303 -0.6829
vn -0.0759 0.6250 -0.7769
vn 0.0430 0.5361 0.8431
vn 0.1352 0.5884 0.7972
vn 0.1703 0.5999 0.7818
vn -0.0212 0.9149 0.4031
vn 0.1174 0.9158 -0.3841
vn 0.3008 0.7404 0.6012
vn 0.4390 0.8723 0.2155
vn 0.2287 0.9339 -0.2750
vn -0.2317 0.9720 -0.0383
vn 0.2195 0.5803 0.7843
vn 0.1670 0.7943 0.5841
vn 0.1315 0.9848 0.1135
vn 0.1311 0.9144 0.3831
vn 0.1859 0.8946 0.4064
vn 0.3267 0.6761 0.6604
vn 0.6852 0.7271 -0.0437
vn 0.5517 0.7262 -0.4103
vn 0.2990 0.5607 -0.7721
vn 0.2612 0.5875 -0.7659
vn 0.0869 0.9177 -0.3878
vn -0.0147 0.9501 -0.3115
vn 0.0863 0.6481 -0.7567
vn 0.1863 0.6062 -0.7732
vn 0.4348 0.8374 -0.3311
vn 0.3839 0.9136 -0.1339
vn 0.0990 0.8499 -0.5176
vn 0.0273 0.9330 -0.3589
vn -0.0377 0.6275 -0.7777
vn 0.0235 0.6922 -0.7213
vn 0.2437 0.6216 0.7444
vn 0.2620 0.6225 0.7374
vn 0.0595 0.6185 0.7835
vn -0.0102 0.9955 0.0942
vn 0.0098 0.9028 0.4300
vn 0.1013 0.9314 0.3495
vn 0.0583 0.9829 -0.1747
vn -0.0209 0.9669 -0.2544
vn 0.0402 0.8508 0.5240
vn 0.1974 0.8612 0.4684
vn 0.1254 0.9292 0.3477
vn 0.0198 0.9957 0.0908
vn 0.2011 0.9792 -0.0281
vn 0.4056 0.8920 0.1996
vn 0.5946 0.5969 -0.5386
vn 0.2014 0.7826 -0.5891
vn -0.2666 0.8282 -0.4929
vn 0.1326 0.9746 -0.1803
vn 0.4144 0.9080 0.0617
vn -0.0444 0.6702 -0.7409
vn -0.0576 0.6305 -0.7740
vn -0.0327 0.6897 -0.7234
vn -0.0564 0.9479 -0.3136
vn 0.2434 0.9566 -0.1602
vn -0.2468 0.9487 0.1975
vn 0.0222 0.7575 0.6524
vn 0.0278 0.9996 -0.0054
vn 0.6084 0.7061 0.3623
vn 0.7244 0.6870 -0.0574
vn -0.0961 0.7214 -0.6858
vn 0.5025 0.8608 -0.0806
vn -0.0357 0.5653 -0.8241
vn -0.0605 0.6382 -0.7675
vn 0.0484 0.7995 -0.5988
vn 0.2465 0.5435 0.8024
vn 0.2452 0.7037 0.6669
vn 0.1474 0.6987 0.7001
vn 0.1056 0.9043 0.4137
vn 0.1898 0.9806 -0.0482
vn 0.0019 0.9622 -0.2723
vn -0.1618 0.7924 0.5881
vn -0.0711 0.9156 -0.3957
vn 0.3016 0.7724 0.5589
vn 0.1681 0.9742 0.1505
vn 0.4609 0.8874 0.0103
vn 0.6182 0.7825 -0.0735
vn 0.3154 0.7167 -0.6221
vn 0.3248 0.8382 -0.4381
vn -0.0962 0.8886 -0.4484
vn 0.1714 0.9826 0.0717
vn 0.2933 0.5529 -0.7799
vn 0.2531 0.9372 -0.2398
vn 0.1549 0.6981 -0.6990
vn 0.0124 0.9995 -0.0298
vn -0.0091 0.8122 -0.5833
vn 0.1192 0.7013 -0.7028
vn -0.0114 0.7256 -0.6880
vn 0.3536 0.9283 0.1154
vn 0.0985 0.9425 0.3194
vn 0.3074 0.9180 0.2507
vn 0.2325 0.8698 0.4352
vn 0.2070 0.9397 0.2724
vn -0.2312 0.9513 -0.2038
vn 0.2063 0.7297 0.6519
vn 0.3623 0.8745 0.3225
vn 0.7238 0.6740 -0.1480
vn 0.4306 0.5382 -0.7245
vn 0.2799 0.9549 0.0995
vn 0.0556 0.8493 -0.5249
vn 0.3368 0.7806 -0.5264
vn 0.3745 0.9265 -0.0371
vn -0.0351 0.8719 -0.4884
vn 0.0005 0.7417 -0.6707
vn 0.1156 0.5486 0.8281
vn 0.3049 0.5564 0.7729
vn 0.2154 0.9058 -0.3648
vn 0.3252 0.9376 0.1233
vn 0.2515 0.9557 -0.1530
vn 0.0608 0.9041 0.4229
vn 0.2404 0.8826 0.4041
vn 0.2453 0.9694 -0.0029
vn 0.6633 0.6811 -0.3101
vn 0.6197 0.7592 0.1990
vn 0.5918 0.8059 -0.0169
vn 0.0929 0.9464 -0.3093
vn 0.2318 0.7573 -0.6106
vn 0.2734 0.5579 -0.7836
vn 0.2131 0.9305 -0.2979
vn 0.0841 0.9435 -0.3205
vn 0.0655 0.6541 -0.7535
vn 0.1258 0.6800 0.7224
vn 0.2154 0.5990 0.7713
vn 0.2314 0.6104 0.7575
vn 0.0965 0.6328 0.7683
vn 0.3196 0.8479 0.4230
vn 0.0870 0.7645 0.6387
vn 0.0855 0.8780 -0.4710
vn 0.0805 0.9962 -0.0319
vn 0.0623 0.7256 0.6853
vn 0.3625 0.9320 -0.0051
vn 0.4646 0.8774 -0.1197
vn 0.5967 0.7656 -0.2405
vn 0.2205 0.5964 -0.7718
vn 0.3516 0.9320 -0.0878
vn 0.4195 0.8940 0.1573
vn 0.2476 0.8736 -0.4189
vn 0.0620 0.6581 -0.7503
vn 0.0742 0.9294 -0.3616
vn 0.3986 0.8658 -0.3024
vn 0.3798 0.8740 0.3032
vn 0.4010 0.7741 0.4899
vn 0.4819 0.8665 0.1304
vn 0.2294 0.8937 0.3855
vn 0.1567 0.8858 -0.4369
vn 0.1386 0.8984 0.4167
vn 0.7683 0.6393 0.0331
vn 0.5696 0.7487 -0.3393
vn 0.2370 0.9708 0.0386
vn 0.1043 0.7681 -0.6318
vn 0.4623 0.8834 0.0765
vn 0.2632 0.9522 0.1550
vn 0.2589 0.8102 -0.5258
vn 0.1126 0.6299 -0.7684
vn 0.2416 0.5822 0.7763
vn 0.2810 0.6147 0.7370
vn 0.3848 0.6115 0.6914
vn 0.4233 0.7244 0.5441
vn 0.2502 0.7732 0.5827
vn 0.3310 0.8022 -0.4969
vn 0.4770 0.8341 0.2770
vn 0.0723 0.9312 -0.3573
vn 0.3679 0.9222 0.1191
vn 0.4002 0.7866 0.4703
vn 0.4578 0.8867 0.0645
vn 0.7582 0.6515 -0.0279
vn 0.5294 0.6691 0.5216
vn 0.4039 0.7389 -0.5394
vn 0.5120 0.8561 0.0711
vn 0.2283 0.7289 -0.6455
vn 0.4570 0.8865 0.0720
vn 0.3331 0.7769 -0.5342
vn 0.0639 0.6144 -0.7864
vn 0.1254 0.7397 -0.6612
vn 0.0975 0.8011 0.5905
vn 0.2263 0.6002 0.7671
vn 0.2813 0.5818 0.7632
vn 0.3335 0.6618 0.6714
vn 0.3301 0.9069 0.2619
vn 0.2692 0.8247 0.4974
vn 0.4395 0.6129 0.6566
vn 0.4095 0.9114 -0.0400
vn 0.5500 0.8252 0.1284
vn 0.4910 0.7253 -0.4824
vn 0.5784 0.7712 -0.2658
vn 0.3662 0.6712 0.6445
vn 0.3579 0.6712 -0.6491
vn 0.4595 0.8069 -0.3712
vn 0.3986 0.7431 -0.5376
vn 0.2047 0.6348 -0.7450
vn 0.3035 0.9528 -0.0080
vn 0.5009 0.8418 -0.2010
vn 0.1072 0.6433 -0.7581
vn 0.0710 0.8402 -0.5377
vn 0.1271 0.8830 0.4518
vn 0.2021 0.6359 0.7449
vn 0.2277 0.8463 0.4815
vn 0.3457 0.7518 -0.5615
vn 0.2239 0.9036 0.3653
vn 0.3864 0.8291 0.4041
vn 0.6452 0.7627 0.0449
vn 0.5674 0.8232 0.0198
vn -0.1516 0.9860 -0.0690
vn 0.2858 0.8018 0.5249
vn 0.4430 0.8646 -0.2371
vn 0.6201 0.7568 0.2068
vn 0.4912 0.6750 -0.5506
vn 0.7111 0.6875 -0.1474
vn 0.5774 0.8149 0.0492
vn 0.2825 0.5870 -0.7587
vn 0.4007 0.8765 0.2668
vn 0.2468 0.8828 -0.3997
vn 0.1721 0.6847 0.7083
vn 0.2127 0.6903 -0.6915
vn 0.5606 0.7723 0.2987
vn 0.5186 0.8506 0.0870
vn 0.5475 0.7839 -0.2930
vn 0.4626 0.5837 -0.6673
vn 0.4191 0.8240 -0.3812
vn 0.3915 0.8723 -0.2931
vn 0.2937 0.8839 -0.3639
vn 0.1876 0.6192 -0.7625
vn 0.0010 1.0000 0.0002
vn 0.2450 0.7996 0.5483
vn 0.2743 0.6440 0.7141
vn 0.1676 0.9435 -0.2858
vn 0.5746 0.6383 0.5123
vn 0.3641 0.8898 -0.2752
vn 0.5021 0.8287 0.2471
vn 0.6362 0.7535 0.1662
vn 0.5476 0.6614 -0.5126
vn 0.6974 0.6386 0.3253
vn 0.6275 0.5779 0.5217
vn 0.6979 0.7021 0.1415
vn 0.3876 0.7922 0.4714
vn 0.6400 0.7647 -0.0750
vn 0.5692 0.6429 -0.5126
vn 0.3020 0.7708 -0.5609
vn 0.4136 0.8988 -0.1451
vn 0.1981 0.6999 -0.6862
vn 0.1597 0.6410 -0.7507
vn 0.2385 0.5885 0.7725
vn 0.2211 0.5577 0.8000
vn 0.4641 0.8567 0.2250
vn 0.3214 0.9011 -0.2910
vn 0.2853 0.9543 0.0889
vn 0.4638 0.8850 -0.0405
vn 0.4592 0.8712 0.1735
vn 0.5842 0.7709 0.2539
vn 0.6396 0.7508 0.1652
vn 0.6557 0.7461 -0.1155
vn 0.6881 0.6831 0.2446
vn 0.7107 0.6369 0.2990
vn 0.5091 0.6359 -0.5801
vn 0.6080 0.7924 -0.0504
vn 0.4974 0.7881 0.3626
vn 0.6365 0.7001 -0.3235
vn 0.2450 0.9677 0.0590
vn 0.0322 0.9909 -0.1310
vn 0.2055 0.7532 0.6249
vn 0.1558 0.5487 0.8214
vn 0.1937 0.8176 0.5423
vn 0.2305 0.7365 0.6359
vn 0.0925 0.9287 0.3591
vn 0.1637 0.9740 0.1567
vn 0.3609 0.9326 -0.0110
vn 0.7189 0.6725 0.1759
vn 0.7133 0.6604 0.2345
vn 0.7729 0.6277 0.0928
vn 0.5339 0.7578 -0.3752
vn 0.6495 0.7232 -0.2346
vn 0.6866 0.6481 -0.3295
vn 0.5209 0.6640 -0.5365
vn 0.3686 0.7976 -0.4775
vn 0.4710 0.8489 -0.2398
vn 0.4966 0.8307 0.2517
vn 0.3200 0.8510 -0.4165
vn 0.2547 0.6213 0.7410
vn 0.1623 0.6153 0.7714
vn 0.2926 0.6930 0.6589
vn 0.0774 0.8171 -0.5713
vn 0.3658 0.8542 -0.3694
vn 0.5631 0.8263 0.0134
vn 0.7219 0.6865 -0.0872
vn 0.6740 0.7279 -0.1260
vn 0.5028 0.6311 -0.5907
vn 0.6913 0.7099 0.1345
vn 0.7081 0.6144 0.3479
vn 0.5451 0.5758 -0.6094
vn 0.3499 0.9238 -0.1557
vn 0.2814 0.9541 -0.1024
vn 0.2663 0.8502 -0.4541
vn 0.1791 0.8445 0.5047
vn 0.2652 0.7410 0.6169
vn 0.3004 0.5838 0.7543
vn 0.3632 0.7026 0.6119
vn 0.2816 0.8922 0.3532
vn 0.4212 0.9029 -0.0860
vn 0.5154 0.8454 0.1402
vn 0.7412 0.6531 0.1553
vn 0.7426 0.6687 0.0384
vn 0.7930 0.6066 -0.0565
vn 0.8244 0.5639 0.0490
vn 0.7480 0.5608 0.3551
vn 0.6768 0.6790 -0.2844
vn 0.6422 0.7415 0.1942
vn 0.6888 0.6505 -0.3199
vn 0.5631 0.5930 -0.5755
vn 0.5454 0.8379 0.0236
vn 0.2768 0.7293 -0.6257
vn 0.2789 0.6672 -0.6907
vn 0.3060 0.6270 0.7165
vn 0.3039 0.7159 0.6285
vn 0.5541 0.8256 0.1064
vn 0.5684 0.8225 0.0214
vn 0.4308 0.8949 -0.1166
vn 0.4190 0.8964 -0.1447
vn 0.4340 0.8998 -0.0443
vn 0.6354 0.7099 0.3038
vn 0.7782 0.6209 -0.0944
vn 0.7473 0.6631 -0.0432
vn 0.6928 0.5893 -0.4157
vn 0.5901 0.7323 -0.3399
vn 0.6396 0.6787 -0.3610
vn 0.5620 0.7928 -0.2359
vn 0.4785 0.8539 -0.2045
vn 0.4161 0.8682 -0.2703
vn 0.4319 0.7754 -0.4606
vn 0.0607 0.9900 0.1270
vn 0.2609 0.5182 0.8145
vn 0.4556 0.8505 0.2628
vn 0.4255 0.8594 0.2836
vn 0.5844 0.7513 -0.3068
vn 0.7555 0.6547 0.0220
vn 0.7565 0.6236 0.1968
vn 0.7676 0.5951 0.2379
vn 0.5418 0.7361 -0.4057
vn 0.5332 0.8323 -0.1517
vn 0.2342 0.8243 -0.5155
vn 0.1404 0.8889 -0.4361
vn 0.4687 0.6654 0.5809
vn 0.6296 0.7746 0.0594
vn 0.3946 0.9158 -0.0742
vn 0.7400 0.6656 0.0965
vn 0.7575 0.6421 -0.1176
vn 0.7702 0.6356 -0.0521
vn 0.7309 0.6028 -0.3199
vn 0.6978 0.6704 -0.2523
vn 0.6603 0.6783 -0.3223
vn 0.3778 0.6145 -0.6926
vn 0.2899 0.6176 -0.7311
vn 0.1738 0.9075 0.3823
vn 0.4541 0.5369 0.7110
vn 0.7133 0.6698 -0.2064
vn 0.7095 0.6442 0.2858
vn 0.6600 0.6324 0.4055
vn 0.4793 0.8761 -0.0516
vn 0.4946 0.8670 0.0599
vn 0.7564 0.6431 -0.1193
vn 0.7870 0.6007 0.1407
vn 0.6480 0.6040 -0.4640
vn 0.6760 0.7211 -0.1518
vn 0.5893 0.8041 -0.0781
vn 0.3998 0.6387 -0.6574
vn 0.7064 0.7077 -0.0095
vn 0.7132 0.6831 0.1571
vn 0.5822 0.6674 -0.4644
vn 0.6780 0.6515 -0.3404
vn 0.7640 0.5676 0.3067
vn 0.7134 0.5322 0.4560
vn 0.8127 0.5681 0.1295
vn 0.7509 0.6378 -0.1711
vn 0.7641 0.5968 -0.2450
vn 0.7515 0.5903 -0.2947
vn 0.6981 0.6639 -0.2680
vn 0.6392 0.7686 0.0256
vn 0.6018 0.7869 0.1368
vn 0.3448 0.7770 -0.5267
vn 0.1249 0.9638 -0.2356
vn 0.5159 0.5620 0.6465
vn 0.6571 0.5245 0.5414
vn 0.6739 0.6045 0.4248
vn 0.5837 0.7998 0.1402
vn 0.7679 0.6367 -0.0700
vn 0.7928 0.5996 0.1092
vn 0.8019 0.5955 0.0484
vn 0.7782 0.5908 -0.2129
vn 0.7636 0.6313 -0.1358
vn 0.5625 0.8258 0.0403
vn 0.4215 0.6729 -0.6079
vn 0.4568 0.5637 0.6882
vn 0.7901 0.5977 0.1358
vn 0.7874 0.6012 0.1360
vn 0.7310 0.6698 0.1303
vn 0.6068 0.7891 0.0960
vn 0.7617 0.6389 0.1077
vn 0.6996 0.6018 0.3852
vn 0.6528 0.7109 -0.2616
vn 0.5104 0.7178 -0.4736
vn 0.4812 0.6021 -0.6371
vn 0.3677 0.7612 0.5342
vn 0.4580 0.6824 0.5697
vn 0.6344 0.5524 0.5407
vn 0.7413 0.6710 -0.0150
vn 0.7332 0.6353 -0.2427
vn 0.7827 0.6174 0.0786
vn 0.7959 0.6045 -0.0332
vn 0.7281 0.6784 -0.0984
vn 0.6264 0.7760 0.0736
vn 0.6591 0.7402 -0.1335
vn 0.0412 0.9977 0.0543
vn 0.3075 0.8763 0.3710
vn 0.7996 0.5952 0.0797
vn 0.7288 0.6038 -0.3229
vn 0.7144 0.6434 -0.2751
vn 0.8052 0.5930 0.0040
vn 0.8004 0.5993 -0.0149
vn 0.7907 0.5743 0.2120
vn 0.7775 0.5567 0.2925
vn 0.8148 0.5796 0.0123
vn 0.7887 0.6090 -0.0838
vn 0.7528 0.6317 0.1851
vn 0.7460 0.6612 -0.0796
vn 0.7336 0.6702 -0.1123
vn 0.6793 0.6915 0.2457
vn 0.7240 0.6855 -0.0765
vn 0.6523 0.7245 -0.2228
vn 0.2234 0.8858 -0.4067
vn 0.7630 0.5553 0.3309
vn 0.8110 0.5815 -0.0644
vn 0.7561 0.6068 -0.2450
vn 0.7766 0.5866 -0.2298
vn 0.7261 0.6748 0.1318
vn 0.5267 0.6641 -0.5306
vn 0.3277 0.8696 -0.3693
vn 0.6859 0.5743 0.4469
vn 0.7996 0.5562 0.2264
vn 0.7738 0.6262 0.0957
vn 0.8310 0.5556 0.0263
vn 0.7725 0.6350 -0.0104
vn 0.7407 0.6053 -0.2915
vn 0.6971 0.6901 -0.1943
vn 0.7173 0.6968 0.0025
vn 0.6684 0.6312 -0.3935
vn 0.7353 0.6029 -0.3096
vn 0.7743 0.6289 0.0703
vn 0.7728 0.6114 0.1703
vn 0.7639 0.6224 -0.1707
vn 0.7320 0.6796 -0.0488
vn 0.7061 0.7053 -0.0629
vn 0.4492 0.7921 -0.4132
vn 0.0554 0.9965 -0.0623
vn 0.4732 0.7688 0.4302
vn 0.6186 0.6602 0.4261
vn 0.8154 0.5616 0.1407
vn 0.7555 0.6551 0.0015
vn 0.7494 0.6601 -0.0512
vn 0.7605 0.6476 -0.0473
vn 0.2056 0.9603 0.1885
vn 0.7005 0.6145 0.3628
vn 0.8054 0.5845 0.0988
vn 0.7863 0.6111 -0.0912
vn 0.7544 0.6538 -0.0591
vn 0.7172 0.6959 -0.0373
vn 0.6568 0.6863 -0.3124
vn 0.2298 0.9511 -0.2062
vn 0.7394 0.6586 0.1398
vn 0.8220 0.5601 0.1034
vn 0.7660 0.6292 -0.1321
vn 0.7573 0.6413 0.1231
vn 0.7713 0.6364 0.0117
vn 0.7427 0.6612 -0.1059
vn 0.7287 0.6709 -0.1375
vn 0.7360 0.6751 -0.0500
vn 0.7030 0.7068 -0.0784
vn 0.7131 0.6947 -0.0940
vn 0.7004 0.6877 -0.1910
vn 0.3966 0.8800 0.2614
vn 0.5664 0.7644 0.3080
vn 0.7226 0.6010 0.3415
vn 0.7745 0.6141 0.1519
vn 0.7263 0.6582 -0.1982
vn 0.7870 0.6165 0.0245
vn 0.5285 0.8041 -0.2721
vn 0.3478 0.9071 -0.2371
vn 0.7187 0.6945 -0.0319
vn 0.6935 0.7204 -0.0099
vn 0.7109 0.6995 0.0730
vn 0.6406 0.7648 -0.0691
vn 0.6661 0.6974 0.2645
vn 0.7250 0.6886 0.0133
vn 0.1140 0.9922 -0.0495
vn 0.7896 0.6017 0.1206
vn 0.7539 0.6562 0.0324
vn 0.6924 0.7173 -0.0778
vn 0.6451 0.7637 -0.0239
vn 0.6639 0.7467 -0.0399
vn 0.5905 0.7971 -0.1259
vn 0.6798 0.7266 0.0994
vn 0.6735 0.7333 -0.0930
vn 0.6614 0.7491 0.0372
vn 0.6460 0.7631 -0.0211
vn 0.4129 0.9029 -0.1198
vn 0.0876 0.9956 0.0343
vn 0.3773 0.9216 0.0905
vn 0.5803 0.8003 0.1511
vn 0.6274 0.7787 0.0047
vn 0.5866 0.8099 0.0003
vn 0.5317 0.8464 -0.0281
vn 0.4981 0.8671 0.0001
vn 0.5507 0.8345 0.0171
vn 0.5236 0.8491 0.0700
vn 0.6038 0.7970 0.0155
vn 0.5356 0.8439 -0.0305
vn 0.4278 0.9010 -0.0719
vn 0.4226 0.9063 0.0077
vn 0.1236 0.9923 -0.0095
vn 0.6903 0.7200 0.0713
vn 0.4522 0.8919 -0.0025
vn 0.2430 0.9700 -0.0010
vn 0.3380 0.9411 0.0055
vn 0.3571 0.9339 -0.0155
vn 0.0960 0.9954 0.0008
vn 0.0005 1.0000 -0.0008
vt -2.045476 0.587800
vt -2.065532 3.172471
vt -2.087880 0.177496
vt -2.028220 1.764967
vt -1.935016 -0.778852
vt -2.030135 0.050049
vt -1.989973 -0.976742
vt -1.962138 0.390941
vt -1.991895 1.281402
vt -2.001612 0.690376
vt -1.967246 1.825066
vt -1.932510 -0.366239
vt -1.938328 1.006446
vt -1.934012 0.733986
vt -1.930589 1.286703
vt -1.829553 0.847565
vt -1.854399 1.530977
vt -1.891606 1.876533
vt -1.841522 -0.511844
vt -1.834047 0.376155
vt -1.903550 0.570193
vt -1.770550 0.688029
vt -1.856452 1.223769
vt -1.823528 0.991338
vt -1.850586 2.141352
vt -1.777681 2.384994
vt -1.819762 2.458625
vt -1.742007 -1.420487
vt -1.882281 -1.153646
vt -1.757245 -1.591095
vt -1.793511 -1.122568
vt -1.778416 -0.772927
vt -1.793441 -0.383768
vt -1.918491 -0.111314
vt -1.797974 -0.101377
vt -1.749614 -0.204205
vt -1.893971 0.083627
vt -1.730353 1.403546
vt -1.692266 1.315029
vt -1.686611 -0.848171
vt -1.666570 0.156008
vt -1.703771 0.385169
vt -1.675821 0.952481
vt -1.714085 1.106560
vt -1.658965 1.205499
vt -1.680663 1.645543
vt -1.740797 1.482028
vt -1.725193 2.127138
vt -1.769687 1.860331
vt -1.617784 -1.340857
vt -1.524017 0.463383
vt -1.678786 0.556898
vt -1.456520 0.835002
vt -1.707436 2.301528
vt -1.528399 -1.209749
vt -1.626014 -1.030572
vt -1.630262 -0.517473
vt -1.484855 -0.727913
vt -1.516890 -0.016644
vt -1.757802 0.047441
vt -1.523483 1.097969
vt -1.369506 0.976430
vt -1.482100 1.467583
vt -1.511004 1.562978
vt -1.639920 1.888380
vt -1.477845 1.703109
vt -1.605907 2.031828
vt -1.609941 2.186640
vt -1.507876 -1.635311
vt -1.638995 -1.647024
vt -1.420714 -0.127898
vt -1.457042 -0.105399
vt -1.438819 0.099317
vt -1.321572 0.631845
vt -1.460104 0.694799
vt -1.455526 1.340457
vt -1.395632 1.242224
vt -1.551451 -0.375641
vt -1.535163 0.382761
vt -1.358878 1.044461
vt -1.428016 1.794690
vt -1.562995 2.645940
vt -1.593132 2.430894
vt -2.048258 -2.172471
vt -1.338950 -1.902894
vt -1.269537 -0.794512
vt -1.587790 -0.853261
vt -1.407467 -0.496733
vt -1.335029 0.228377
vt -1.157944 1.093653
vt -1.366537 1.587146
vt -1.381765 2.886103
vt -1.393670 -1.303186
vt -1.311833 -1.043547
vt -1.442580 -0.990209
vt -1.442189 -0.224449
vt -1.293131 0.567495
vt -1.357589 0.758973
vt -1.552245 0.790583
vt -1.190134 1.400852
vt -1.253375 1.935738
vt -1.401256 2.740511
vt -1.403655 2.632556
vt -1.286602 -0.361850
vt -1.300212 0.343426
vt -1.134386 1.193109
vt -1.148580 1.522419
vt -1.317904 2.073475
vt -1.432823 2.335459
vt -1.264418 2.199094
vt -1.358529 2.476655
vt -1.402028 -1.617456
vt -1.523976 -1.464561
vt -1.236880 -1.101239
vt -1.282287 -0.871739
vt -1.300818 -0.433156
vt -1.299181 -0.001394
vt -1.262198 0.109512
vt -1.255557 0.198244
vt -0.980368 0.957909
vt -1.193838 0.898576
vt -1.137586 1.298234
vt -1.082498 1.249673
vt -1.067799 1.352608
vt -1.067414 1.478324
vt -1.155079 1.712620
vt -1.015521 1.630654
vt -1.293913 1.814792
vt -1.013278 3.038199
vt -1.211792 -1.753663
vt -1.324543 -1.790044
vt -1.280514 -1.343070
vt -1.195253 -0.674205
vt -1.236201 -0.744319
vt -1.197284 -0.501338
vt -1.152184 0.485758
vt -0.996899 0.794635
vt -0.989474 0.858266
vt -1.330434 -0.544688
vt -1.144481 -0.619378
vt -1.192047 -0.090124
vt -1.001487 1.012283
vt -1.042640 1.833490
vt -1.042347 -1.129079
vt -1.270591 -1.196930
vt -1.183921 -0.961558
vt -1.233729 -0.204641
vt -1.174617 -0.327183
vt -1.167688 0.091939
vt -1.082410 0.331603
vt -1.146227 0.399570
vt -0.921382 0.689310
vt -1.090908 0.683124
vt -0.969355 1.125542
vt -0.913993 1.253533
vt -0.977913 1.722207
vt -1.002327 1.691775
vt -0.920094 2.225761
vt -1.132869 2.340658
vt -1.199383 2.858356
vt -1.142411 2.772193
vt -1.168292 -1.615986
vt -1.310031 -1.500774
vt -1.091441 -1.280212
vt -1.083864 -0.875052
vt -1.090095 -0.015541
vt -0.968110 0.565535
vt -0.894678 0.726163
vt -1.124427 0.748588
vt -0.864096 1.057965
vt -0.846499 1.182014
vt -0.886381 1.454619
vt -0.858110 1.386606
vt -0.959404 1.576782
vt -0.832816 1.484332
vt -1.189100 2.526611
vt -1.071120 -1.913262
vt -1.085439 -0.806647
vt -1.114942 -0.215289
vt -0.892923 0.172002
vt -1.058576 0.259930
vt -0.979480 0.352553
vt -0.761199 0.970788
vt -1.092115 2.029909
vt -0.971087 1.947481
vt -1.040953 -1.341080
vt -0.958175 -1.017515
vt -1.043977 -0.931761
vt -1.052132 -0.525910
vt -1.083051 -0.448799
vt -1.037925 -0.111323
vt -0.844517 0.521616
vt -1.002366 0.444704
vt -0.806835 0.487659
vt -0.814883 0.861795
vt -0.776572 0.828974
vt -0.803471 0.909370
vt -0.864268 1.296937
vt -0.989746 -0.683678
vt -0.945887 -0.408064
vt -1.009894 -0.375991
vt -0.762141 0.467408
vt -0.793711 0.667467
vt -0.677638 0.741219
vt -0.719966 1.097742
vt -0.748481 1.466004
vt -0.800922 1.670227
vt -0.814604 1.615088
vt -0.887444 2.095575
vt -0.913548 2.381039
vt -0.914908 2.992079
vt -0.373085 3.131799
vt -0.976493 -2.068455
vt -0.799908 -2.040054
vt -0.976112 -1.720648
vt -0.841213 -1.488029
vt -1.075770 -1.467537
vt -0.985482 -0.820815
vt -1.080459 -0.700994
vt -0.901095 -0.598351
vt -0.933699 -0.060709
vt -0.966387 0.000838
vt -0.905678 0.110503
vt -0.874855 0.281346
vt -0.739944 0.767190
vt -0.700297 0.857116
vt -0.663091 0.937658
vt -0.699414 1.061018
vt -0.760240 1.274047
vt -0.811437 1.290090
vt -0.677084 1.416741
vt -0.833926 1.509850
vt -0.750010 1.555590
vt -0.847567 1.754555
vt -0.758241 1.700272
vt -0.825778 1.826104
vt -0.937337 -1.844678
vt -0.879661 -1.316865
vt -0.899386 -0.936206
vt -0.769935 -0.863081
vt -0.952227 -0.456083
vt -0.903436 -0.219393
vt -0.718699 0.410864
vt -0.665385 0.786894
vt -0.704881 1.377774
vt -0.704295 1.622539
vt -0.837600 2.000661
vt -0.831449 2.924109
vt -0.835699 -1.180562
vt -0.941641 -1.239027
vt -0.725391 -1.056028
vt -0.757979 -0.693947
vt -0.848017 -0.508268
vt -0.851949 -0.089582
vt -0.714064 0.527531
vt -0.807301 0.565535
vt -0.670270 0.671915
vt -0.628753 0.746338
vt -0.595503 0.913495
vt -0.669726 1.218829
vt -0.835535 1.208307
vt -0.776443 1.884369
vt -0.971386 2.606681
vt -0.807729 2.469328
vt -0.691671 2.675283
vt -0.754316 -0.991791
vt -0.741015 0.140332
vt -0.616110 0.564259
vt -0.693445 0.634981
vt -0.623724 0.627535
vt -0.659732 0.954886
vt -0.628452 1.079883
vt -0.663002 1.021428
vt -0.577756 1.023122
vt -0.670131 1.143850
vt -0.625621 1.381343
vt -0.683766 1.505070
vt -0.652816 1.434521
vt -0.683192 2.123163
vt -0.737251 0.220075
vt -0.628252 0.457290
vt -0.574283 0.671294
vt -0.555798 0.961624
vt -0.514533 0.924193
vt -0.598674 1.165263
vt -0.621812 1.266470
vt -0.591034 1.407693
vt -0.618174 1.683861
vt -0.579163 1.647241
vt -0.676011 1.793371
vt -0.626837 1.880738
vt -0.726141 2.073505
vt -0.748533 1.994508
vt -0.811083 2.567377
vt -0.731559 -1.802333
vt -0.741354 -1.616097
vt -0.734409 -1.239236
vt -0.630571 -0.924626
vt -0.723303 -0.758073
vt -0.698799 -0.818525
vt -0.723861 -0.587914
vt -0.768636 -0.019279
vt -0.569586 0.544017
vt -0.552536 0.641213
vt -0.528154 0.704976
vt -0.557066 0.770156
vt -0.505002 0.837651
vt -0.632857 0.832806
vt -0.495829 0.892125
vt -0.582665 1.126539
vt -0.584947 1.230999
vt -0.602843 1.484578
vt -0.594557 1.562020
vt -0.555486 1.512493
vt -0.693613 2.307578
vt -0.771134 2.825475
vt -0.693380 -1.979658
vt -0.591812 -1.172823
vt -0.677814 -1.117711
vt -0.624428 -0.463974
vt -0.588074 0.175338
vt -0.527943 0.606957
vt -0.492354 0.783199
vt -0.487278 1.011637
vt -0.470816 0.966177
vt -0.521394 1.599401
vt -0.710942 2.385887
vt -0.628203 -0.844942
vt -0.810480 -0.663802
vt -0.656395 -0.635447
vt -0.613094 -0.209747
vt -0.913328 -0.288555
vt -0.727770 -0.289775
vt -0.802146 -0.145908
vt -0.612318 -0.144801
vt -0.587513 0.074660
vt -0.656848 0.112418
vt -0.442565 0.272694
vt -0.633641 0.333940
vt -0.493263 0.483506
vt -0.464459 0.724722
vt -0.487805 1.321027
vt -0.603651 1.338161
vt -0.496065 1.362223
vt -0.485242 1.484186
vt -0.521152 1.581935
vt -0.525597 1.755306
vt -0.559419 2.037421
vt -0.439186 3.069319
vt -0.623679 -1.275641
vt -0.741709 -1.356598
vt -0.592635 -1.009515
vt -0.546652 -0.762443
vt -0.615175 -0.536160
vt -0.445054 0.433552
vt -0.590961 0.370493
vt -0.406431 0.699096
vt -0.431833 0.864584
vt -0.483781 1.110048
vt -0.448564 1.036174
vt -0.463580 1.141578
vt -0.449497 1.176395
vt -0.476383 1.258951
vt -0.465633 1.536148
vt -0.453558 1.646822
vt -0.545434 1.951271
vt -0.544640 2.155017
vt -0.609198 2.517730
vt -0.461564 -2.130242
vt 0.584923 -2.163969
vt -0.642017 -1.885234
vt -0.595237 -1.506794
vt -0.699534 -1.464227
vt -0.576671 -0.693395
vt -0.633889 -0.398140
vt -0.707260 -0.352815
vt -0.588519 -0.035715
vt -0.360250 0.650572
vt -0.369040 0.900835
vt -0.407534 0.955035
vt -0.466881 1.207157
vt -0.556094 1.453354
vt -0.442456 1.453988
vt -0.498489 1.808766
vt -0.494101 2.362314
vt -0.452810 2.984109
vt -0.480263 2.911643
vt -0.523795 -1.230171
vt -0.514649 -0.806361
vt -0.422042 -0.758204
vt -0.582314 -0.106548
vt -0.458463 0.158403
vt -0.389709 0.362361
vt -0.430514 0.450656
vt -0.498962 0.507413
vt -0.361170 0.538014
vt -0.383506 0.609658
vt -0.380450 0.780045
vt -0.346250 0.931404
vt -0.418793 1.359950
vt -0.423558 1.577344
vt -0.483966 -1.681974
vt -0.662743 -1.597184
vt -0.523389 -1.306290
vt -0.384064 0.424688
vt -0.375519 0.481411
vt -0.380379 0.581211
vt -0.329429 0.765732
vt -0.319415 0.865198
vt -0.363797 1.047441
vt -0.351564 0.979897
vt -0.309879 1.115058
vt -0.372278 1.209744
vt -0.331428 1.295850
vt -0.430471 1.516696
vt -0.403462 1.633971
vt -0.423589 1.659281
vt -0.462754 2.248054
vt -0.462081 -1.844841
vt -0.416804 -0.866798
vt -0.398990 -0.830624
vt -0.441921 -0.673638
vt -0.490552 -0.607255
vt -0.457201 -0.440195
vt -0.474781 -0.481516
vt -0.495079 -0.363877
vt -0.472830 -0.200982
vt -0.245212 0.791644
vt -0.331320 0.828088
vt -0.341349 1.151440
vt -0.320238 1.274462
vt -0.386283 1.489752
vt -0.393092 1.824483
vt -0.419245 -0.939474
vt -0.543472 -0.975193
vt -0.398764 -0.581136
vt -0.520085 -0.256928
vt -0.413269 -0.304241
vt -0.449625 -0.131795
vt -0.416474 0.078670
vt -0.327328 0.533307
vt -0.236266 0.688534
vt -0.275019 0.728685
vt -0.280195 0.968385
vt -0.273386 0.889839
vt -0.353688 1.393984
vt -0.334450 1.448120
vt -0.338834 1.590334
vt -0.308453 1.544820
vt -0.370891 1.794985
vt -0.401739 1.960286
vt -0.367093 1.878925
vt -0.446385 2.128434
vt -0.291554 -2.075167
vt -0.331899 -2.006896
vt -0.305889 -1.215209
vt -0.342193 -0.762949
vt -0.505991 -0.058356
vt -0.313198 0.252236
vt -0.303465 0.442913
vt -0.305426 0.423118
vt -0.268075 0.597454
vt -0.228275 0.648466
vt -0.240419 0.845194
vt -0.280365 1.045159
vt -0.295604 1.071853
vt -0.286328 1.177651
vt -0.318455 1.520237
vt -0.314044 1.708591
vt -0.318981 1.631271
vt -0.366613 2.017162
vt -0.382479 -1.393876
vt -0.517260 -1.395495
vt -0.367548 -1.184996
vt -0.498333 -1.145895
vt -0.272594 -1.109444
vt -0.446693 -1.068659
vt -0.309035 -1.004358
vt -0.357073 -0.701298
vt -0.376999 -0.503098
vt -0.364194 -0.235324
vt -0.337623 -0.064035
vt -0.283497 0.397801
vt -0.238024 0.492369
vt -0.143196 0.759605
vt -0.207353 0.869618
vt -0.231935 1.149293
vt -0.246169 1.109474
vt -0.234081 1.319103
vt -0.262491 1.276181
vt -0.237596 1.489527
vt -0.301285 1.795708
vt -0.341985 2.213352
vt -0.412509 2.258258
vt -0.424386 2.376958
vt -0.443648 2.792672
vt -0.469100 2.584434
vt -0.434176 -1.531190
vt -0.302454 -0.866436
vt -0.418757 -0.617805
vt -0.470259 -0.399975
vt -0.326773 -0.454338
vt -0.316410 0.110557
vt -0.181887 0.699954
vt -0.230505 1.061836
vt -0.209647 1.366239
vt -0.207638 1.463253
vt -0.320630 1.611731
vt -0.277805 1.588631
vt -0.272027 1.851895
vt -0.318629 -1.470869
vt -0.259788 -1.148964
vt -0.254659 -1.072381
vt -0.237363 -0.973127
vt -0.232715 -0.836057
vt -0.335808 -0.184449
vt -0.289841 -0.114878
vt -0.301275 0.021219
vt -0.210348 0.207491
vt -0.197026 0.576262
vt -0.111860 0.671974
vt -0.139928 0.725437
vt -0.195885 0.986273
vt -0.176887 1.199818
vt -0.279227 1.205020
vt -0.186820 1.257248
vt -0.189103 1.285238
vt -0.282804 1.966763
vt -0.262028 2.294224
vt -0.318132 2.584563
vt -0.279145 -1.949717
vt -0.202057 -1.794027
vt -0.274611 -0.724240
vt -0.247635 -0.758156
vt -0.256890 -0.498096
vt -0.245583 -0.349741
vt -0.305504 -0.279914
vt -0.262473 0.097810
vt -0.133909 0.467989
vt -0.093641 0.629511
vt -0.132870 0.829899
vt -0.133902 1.095278
vt -0.157032 1.151904
vt -0.188907 1.310924
vt -0.202204 1.574923
vt -0.169237 1.525312
vt -0.221013 1.650442
vt -0.272982 1.684911
vt -0.146594 1.780614
vt -0.203130 1.801438
vt -0.208500 -1.587841
vt -0.252636 -1.342757
vt -0.240507 -0.923378
vt -0.209555 -0.529363
vt -0.310418 -0.615007
vt -0.177748 -0.632680
vt -0.214084 -0.428875
vt -0.202391 -0.459264
vt -0.127087 0.573906
vt -0.115491 0.691813
vt -0.085757 0.992012
vt -0.213675 1.989095
vt -0.157396 2.037815
vt -0.205138 2.812858
vt -0.151479 -0.917378
vt -0.188308 -0.721006
vt -0.117055 -0.743234
vt -0.241586 -0.670240
vt -0.188119 -0.656266
vt -0.245631 -0.210428
vt -0.189847 0.014770
vt -0.099158 0.755382
vt -0.081278 0.910826
vt -0.097678 0.830449
vt -0.200074 0.932999
vt -0.063954 1.046311
vt -0.146913 1.231423
vt -0.108480 1.189193
vt -0.107938 1.264194
vt -0.161629 1.599497
vt -0.139076 1.701544
vt -0.078369 1.854356
vt -0.147093 1.900915
vt -0.193975 2.459675
vt -0.344462 2.461363
vt 0.116248 3.067488
vt -0.144031 -1.759900
vt -0.147690 -1.198911
vt -0.192635 -1.241509
vt -0.142410 -0.857257
vt -0.144793 -0.482790
vt -0.169368 -0.279926
vt -0.195869 -0.112201
vt -0.060068 0.489918
vt -0.058609 0.663781
vt 0.007577 1.150754
vt -0.077242 1.312698
vt -0.159264 1.341223
vt -0.080197 1.391721
vt -0.155381 1.410643
vt -0.128682 1.664011
vt -0.166916 2.637015
vt -0.030869 -1.449517
vt -0.170919 -1.094589
vt -0.121171 -1.132044
vt -0.193424 -1.022912
vt -0.113447 -0.974243
vt -0.138696 -0.809651
vt -0.135445 -0.659736
vt -0.092931 -0.719622
vt -0.124165 0.132534
vt -0.092200 0.180637
vt -0.079924 0.303954
vt -0.171422 0.359695
vt -0.070559 0.427585
vt -0.006111 0.617968
vt -0.017667 0.762051
vt -0.001967 0.726171
vt -0.033116 0.842259
vt 0.006009 0.970743
vt 0.014037 1.119794
vt -0.049640 1.240595
vt -0.049902 1.467682
vt -0.119270 1.411437
vt -0.113464 1.496490
vt -0.105607 1.617595
vt -0.108513 1.933514
vt -0.123879 2.009602
vt -0.097586 2.407521
vt -0.283194 2.356991
vt -0.105317 -1.353877
vt -0.114874 -0.350129
vt -0.099654 -0.230474
vt -0.140721 -0.146796
vt 0.028462 0.576838
vt -0.069577 0.557440
vt -0.001541 0.908260
vt -0.024972 1.181835
vt 0.000233 1.318362
vt 0.027491 1.375703
vt -0.104475 1.571063
vt -0.021205 1.567732
vt -0.047390 2.242439
vt -0.119826 2.154033
vt -0.045296 -1.234854
vt -0.055873 -1.049663
vt -0.078391 -0.844588
vt -0.039544 -0.875708
vt -0.003484 -0.798595
vt 0.011073 -0.623568
vt -0.102458 -0.582071
vt -0.052116 -0.518131
vt -0.075056 -0.452472
vt -0.088244 -0.412450
vt -0.037838 0.038122
vt -0.036952 0.155325
vt -0.008203 0.844969
vt 0.034103 0.775735
vt 0.065118 1.089245
vt 0.047058 1.221396
vt -0.002631 1.715164
vt 0.027519 1.836570
vt -0.035636 1.919502
vt 0.066496 2.416017
vt 0.112986 -1.844046
vt -0.002728 -0.885961
vt 0.008528 -0.755064
vt -0.030100 -0.303370
vt -0.024179 -0.062005
vt -0.106234 -0.067845
vt -0.010354 0.110658
vt 0.100889 0.475924
vt 0.011068 0.677453
vt 0.069419 0.716927
vt 0.037549 1.031423
vt 0.054366 1.251537
vt -0.012807 1.443352
vt 0.026345 1.502314
vt -0.047243 1.645222
vt 0.044863 1.908463
vt 0.024279 1.967408
vt 0.058636 2.798333
vt -0.123122 2.943041
vt 0.257701 -2.068761
vt 0.063541 -1.477243
vt -0.106058 -1.481952
vt 0.066903 -1.160759
vt 0.012214 -0.543966
vt -0.034515 -0.357020
vt -0.024116 -0.171434
vt 0.068818 0.655355
vt 0.085682 0.908369
vt 0.134780 0.829949
vt 0.110872 1.142709
vt 0.057853 1.331609
vt 0.071554 1.362243
vt 0.037332 1.481316
vt 0.043410 1.637972
vt 0.034685 1.848860
vt 0.021012 2.103389
vt 0.401547 -2.019485
vt 0.321839 -1.944247
vt 0.098554 -1.316469
vt -0.027664 -1.323846
vt 0.050587 -1.037023
vt 0.012278 -0.982615
vt 0.048154 -0.814042
vt 0.106554 -0.658494
vt -0.067884 -0.693322
vt 0.036042 -0.431419
vt 0.031316 -0.127866
vt 0.049195 0.201685
vt 0.011143 0.278457
vt 0.152848 0.520596
vt 0.135945 0.577663
vt 0.041188 0.602954
vt 0.104515 0.678984
vt 0.093948 0.603962
vt 0.145909 0.960072
vt 0.134441 1.257082
vt 0.104278 1.441694
vt -0.008137 2.625406
vt 0.136137 -1.759433
vt 0.130561 -0.524130
vt 0.047411 -0.224588
vt 0.078261 -0.037148
vt 0.077835 0.107914
vt 0.135624 0.683741
vt 0.182579 0.905876
vt 0.155590 1.097180
vt 0.158782 1.233343
vt 0.135674 1.343127
vt 0.125159 1.428511
vt 0.123763 2.110681
vt -0.009494 2.016647
vt 0.128972 2.249183
vt 0.124088 -1.361134
vt 0.102808 -1.071900
vt 0.122333 -0.855179
vt 0.071533 -0.912389
vt 0.083136 -0.618008
vt 0.180505 0.380297
vt 0.016731 0.405792
vt 0.091206 0.285213
vt 0.174345 0.652801
vt 0.169656 0.608921
vt 0.099219 0.802040
vt 0.247380 0.782997
vt 0.247521 0.827201
vt 0.229563 1.208924
vt 0.106885 1.164279
vt 0.170321 1.380625
vt 0.104124 1.549754
vt 0.119447 1.596238
vt 0.035255 1.549363
vt 0.138173 1.818396
vt 0.138865 1.946519
vt 0.132568 2.060537
vt 0.184447 -1.623870
vt -0.052647 -1.612879
vt 0.147696 -0.978082
vt 0.169759 -0.761862
vt 0.168559 -0.804923
vt 0.142635 -0.664172
vt 0.105543 -0.378364
vt 0.115028 -0.407791
vt 0.162108 -0.253138
vt 0.141124 -0.329110
vt 0.098557 -0.204865
vt 0.214441 0.221956
vt 0.123659 0.248268
vt 0.201822 0.573030
vt 0.203530 0.614334
vt 0.234185 0.710202
vt 0.174004 0.740456
vt 0.259865 0.745754
vt 0.235918 1.016321
vt 0.204170 1.172774
vt 0.097002 1.519535
vt 0.153876 1.503377
vt 0.168291 1.863653
vt 0.181332 2.598975
vt 0.072254 2.507998
vt 0.343590 2.880513
vt 0.214601 -1.023862
vt 0.206480 -0.886298
vt 0.218085 -0.507088
vt 0.137837 -0.144110
vt 0.168177 0.112680
vt 0.176147 0.330578
vt 0.221258 0.434557
vt 0.246881 0.679561
vt 0.265032 0.797940
vt 0.239426 0.922929
vt 0.220904 1.146073
vt 0.241977 1.093020
vt 0.224313 1.365441
vt 0.230566 2.358744
vt 0.084482 2.360361
vt 0.205860 -1.155546
vt 0.242771 -0.319919
vt 0.205579 0.054479
vt 0.102471 0.028791
vt 0.162665 -0.060442
vt 0.237747 0.309681
vt 0.259121 0.943630
vt 0.235321 1.234198
vt 0.272321 1.474969
vt 0.225378 1.551932
vt 0.209585 1.581556
vt 0.171188 1.633813
vt 0.261314 1.707488
vt 0.285543 1.813768
vt 0.277691 2.001509
vt 0.328354 2.717557
vt 0.454534 2.960903
vt 0.189022 -1.439832
vt 0.290170 -1.530788
vt 0.268271 -1.354101
vt 0.145457 -1.252124
vt 0.274377 -1.233512
vt 0.287800 -1.054646
vt 0.291312 -0.958016
vt 0.240986 -0.652792
vt 0.234785 -0.587163
vt 0.278879 -0.533525
vt 0.221394 -0.411620
vt 0.277563 0.606357
vt 0.294411 0.558663
vt 0.270608 0.642926
vt 0.321976 0.971710
vt 0.312930 1.159127
vt 0.292792 1.182905
vt 0.308056 1.314904
vt 0.298159 1.504120
vt 0.297604 1.909531
vt 1.083894 -2.112342
vt 0.385500 -1.804664
vt 0.353440 -1.657616
vt 0.340459 -0.689900
vt 0.228632 -0.727990
vt 0.318034 -0.582438
vt 0.259856 -0.191783
vt 0.233963 -0.247176
vt 0.236819 -0.137312
vt 0.271471 -0.075952
vt 0.319092 0.354379
vt 0.265988 0.538179
vt 0.287514 0.727401
vt 0.299011 0.798889
vt 0.313522 0.766254
vt 0.294786 0.870938
vt 0.327400 1.370038
vt 0.232917 1.421837
vt 0.301459 1.547938
vt 0.319115 -1.365118
vt 0.335405 -1.119776
vt 0.297009 -0.858607
vt 0.330178 -0.890304
vt 0.337275 -0.776307
vt 0.332227 -0.362896
vt 0.328077 -0.298425
vt 0.309541 0.235134
vt 0.273716 0.080674
vt 0.334422 0.444429
vt 0.324308 0.676175
vt 0.338596 0.932459
vt 0.313209 1.244458
vt 0.342728 1.213642
vt 0.328953 1.424870
vt 0.341864 1.610577
vt 0.352765 2.528982
vt 0.254325 2.564928
vt 0.379402 -1.170726
vt 0.366249 -1.027972
vt 0.375816 -0.825648
vt 0.412199 -0.633868
vt 0.329788 -0.406124
vt 0.325766 -0.230266
vt 0.285131 0.028834
vt 0.356219 0.535359
vt 0.327641 0.626741
vt 0.342809 0.589557
vt 0.326639 0.766105
vt 0.352433 0.868137
vt 0.391074 2.329873
vt 0.366959 -1.284564
vt 0.284106 -0.506013
vt 0.371505 -0.457940
vt 0.379267 -0.279207
vt 0.346968 -0.117953
vt 0.415680 0.013896
vt 0.382370 0.315724
vt 0.434141 1.131924
vt 0.410145 1.381285
vt 0.370625 1.543967
vt 0.355686 1.725738
vt 0.428766 1.907076
vt 0.299900 1.869177
vt 0.420647 2.051613
vt 0.320616 2.110100
vt 0.364699 2.092568
vt 0.430339 2.183972
vt 0.311259 2.215501
vt 0.437779 -1.403275
vt 0.419830 -1.483436
vt 0.459284 -1.108894
vt 0.432336 -0.938206
vt 0.447301 -0.724577
vt 0.444180 -0.527161
vt 0.357278 -0.190215
vt 0.369953 -0.152205
vt 0.408721 -0.078410
vt 0.364166 0.096951
vt 0.434701 0.194722
vt 0.361201 0.579556
vt 0.371127 0.694478
vt 0.351038 0.742943
vt 0.454943 1.101003
vt 0.455234 1.196613
vt 0.401878 1.169788
vt 0.462203 1.369550
vt 0.461168 1.508848
vt 0.458330 1.817150
vt 0.445520 1.958028
vt 0.616967 2.984005
vt 0.472484 -1.338456
vt 0.456747 -0.787555
vt 0.462922 -0.665478
vt 0.478734 -0.563357
vt 0.454875 -0.404178
vt 0.440435 -0.347559
vt 0.441710 0.281361
vt 0.333767 0.502328
vt 0.438879 0.495806
vt 0.415706 0.630908
vt 0.334666 0.651586
vt 0.364107 0.771147
vt 0.386428 0.736581
vt 0.452424 0.885896
vt 0.447741 0.985343
vt 0.445523 1.018896
vt 0.474674 1.277213
vt 0.463312 1.244768
vt 0.464292 1.302797
vt 0.506860 1.436770
vt 0.466425 1.604470
vt 0.500118 1.858104
vt 0.524247 2.138044
vt 0.512599 2.285905
vt 0.509361 -1.541393
vt 0.504698 -1.176127
vt 0.510380 -0.942548
vt 0.493019 -0.865678
vt 0.458617 -0.314140
vt 0.478101 -0.184618
vt 0.431616 -0.221836
vt 0.446672 -0.119503
vt 0.429473 0.415744
vt 0.420932 0.595957
vt 0.412308 0.768015
vt 0.443782 0.953043
vt 0.484292 1.542815
vt 0.556428 1.749541
vt 0.570544 2.794911
vt 0.457691 2.605819
vt 0.633294 2.616046
vt 0.524027 -0.796382
vt 0.529394 -0.456142
vt 0.533064 -0.257137
vt 0.520016 -0.152000
vt 0.525423 0.090245
vt 0.409431 0.567889
vt 0.456475 0.718898
vt 0.441575 0.738064
vt 0.509748 1.209136
vt 0.588736 1.924866
vt 0.495658 2.476603
vt 0.587288 -0.674993
vt 0.537850 -0.643110
vt 0.525944 -0.359712
vt 0.558221 -0.409962
vt 0.510989 -0.072890
vt 0.422335 0.366461
vt 0.518836 0.435403
vt 0.530530 1.096507
vt 0.531973 1.272555
vt 0.564506 1.327077
vt 0.564649 1.580651
vt 0.607975 1.816551
vt 0.634743 2.500357
vt 0.863994 2.855196
vt 0.669163 -1.397709
vt 0.620824 -1.298225
vt 0.617531 -1.194982
vt 0.579922 -1.037881
vt 0.598996 -0.867190
vt 0.506441 -0.759948
vt 0.581978 -0.499989
vt 0.449622 -0.484073
vt 0.584195 -0.310344
vt 0.557661 -0.110668
vt 0.526634 0.220580
vt 0.497655 0.276249
vt 0.530764 0.294981
vt 0.558385 0.396978
vt 0.517415 0.562326
vt 0.488325 0.633041
vt 0.509505 0.590355
vt 0.430596 0.656837
vt 0.494621 0.674171
vt 0.526179 0.836993
vt 0.536570 0.945774
vt 0.551669 0.893401
vt 0.559745 1.058802
vt 0.575429 1.191375
vt 0.591031 1.361304
vt 0.597272 1.483385
vt 0.586302 1.518728
vt 0.630258 1.677587
vt 0.484620 1.656464
vt 0.607947 2.102891
vt 0.617476 2.436389
vt 0.666979 -1.879924
vt 0.562673 -1.696678
vt 0.668660 -0.960486
vt 0.581524 -0.931968
vt 0.641541 -0.743797
vt 0.612983 -0.528075
vt 0.663483 -0.427529
vt 0.570017 0.051394
vt 0.565194 -0.057245
vt 0.567521 0.089323
vt 0.619326 0.185722
vt 0.588027 0.337764
vt 0.536699 0.742994
vt 0.500364 0.767017
vt 0.565279 1.006572
vt 0.606047 1.271959
vt 0.639563 -1.562662
vt 0.612805 -1.476292
vt 0.681065 -1.117244
vt 0.620140 -0.774392
vt 0.669555 -0.641378
vt 0.699978 -0.188318
vt 0.595675 0.268665
vt 0.569679 0.653783
vt 0.547241 0.708205
vt 0.633593 1.089742
vt 0.670590 1.470209
vt 0.707560 1.393432
vt 0.696959 1.595711
vt 0.652719 1.658073
vt 0.772014 2.437503
vt 0.711245 2.358254
vt 1.448617 3.074415
vt 0.708007 -0.876501
vt 0.670797 -0.565629
vt 0.658016 -0.371392
vt 0.658255 -0.146685
vt 0.640076 -0.057653
vt 0.615611 0.303324
vt 0.582212 0.587219
vt 0.562110 0.759512
vt 0.655574 1.325420
vt 0.695966 1.893175
vt 0.656002 1.973450
vt 0.793181 2.524117
vt 0.959410 -2.037866
vt 0.502308 -1.971002
vt 0.620930 -0.836073
vt 0.771494 -0.678550
vt 0.719677 -0.497187
vt 0.693681 -0.440860
vt 0.650311 -0.092248
vt 0.658671 0.091065
vt 0.699000 -0.027974
vt 0.562080 0.559442
vt 0.694328 0.402806
vt 0.611318 0.816813
vt 0.647378 0.963057
vt 0.672852 0.991133
vt 0.726334 1.250062
vt 0.640304 1.131993
vt 0.692827 1.536906
vt 0.821361 2.031605
vt 0.618169 2.036155
vt 0.769933 2.106423
vt 0.734042 2.157647
vt 0.913714 2.762533
vt 0.776464 -1.505302
vt 0.784561 -1.371172
vt 0.818110 -1.315546
vt 0.771261 -1.231789
vt 0.735026 -0.966990
vt 0.747112 -0.820656
vt 0.730459 -0.417847
vt 0.753284 -0.318851
vt 0.687626 -0.368079
vt 0.678368 0.277203
vt 0.683307 0.232939
vt 0.617150 0.683241
vt 0.624621 0.748132
vt 0.667065 0.853713
vt 0.697939 1.044986
vt 0.719770 1.298821
vt 0.754135 1.344659
vt 0.654673 1.761802
vt 0.803836 1.963473
vt 0.846335 -1.718753
vt 0.856994 -1.136698
vt 0.810870 -1.116902
vt 0.817924 -1.040569
vt 0.823228 -0.895397
vt 0.637403 -0.709638
vt 0.788276 -0.716079
vt 0.785972 -0.589734
vt 0.756124 -0.637151
vt 0.760221 -0.442414
vt 0.728775 -0.075634
vt 0.718638 0.368390
vt 0.635115 0.569346
vt 0.641589 0.633431
vt 0.798038 1.470909
vt 0.771257 1.441678
vt 0.820069 1.775920
vt 0.812013 2.252807
vt 0.885167 2.169971
vt 0.910103 -1.958957
vt 0.841885 -1.192371
vt 0.826220 -0.303233
vt 0.728079 -0.053871
vt 0.656264 0.311213
vt 0.762778 0.476625
vt 0.737896 0.464512
vt 0.711283 0.784548
vt 0.653235 0.813295
vt 0.739309 0.960304
vt 0.766995 1.025379
vt 0.720501 1.127361
vt 0.748443 1.728477
vt 0.844412 1.713997
vt 0.863623 1.876784
vt 0.851878 2.332659
vt 0.973951 2.637566
vt 0.806413 2.633610
vt 0.888113 -0.921654
vt 0.867294 -0.776017
vt 0.811358 -0.777003
vt 0.792398 -0.502220
vt 0.838192 -0.383870
vt 0.797347 -0.340174
vt 0.772799 -0.168924
vt 0.786336 -0.196633
vt 0.731222 -0.105854
vt 0.758027 0.301229
vt 0.754450 0.679835
vt 0.904985 2.083366
vt 0.941336 2.468010
vt 0.929188 -1.491003
vt 0.789938 -1.449319
vt 0.912690 -1.382627
vt 0.998048 -1.181030
vt 0.877999 -0.597379
vt 0.917243 -0.630587
vt 0.813661 0.001639
vt 0.819231 0.232164
vt 0.792003 0.338721
vt 0.805476 0.367192
vt 0.744944 0.696445
vt 0.746695 0.732926
vt 0.769982 0.821299
vt 0.778493 0.794505
vt 0.796258 0.879077
vt 0.893378 1.099378
vt 0.819089 1.185426
vt 0.860649 1.345416
vt 0.887778 1.438038
vt 0.897860 1.500976
vt 0.808731 1.611721
vt 0.963024 2.356910
vt 0.871843 -1.781280
vt 0.920305 -1.264496
vt 0.901226 -1.018850
vt 0.914012 -0.863475
vt 0.799733 -0.853882
vt 0.856562 -0.731535
vt 0.896851 -0.440117
vt 0.870354 -0.147394
vt 0.853452 -0.272402
vt 0.895345 -0.033330
vt 0.810928 0.604546
vt 0.897431 1.252956
vt 0.968194 1.835503
vt 0.932461 1.734963
vt 0.952732 2.041868
vt 0.932789 1.962507
vt 1.993583 3.115263
vt 1.054353 -1.613308
vt 0.947956 -1.126208
vt 0.909021 -0.711467
vt 0.915218 -0.811391
vt 0.953033 -0.791119
vt 0.910967 -0.478237
vt 0.905835 -0.343542
vt 0.865235 -0.100768
vt 0.880461 -0.069416
vt 0.821281 0.301428
vt 0.838441 0.255085
vt 0.815322 0.427998
vt 0.848237 0.515833
vt 0.880197 0.462152
vt 0.775196 0.576031
vt 0.738022 0.525753
vt 0.781267 0.693994
vt 0.894399 1.024667
vt 0.809277 0.983201
vt 0.956867 1.215730
vt 0.999134 1.609907
vt 0.971914 1.688808
vt 1.114092 2.208816
vt 1.249848 3.008136
vt 1.219681 -1.936073
vt 1.028608 -1.734967
vt 1.036932 -1.299428
vt 1.009851 -0.976817
vt 0.998553 -0.911973
vt 0.875652 -0.400020
vt 0.949947 -0.281737
vt 0.876367 -0.207584
vt 0.916380 -0.266325
vt 0.865430 0.041814
vt 0.780915 0.084112
vt 0.900611 0.387593
vt 0.947217 0.313652
vt 0.817504 0.788914
vt 0.835609 0.723418
vt 0.849174 0.855719
vt 0.818975 0.900869
vt 0.958959 1.176948
vt 0.966110 1.302605
vt 0.886767 1.356665
vt 1.067256 1.639556
vt 1.041082 1.985523
vt 1.059981 1.944456
vt 1.022021 2.100009
vt 1.105528 2.319215
vt 1.170536 2.478064
vt 1.030216 -1.071032
vt 1.098215 -0.945526
vt 1.032661 -0.846753
vt 1.016850 -0.623879
vt 0.995236 -0.536303
vt 0.893756 -0.524688
vt 0.992358 -0.444619
vt 0.961134 -0.197195
vt 0.933292 0.426737
vt 0.833107 0.698901
vt 0.878214 0.629021
vt 1.051209 1.384356
vt 1.033897 1.524547
vt 1.073109 1.471944
vt 0.929357 1.573541
vt 1.088532 1.791579
vt 1.077835 1.912674
vt 1.098394 2.727667
vt 1.222296 2.824586
vt 1.278945 2.901594
vt 1.056816 -0.657475
vt 1.040840 -0.728634
vt 0.967543 -0.662042
vt 1.036167 -0.528387
vt 1.017436 -0.314354
vt 1.086298 -0.392807
vt 0.995387 -0.228418
vt 0.982408 -0.092790
vt 0.926165 0.216307
vt 0.967577 0.290653
vt 0.953508 0.247716
vt 0.950667 0.544108
vt 0.925831 0.818281
vt 0.982979 0.932742
vt 0.856180 0.945192
vt 1.031480 1.238169
vt 1.175973 2.599710
vt 1.084880 -0.427313
vt 0.981319 -0.062653
vt 1.004300 0.012374
vt 0.935899 0.048075
vt 0.881903 0.721630
vt 0.871930 0.759886
vt 0.906619 0.753570
vt 1.082830 1.099352
vt 1.008881 1.153217
vt 1.054407 1.306343
vt 1.073395 -1.412667
vt 1.234418 -1.508216
vt 1.138172 -1.377802
vt 1.144019 -1.056217
vt 1.119908 -0.838410
vt 1.112132 -0.897561
vt 1.121808 -0.797357
vt 0.976162 -0.771246
vt 1.078895 -0.469765
vt 1.022903 -0.196595
vt 1.031320 0.216371
vt 1.032946 0.390636
vt 0.982049 0.504511
vt 0.943002 0.487858
vt 0.994214 0.463256
vt 0.969889 0.685110
vt 0.964203 0.609712
vt 1.053058 0.998700
vt 1.457805 -1.979251
vt 1.032237 -1.151171
vt 1.201682 -1.184105
vt 1.163576 -0.725292
vt 1.164955 -0.612253
vt 1.127391 -0.283989
vt 1.066214 -0.099141
vt 1.022715 0.097898
vt 1.033265 0.054361
vt 0.931275 0.139777
vt 1.055993 0.129928
vt 0.992253 1.004429
vt 1.211726 1.684660
vt 1.042308 1.717809
vt 1.090471 1.670616
vt 1.197534 1.730656
vt 1.253182 1.943027
vt 1.127726 2.031229
vt 1.257032 2.037301
vt 1.365453 2.368377
vt 1.213120 2.303304
vt 1.252625 -1.630157
vt 1.221652 -0.923597
vt 1.144161 -0.646472
vt 1.151887 -0.530386
vt 1.175169 -0.568300
vt 1.163808 -0.241651
vt 1.120446 -0.046208
vt 1.079376 0.290965
vt 1.031536 0.352583
vt 1.099680 0.469725
vt 1.074867 0.420726
vt 1.067350 0.560058
vt 1.014715 0.622810
vt 1.024089 0.742746
vt 1.097124 0.853768
vt 1.083864 0.918619
vt 1.137834 1.242775
vt 1.193846 1.323851
vt 1.191436 1.430239
vt 1.071498 1.442764
vt 1.121025 1.530871
vt 1.195168 1.474107
vt 1.228212 1.607322
vt 1.236953 1.789244
vt 1.113509 1.851795
vt 1.268076 1.851960
vt 1.280514 2.185374
vt 1.430303 2.673624
vt 1.318290 -1.309230
vt 1.122356 -1.240115
vt 1.353081 -1.358154
vt 1.225061 -0.861920
vt 1.205567 -0.811192
vt 1.149449 -0.463082
vt 1.198061 -0.508050
vt 1.113502 -0.395511
vt 1.213854 -0.421390
vt 1.147529 -0.317608
vt 1.143716 -0.163865
vt 1.163214 -0.209402
vt 1.140556 0.062426
vt 1.100363 0.243943
vt 1.111723 0.355090
vt 1.179786 0.558596
vt 1.070974 0.797053
vt 1.129138 0.824281
vt 1.145291 0.949171
vt 1.111592 0.987295
vt 1.109763 1.129152
vt 1.139435 1.105246
vt 1.222955 1.239998
vt 1.241511 -1.032843
vt 1.247255 -0.604938
vt 1.162633 -0.110504
vt 1.115283 0.123295
vt 1.135177 0.667145
vt 1.108800 0.738431
vt 1.165188 1.048519
vt 1.152832 1.172388
vt 1.234624 1.143445
vt 1.301066 1.520346
vt 1.293231 1.561199
vt 1.379382 2.555886
vt 1.368227 2.443687
vt 1.360257 -1.207885
vt 1.334800 -0.747243
vt 1.268175 -0.802197
vt 1.282146 -0.710140
vt 1.215332 -0.458057
vt 1.259888 -0.278737
vt 1.229324 -0.148402
vt 1.217072 0.034438
vt 1.227645 0.319208
vt 1.144836 0.407513
vt 1.175282 0.488986
vt 1.172284 0.628920
vt 1.147968 0.600853
vt 1.241980 0.986363
vt 1.226676 1.205512
vt 1.289362 1.682149
vt 1.297833 1.718632
vt 1.311454 1.815218
vt 1.445869 2.026107
vt 1.381747 1.968458
vt 1.342014 2.104623
vt 1.257675 -1.807759
vt 1.439246 -1.743445
vt 1.342547 -0.866814
vt 1.307069 -0.829027
vt 1.260865 -0.456722
vt 1.312167 -0.375355
vt 1.235476 -0.052672
vt 1.241743 0.213612
vt 1.231709 0.150723
vt 1.246212 0.379265
vt 1.267451 0.766748
vt 1.201448 0.880122
vt 1.283659 0.947268
vt 1.286029 1.171086
vt 1.249831 1.313532
vt 1.384024 1.480389
vt 1.332775 1.649795
vt 1.385139 1.757295
vt 1.413815 2.239195
vt 1.306483 -0.969547
vt 1.331380 -0.708850
vt 1.320566 -0.566773
vt 1.318069 -0.412892
vt 1.287360 -0.310826
vt 1.316555 -0.235583
vt 1.285056 -0.198802
vt 1.234295 0.451697
vt 1.298527 0.640501
vt 1.218115 0.851649
vt 1.291300 0.792876
vt 1.329934 1.231302
vt 1.483456 1.834210
vt 1.350121 1.884509
vt 1.397070 1.919810
vt 1.554234 2.477331
vt 1.419209 -2.042799
vt 1.648612 -2.098635
vt 1.616862 -1.852646
vt 1.483743 -1.535892
vt 1.467047 -1.612246
vt 1.380474 -1.094575
vt 1.356759 -0.792028
vt 1.286408 -0.122992
vt 1.285723 0.202149
vt 1.310893 0.581392
vt 1.311108 0.529817
vt 1.429348 1.416592
vt 1.463516 1.514945
vt 1.849064 2.889244
vt 1.661399 -1.930739
vt 1.428774 -0.938771
vt 1.416513 -0.542304
vt 1.452028 -0.597708
vt 1.388576 -0.488565
vt 1.391069 -0.189558
vt 1.300307 0.091702
vt 1.393442 0.042304
vt 1.343752 0.157604
vt 1.303464 0.867186
vt 1.371061 1.176628
vt 1.375613 1.089532
vt 1.477208 1.789232
vt 1.498579 1.884580
vt 1.696528 2.438610
vt 1.533453 -1.311084
vt 1.514500 -1.447417
vt 1.490284 -1.048491
vt 1.433963 -0.844974
vt 1.366002 -0.313652
vt 1.370178 0.111985
vt 1.367132 0.304112
vt 1.294191 0.341932
vt 1.344242 0.458714
vt 1.411865 0.734561
vt 1.389436 0.828003
vt 1.469182 0.945101
vt 1.432526 1.035856
vt 1.258045 1.011664
vt 1.438581 0.972898
vt 1.298782 1.077096
vt 1.516504 1.472913
vt 1.579580 1.725553
vt 1.548430 1.921137
vt 1.377477 2.201587
vt 1.537212 2.112399
vt 1.875539 2.700184
vt 1.483479 2.828202
vt 1.515241 -1.204631
vt 1.509217 -1.092078
vt 1.485757 -0.754610
vt 1.516213 -0.476776
vt 1.465384 -0.236946
vt 1.385638 -0.010552
vt 1.303067 -0.084826
vt 1.461118 -0.114467
vt 1.423063 0.533801
vt 1.441350 1.193834
vt 1.456869 1.225744
vt 1.400576 1.339423
vt 1.524318 1.415734
vt 1.505518 1.670072
vt 1.678978 2.210090
vt 1.889564 -2.011123
vt 1.657111 -1.734367
vt 1.601312 -1.648986
vt 1.381149 -0.708512
vt 1.535592 -0.533247
vt 1.508021 -0.421580
vt 1.529010 -0.312322
vt 1.597739 -0.172127
vt 1.334825 -0.012601
vt 1.463081 0.105106
vt 1.460577 0.380742
vt 1.425312 0.343477
vt 1.305795 0.413930
vt 1.440843 0.441363
vt 1.469023 0.610455
vt 1.518262 0.698999
vt 1.356564 0.702342
vt 1.537266 0.770658
vt 1.435161 1.088887
vt 1.418486 1.161917
vt 1.575809 1.353798
vt 1.482327 1.599300
vt 1.581471 1.530882
vt 1.626853 1.769040
vt 1.647959 2.048787
vt 1.536576 -0.812668
vt 1.554900 -0.657963
vt 1.586565 -0.354652
vt 1.485352 0.003453
vt 1.501484 0.499040
vt 1.627496 1.836858
vt 1.672596 1.995661
vt 2.998308 -2.165042
vt 1.636495 -1.048341
vt 1.485988 -0.879240
vt 1.544288 -0.889121
vt 1.564087 -0.596978
vt 1.559059 -0.062117
vt 1.468954 0.041289
vt 1.440066 0.301616
vt 1.525907 0.859977
vt 1.610104 0.811338
vt 1.484337 0.888782
vt 1.390483 0.850819
vt 1.523191 0.975196
vt 1.540764 1.072484
vt 1.582728 1.126424
vt 1.647956 1.453601
vt 1.682879 1.571337
vt 1.603116 1.630500
vt 1.650416 1.688331
vt 1.703819 2.117542
vt 1.801912 2.571566
vt 1.651446 -1.244654
vt 1.747182 -1.321878
vt 1.727204 -1.129176
vt 1.563623 -0.777650
vt 1.618468 -0.697871
vt 1.489287 -0.724758
vt 1.607419 -0.236751
vt 1.633733 -0.282984
vt 1.693171 -0.077129
vt 1.534326 0.056027
vt 1.483311 0.179404
vt 1.564671 0.575535
vt 1.563818 0.673630
vt 1.650797 0.942280
vt 1.576742 1.021663
vt 1.576748 1.236183
vt 1.661664 1.536628
vt 1.862232 -1.813748
vt 1.743342 -1.505267
vt 1.666306 -1.085254
vt 1.626354 -0.814635
vt 1.624774 -0.494049
vt 1.603808 -0.466560
vt 1.672757 -0.362162
vt 1.559883 -0.000649
vt 1.539731 0.233193
vt 1.573536 0.178593
vt 1.744005 0.468717
vt 1.573148 0.515796
vt 1.709402 0.715169
vt 1.594505 0.888205
vt 1.672928 1.221117
vt 1.738413 1.349482
vt 1.758313 1.758147
vt 1.761001 1.689180
vt 1.937285 -1.869578
vt 1.756390 -0.608311
vt 1.686116 -0.651873
vt 1.657857 -0.571391
vt 1.672840 0.070768
vt 1.669666 0.654373
vt 1.709272 0.779673
vt 1.752199 0.859971
vt 1.733663 1.189321
vt 1.846865 1.474522
vt 1.782429 2.029883
vt 2.064393 -1.717838
vt 1.889680 -1.356368
vt 1.901718 -1.507454
vt 1.733255 -0.971073
vt 1.806419 -1.016651
vt 1.707635 -0.861757
vt 1.701029 -0.799127
vt 1.718070 -0.241504
vt 1.730461 -0.274904
vt 1.731982 -0.207864
vt 1.709921 0.030393
vt 1.713482 -0.020096
vt 1.694291 0.137378
vt 1.749715 0.196531
vt 1.733158 0.291240
vt 1.722004 0.633216
vt 1.717951 1.016407
vt 1.756344 1.084848
vt 1.756535 1.121769
vt 1.818612 1.826571
vt 1.781388 1.925547
vt 1.827196 2.116980
vt 1.878347 2.203991
vt 1.798051 2.345247
vt 1.790836 -1.068471
vt 1.728388 -0.670595
vt 1.772106 -0.334202
vt 1.788585 -0.144808
vt 1.765113 0.559369
vt 1.788827 0.744566
vt 1.878608 1.386348
vt 1.932887 1.520253
vt 1.785095 1.605919
vt 1.994459 2.033183
vt 2.229839 -1.928700
vt 1.715799 -0.741825
vt 1.710015 -0.537168
vt 1.841073 -0.575478
vt 1.817079 -0.511088
vt 1.751584 -0.449958
vt 1.778808 -0.399446
vt 1.825080 -0.254931
vt 1.898653 0.096654
vt 1.530627 0.414918
vt 1.789471 0.367134
vt 1.884443 0.819888
vt 1.881525 0.937096
vt 1.926509 1.854191
vt 1.901184 1.945973
vt 2.103741 2.429224
vt 2.191007 2.651437
vt 2.127815 2.790644
vt 1.762238 2.776983
vt 1.818176 -0.838204
vt 1.796890 -0.890467
vt 1.837414 -0.443458
vt 1.878607 -0.199608
vt 1.815753 -0.092041
vt 1.838692 -0.049399
vt 1.885981 0.680838
vt 1.918052 -0.812803
vt 1.857882 -0.725930
vt 1.940078 -0.768913
vt 1.793851 -0.680630
vt 1.934333 0.271101
vt 1.919453 1.193604
vt 1.840147 1.263808
vt 1.965127 1.317369
vt 1.956543 1.418969
vt 2.030546 2.154627
vt 1.930845 -0.932217
vt 1.926057 -0.635114
vt 1.945653 -0.303143
vt 1.990007 -0.226219
vt 1.933262 0.436562
vt 2.021542 0.352816
vt 1.949844 0.482672
vt 1.903072 0.506159
vt 2.146972 0.760796
vt 2.035148 1.251865
vt 2.010715 1.447494
vt 2.059922 1.634443
vt 2.026177 2.273202
vt 2.309202 2.520033
vt 2.311167 2.821172
vt 1.950929 3.011652
vt 2.151375 -1.855130
vt 1.925586 -1.129987
vt 1.848826 -1.203614
vt 2.046686 -1.204837
vt 2.040831 -1.052314
vt 2.062053 -1.136480
vt 1.928866 -0.402792
vt 1.906340 -0.455636
vt 1.851353 -0.364067
vt 2.093976 -0.098566
vt 2.045777 0.017211
vt 1.946872 0.164647
vt 2.004090 0.102516
vt 1.971002 0.655511
vt 1.927695 0.569314
vt 2.033288 0.573647
vt 2.113849 0.871631
vt 2.135153 -0.843188
vt 2.144274 -0.933558
vt 2.083363 -0.698779
vt 1.891063 1.009129
vt 2.094727 0.929806
vt 2.067238 1.345615
vt 2.063398 1.521405
vt 2.131120 1.888334
vt 2.247037 -1.470687
vt 2.317294 -1.622549
vt 2.146656 -1.336766
vt 2.145132 -0.780692
vt 2.138963 -0.520863
vt 2.085892 -0.480966
vt 2.052482 -0.347392
vt 2.196687 1.985598
vt 2.215565 2.259322
vt 2.222397 2.390619
vt 2.310073 2.675490
vt 2.412471 -1.669727
vt 2.197091 -0.291997
vt 2.172066 -0.195933
vt 2.122772 -0.044856
vt 2.223168 0.165893
vt 2.207984 0.102920
vt 2.051038 0.216756
vt 2.263135 0.477478
vt 2.298698 0.549523
vt 2.414174 1.206382
vt 2.234512 1.269486
vt 2.159335 1.463033
vt 2.338138 1.433306
vt 2.107755 1.820942
vt 1.991295 1.736308
vt 2.273699 1.750296
vt 2.223372 -1.117650
vt 2.009103 -0.549515
vt 2.288280 -0.651003
vt 2.205790 -0.383046
vt 2.201153 0.365962
vt 2.337740 0.690935
vt 2.204652 1.497469
vt 2.388733 2.278840
vt 2.450004 2.564902
vt 2.421363 -1.283872
vt 2.229040 -0.453394
vt 2.201934 0.286032
vt 2.098793 1.002003
vt 2.301219 0.985468
vt 2.307566 1.135107
vt 2.027379 1.095232
vt 2.297760 1.646162
vt 2.363096 1.908676
vt 2.302209 -0.743074
vt 2.347381 -0.210442
vt 2.429336 0.007454
vt 2.415894 1.076887
vt 2.438591 1.340255
vt 2.414608 1.817651
vt 2.503221 2.416257
vt 2.303937 -0.132268
vt 2.564166 0.115975
vt 2.427005 0.796143
vt 2.493663 -1.468333
vt 2.427473 -1.148616
vt 2.429578 -0.864349
vt 2.590961 -0.371802
vt 2.560379 0.183134
vt 2.556532 0.262658
vt 2.521427 1.275008
vt 2.596241 2.142380
vt 2.298508 2.067927
vt 2.564659 2.605830
vt 2.584468 2.717749
vt 2.570092 -0.266916
vt 2.597400 0.392563
vt 2.593060 0.721472
vt 2.536983 1.155183
vt 2.629117 2.023461
vt 2.432709 -0.558538
vt 2.556202 -0.740024
vt 2.587594 -0.180127
vt 2.396689 -0.070394
vt 2.607728 0.574501
vt 2.536468 0.979505
vt 2.557078 1.900123
vt 2.689235 2.228006
vt 2.698082 2.381124
vt 2.669842 -1.453672
vt 2.511347 -1.675606
vt 2.602969 -1.321139
vt 2.699729 0.907245
vt 2.702398 0.784944
vt 2.714463 1.052521
vt 2.500804 -1.776399
vt 2.663939 -1.097176
vt 2.770953 0.189624
vt 2.755359 1.720303
vt 2.838006 2.327247
vt 3.048951 3.172471
vt 2.585346 -0.968131
vt 2.479003 -1.062764
vt 2.764062 1.946848
vt 2.749448 -0.114792
vt 2.663302 -0.002772
vt 2.761429 -1.058285
vt 2.840161 -1.089891
vt 2.763120 -0.708908
vt 2.726953 -0.398037
vt 2.618025 -0.575399
vt 2.791213 -0.209097
vt 2.831464 0.608604
vt 2.747712 0.360953
vt 2.773220 1.447865
vt 2.829667 1.246766
vt 2.872843 -1.203606
vt 2.862174 -0.060975
vt 2.863178 0.785751
vt 2.882723 1.453608
vt 2.682575 1.587437
vt 2.873792 2.084761
vt 2.856484 -0.696144
vt 2.872241 -0.366149
vt 2.861098 1.039943
vt 2.884296 1.849520
vt 2.926939 0.560156
vt 2.990283 1.735645
vt 2.959947 -0.515848
vt 2.939149 -0.332504
vt 2.859425 0.307612
vt 2.965257 0.205108
vt 2.969269 0.904370
vt 2.959682 1.453712
vt 3.016480 -0.125883
vt -1.953278 0.142421
vt -0.526621 0.213099
vt -0.412079 0.109847
vt 0.098709 -1.202394
vt 0.688636 2.272463
vt 1.333615 2.634454
vt 1.423664 1.584051
vt 1.561675 2.283363
vt 1.445684 0.209291
vt 2.112275 2.054134
vt 2.130656 0.619560
vt 2.571052 1.504092
s 1
f 5/1/5 3/2/3 2/3/2
f 6/4/6 3/2/3 5/1/5
f 8/5/8 4/6/4 7/7/7
f 9/8/9 5/1/5 4/6/4
f 11/9/11 5/1/5 10/10/10
f 12/11/12 6/4/6 11/9/11
f 16/12/16 4/6/4 8/5/8
f 21/13/21 10/10/10 20/14/20
f 22/15/22 10/10/10 21/13/21
f 24/16/24 21/13/21 20/14/20
f 26/17/26 11/9/11 22/15/22
f 27/18/27 11/9/11 26/17/26
f 28/19/28 16/12/16 8/5/8
f 30/20/30 19/21/19 9/8/9
f 24/16/24 20/14/20 31/22/31
f 25/23/25 21/13/21 32/24/32
f 33/25/33 12/11/12 27/18/27
f 34/26/34 13/27/13 33/25/33
f 35/28/35 15/29/15 14/30/14
f 36/31/36 8/5/8 15/29/15
f 37/32/37 28/19/28 8/5/8
f 29/33/29 17/34/17 16/12/16
f 39/35/39 17/34/17 38/36/38
f 39/35/39 23/37/23 17/34/17
f 44/38/44 25/23/25 43/39/43
f 26/17/26 22/15/22 44/38/44
f 48/40/48 37/32/37 36/31/36
f 50/41/50 30/20/30 23/37/23
f 51/42/51 19/21/19 30/20/30
f 52/43/52 32/24/32 24/16/24
f 42/44/42 32/24/32 52/43/52
f 43/39/43 25/23/25 53/45/53
f 55/46/55 26/17/26 54/47/54
f 46/48/46 27/18/27 45/49/45
f 57/50/57 36/31/36 35/28/35
f 60/51/60 41/52/41 19/21/19
f 62/53/62 52/43/52 24/16/24
f 56/54/56 33/25/33 46/48/46
f 66/55/66 58/56/58 36/31/36
f 49/57/49 37/32/37 67/58/67
f 69/59/69 40/60/40 39/35/39
f 73/61/73 52/43/52 72/62/72
f 74/63/74 54/47/54 44/38/44
f 75/64/75 54/47/54 74/63/74
f 63/65/63 45/49/45 76/66/76
f 64/67/64 45/49/45 63/65/63
f 56/54/56 46/48/46 92/68/92
f 79/69/79 35/28/35 47/70/47
f 81/71/81 39/35/39 38/36/38
f 81/71/81 68/72/68 39/35/39
f 82/73/82 50/41/50 40/60/40
f 83/74/83 31/22/31 41/52/41
f 83/74/83 71/75/71 31/22/31
f 89/76/89 43/39/43 84/77/84
f 44/38/44 43/39/43 89/76/89
f 49/57/49 80/78/80 29/33/29
f 70/79/70 60/51/60 51/42/51
f 73/61/73 72/62/72 88/80/88
f 84/77/84 53/45/53 73/61/73
f 63/65/63 76/66/76 91/81/91
f 78/82/78 34/26/34 77/83/77
f 14/30/14 1/84/1 164/85/164
f 96/86/96 67/58/67 59/87/59
f 97/88/97 80/78/80 49/57/49
f 86/89/86 70/79/70 50/41/50
f 115/90/115 73/61/73 88/80/88
f 76/66/76 55/46/55 90/91/90
f 102/92/102 13/27/13 78/82/78
f 164/85/164 47/70/47 14/30/14
f 94/93/94 66/55/66 57/50/57
f 103/94/103 95/95/95 58/56/58
f 85/96/85 81/71/81 38/36/38
f 87/97/87 83/74/83 41/52/41
f 98/98/98 62/53/62 61/99/61
f 74/63/74 44/38/44 105/100/105
f 100/101/100 63/65/63 91/81/91
f 107/102/107 78/82/78 101/103/101
f 85/96/85 80/78/80 111/104/111
f 113/105/113 70/79/70 86/89/86
f 116/106/116 73/61/73 115/90/115
f 90/91/90 75/64/75 118/107/118
f 106/108/106 64/67/64 100/101/100
f 93/109/93 92/68/92 120/110/120
f 77/83/77 56/54/56 121/111/121
f 108/112/108 65/113/65 79/69/79
f 124/114/124 103/94/103 66/55/66
f 125/115/125 59/87/59 95/95/95
f 110/116/110 111/104/111 80/78/80
f 127/117/127 112/118/112 69/59/69
f 140/119/140 113/105/113 86/89/86
f 129/120/129 72/62/72 99/121/99
f 130/122/130 84/77/84 117/123/117
f 131/124/131 89/76/89 130/122/130
f 105/100/105 89/76/89 131/124/131
f 132/125/132 118/107/118 74/63/74
f 134/126/134 76/66/76 133/127/133
f 119/128/119 91/81/91 134/126/134
f 102/92/102 78/82/78 107/102/107
f 180/129/180 3/2/3 102/92/102
f 135/130/135 108/112/108 122/131/122
f 136/132/136 94/93/94 65/113/65
f 126/133/126 67/58/67 137/134/137
f 138/135/138 110/116/110 97/88/97
f 140/119/140 86/89/86 112/118/112
f 141/136/141 87/97/87 60/51/60
f 155/137/155 62/53/62 98/98/98
f 143/138/143 99/121/99 62/53/62
f 115/90/115 72/62/72 129/120/129
f 120/110/120 92/68/92 106/108/106
f 104/139/104 67/58/67 144/140/144
f 145/141/145 127/117/127 81/71/81
f 115/90/115 129/120/129 146/142/146
f 100/101/100 119/128/119 147/143/147
f 148/144/148 124/114/124 109/145/109
f 149/146/149 125/115/125 95/95/95
f 139/147/139 85/96/85 170/148/170
f 150/149/150 140/119/140 112/118/112
f 152/150/152 113/105/113 140/119/140
f 152/150/152 128/151/128 113/105/113
f 154/152/154 114/153/114 83/74/83
f 116/106/116 115/90/115 156/154/156
f 131/124/131 117/123/117 157/155/157
f 160/156/160 134/126/134 159/157/159
f 147/143/147 119/128/119 160/156/160
f 93/109/93 120/110/120 162/158/162
f 121/111/121 93/109/93 191/159/191
f 163/160/163 107/102/107 179/161/179
f 165/162/165 123/163/123 108/112/108
f 167/164/167 109/145/109 136/132/136
f 168/165/168 96/86/96 125/115/125
f 171/166/171 150/149/150 127/117/127
f 173/167/173 87/97/87 141/136/141
f 174/168/174 114/153/114 154/152/154
f 155/137/155 142/169/142 174/168/174
f 156/154/156 115/90/115 187/170/187
f 218/171/218 116/106/116 156/154/156
f 218/171/218 117/123/117 116/106/116
f 176/172/176 105/100/105 175/173/175
f 158/174/158 118/107/118 177/175/177
f 178/176/178 121/111/121 191/159/191
f 179/161/179 101/103/101 178/176/178
f 181/177/181 122/131/122 164/85/164
f 209/178/209 96/86/96 168/165/168
f 209/178/209 137/134/137 96/86/96
f 184/179/184 145/141/145 139/147/139
f 185/180/185 151/181/151 140/119/140
f 172/182/172 152/150/152 151/181/151
f 146/142/146 129/120/129 186/183/186
f 176/172/176 177/175/177 132/125/132
f 161/184/161 100/101/100 190/185/190
f 193/186/193 167/164/167 136/132/136
f 194/187/194 182/188/182 149/146/149
f 182/188/182 168/165/168 149/146/149
f 195/189/195 138/135/138 144/140/144
f 110/116/110 138/135/138 196/190/196
f 197/191/197 171/166/171 145/141/145
f 201/192/201 153/193/153 200/194/200
f 201/192/201 173/167/173 141/136/141
f 204/195/204 143/138/143 203/196/203
f 205/197/205 129/120/129 143/138/143
f 205/197/205 186/183/186 129/120/129
f 187/170/187 146/142/146 186/183/186
f 188/198/188 175/173/175 131/124/131
f 144/140/144 126/133/126 210/199/210
f 211/200/211 110/116/110 196/190/196
f 211/200/211 169/201/169 110/116/110
f 213/202/213 200/194/200 172/182/172
f 215/203/215 154/152/154 173/167/173
f 216/204/216 174/168/174 154/152/154
f 218/171/218 156/154/156 217/205/217
f 219/206/219 177/175/177 176/172/176
f 254/207/254 159/157/159 220/208/220
f 160/156/160 159/157/159 254/207/254
f 162/158/162 120/110/120 221/209/221
f 178/176/178 191/159/191 222/210/222
f 180/129/180 102/92/102 224/211/224
f 3/2/3 180/129/180 225/212/225
f 192/213/192 164/85/164 1/84/1
f 226/214/226 164/85/164 192/213/192
f 227/215/227 165/162/165 135/130/135
f 228/216/228 166/217/166 165/162/165
f 245/218/245 183/219/183 209/178/209
f 229/220/229 195/189/195 144/140/144
f 230/221/230 198/222/198 171/166/171
f 199/223/199 185/180/185 150/149/150
f 231/224/231 172/182/172 151/181/151
f 202/225/202 174/168/174 216/204/216
f 232/226/232 205/197/205 204/195/204
f 233/227/233 186/183/186 205/197/205
f 235/228/235 217/205/217 187/170/187
f 236/229/236 188/198/188 157/155/157
f 237/230/237 175/173/175 188/198/188
f 219/206/219 176/172/176 239/231/239
f 189/232/189 177/175/177 219/206/219
f 220/208/220 158/174/158 252/233/252
f 207/234/207 160/156/160 269/235/269
f 190/185/190 147/143/147 240/236/240
f 241/237/241 227/215/227 135/130/135
f 227/215/227 228/216/228 165/162/165
f 242/238/242 193/186/193 166/217/166
f 243/239/243 168/165/168 182/188/182
f 245/218/245 168/165/168 244/240/244
f 246/241/246 196/190/196 195/189/195
f 211/200/211 196/190/196 246/241/246
f 247/242/247 197/191/197 184/179/184
f 248/243/248 213/202/213 172/182/172
f 250/244/250 203/196/203 202/225/202
f 239/231/239 175/173/175 238/245/238
f 254/207/254 220/208/220 253/246/253
f 221/209/221 161/184/161 256/247/256
f 163/160/163 179/161/179 257/248/257
f 258/249/258 148/144/148 208/250/208
f 307/251/307 194/187/194 124/114/124
f 259/252/259 183/219/183 245/218/245
f 259/252/259 210/199/210 183/219/183
f 260/253/260 246/241/246 195/189/195
f 261/254/261 230/221/230 197/191/197
f 264/255/264 214/256/214 201/192/201
f 265/257/265 216/204/216 215/203/215
f 250/244/250 216/204/216 266/258/266
f 267/259/267 233/227/233 205/197/205
f 268/260/268 236/229/236 206/261/206
f 236/229/236 238/245/238 237/230/237
f 269/235/269 254/207/254 253/246/253
f 256/247/256 190/185/190 255/262/255
f 223/263/223 178/176/178 270/264/270
f 179/161/179 223/263/223 271/265/271
f 273/266/273 243/239/243 194/187/194
f 275/267/275 199/223/199 198/222/198
f 276/268/276 249/269/249 214/256/214
f 277/270/277 265/257/265 249/269/249
f 234/271/234 233/227/233 267/259/267
f 280/272/280 251/273/251 279/274/279
f 281/275/281 217/205/217 280/272/280
f 268/260/268 218/171/218 281/275/281
f 283/276/283 239/231/239 238/245/238
f 285/277/285 239/231/239 284/278/284
f 162/158/162 221/209/221 287/279/287
f 228/216/228 242/238/242 166/217/166
f 275/267/275 262/280/262 199/223/199
f 290/281/290 213/202/213 248/243/248
f 290/281/290 264/255/264 213/202/213
f 291/282/291 266/258/266 265/257/265
f 294/283/294 267/259/267 293/284/293
f 279/274/279 251/273/251 294/283/294
f 268/260/268 281/275/281 295/285/295
f 296/286/296 236/229/236 268/260/268
f 284/278/284 239/231/239 297/287/297
f 253/246/253 252/233/252 285/277/285
f 299/288/299 269/235/269 298/289/298
f 286/290/286 269/235/269 299/288/299
f 255/262/255 240/236/240 300/291/300
f 302/292/302 221/209/221 301/293/301
f 287/279/287 221/209/221 302/292/302
f 223/263/223 270/264/270 303/294/303
f 304/295/304 288/296/288 241/237/241
f 306/297/306 258/249/258 208/250/208
f 308/298/308 244/240/244 243/239/243
f 310/299/310 245/218/245 309/300/309
f 260/253/260 229/220/229 311/301/311
f 312/302/312 275/267/275 198/222/198
f 315/303/315 276/268/276 264/255/264
f 291/282/291 277/270/277 316/304/316
f 317/305/317 292/306/292 266/258/266
f 318/307/318 232/226/232 278/308/278
f 293/284/293 267/259/267 319/309/319
f 320/310/320 295/285/295 281/275/281
f 296/286/296 268/260/268 321/311/321
f 322/312/322 285/277/285 284/278/284
f 324/313/324 285/277/285 323/314/323
f 301/293/301 255/262/255 300/291/300
f 325/315/325 162/158/162 287/279/287
f 271/265/271 223/263/223 303/294/303
f 257/248/257 179/161/179 326/316/326
f 327/317/327 241/237/241 181/177/181
f 328/318/328 272/319/272 258/249/258
f 211/200/211 260/253/260 329/320/329
f 331/321/331 262/280/262 275/267/275
f 332/322/332 316/304/316 277/270/277
f 333/323/333 318/307/318 292/306/292
f 318/307/318 319/309/319 232/226/232
f 334/324/334 294/283/294 350/325/350
f 320/310/320 280/272/280 279/274/279
f 298/289/298 253/246/253 336/326/336
f 337/327/337 222/210/222 325/315/325
f 339/328/339 309/300/309 244/240/244
f 311/301/311 274/329/274 340/330/340
f 380/331/380 212/332/212 341/333/341
f 380/331/380 289/334/289 247/242/247
f 342/335/342 312/302/312 261/254/261
f 343/336/343 313/337/313 312/302/312
f 345/338/345 263/339/263 262/280/262
f 347/340/347 315/303/315 290/281/290
f 349/341/349 333/323/333 292/306/292
f 352/342/352 282/343/282 296/286/296
f 352/342/352 283/276/283 282/343/282
f 297/287/297 283/276/283 353/344/353
f 354/345/354 323/314/323 322/312/322
f 336/326/336 324/313/324 355/346/355
f 300/291/300 286/290/286 372/347/372
f 356/348/356 302/292/302 301/293/301
f 287/279/287 302/292/302 356/348/356
f 225/212/225 180/129/180 357/349/357
f 360/350/360 306/297/306 305/351/305
f 361/352/361 307/251/307 272/319/272
f 361/352/361 273/266/273 307/251/307
f 310/299/310 309/300/309 362/353/362
f 329/320/329 260/253/260 378/354/378
f 380/331/380 342/335/342 289/334/289
f 346/355/346 248/243/248 314/356/314
f 365/357/365 317/305/317 291/282/291
f 366/358/366 319/309/319 318/307/318
f 351/359/351 279/274/279 385/360/385
f 367/361/367 295/285/295 320/310/320
f 321/311/321 295/285/295 368/362/368
f 369/363/369 352/342/352 296/286/296
f 370/364/370 355/346/355 324/313/324
f 372/347/372 299/288/299 371/365/371
f 356/348/356 301/293/301 389/366/389
f 325/315/325 287/279/287 373/367/373
f 271/265/271 303/294/303 406/368/406
f 375/369/375 1/84/1 374/370/374
f 358/371/358 304/295/304 241/237/241
f 376/372/376 338/373/338 288/296/288
f 360/350/360 328/318/328 306/297/306
f 361/352/361 308/298/308 273/266/273
f 363/374/363 310/299/310 362/353/362
f 379/375/379 330/376/330 211/200/211
f 380/331/380 341/333/341 330/376/330
f 381/377/381 343/336/343 312/302/312
f 365/357/365 316/304/316 382/378/382
f 365/357/365 349/341/349 317/305/317
f 293/284/293 319/309/319 383/379/383
f 385/360/385 350/325/350 384/380/384
f 334/324/334 350/325/350 385/360/385
f 369/363/369 321/311/321 386/381/386
f 354/345/354 335/382/335 387/383/387
f 300/291/300 372/347/372 388/384/388
f 270/264/270 337/327/337 428/385/428
f 390/386/390 257/248/257 407/387/407
f 357/349/357 224/211/224 390/386/390
f 391/388/391 328/318/328 360/350/360
f 394/389/394 362/353/362 339/328/339
f 395/390/395 362/353/362 394/389/394
f 396/391/396 381/377/381 342/335/342
f 397/392/397 331/321/331 313/337/313
f 398/393/398 346/355/346 263/339/263
f 347/340/347 346/355/346 399/394/399
f 315/303/315 348/395/348 400/396/400
f 401/397/401 382/378/382 332/322/332
f 402/398/402 366/358/366 333/323/333
f 403/399/403 384/380/384 293/284/293
f 387/383/387 353/344/353 404/400/404
f 405/401/405 336/326/336 355/346/355
f 405/401/405 371/365/371 336/326/336
f 389/366/389 300/291/300 388/384/388
f 408/402/408 359/403/359 304/295/304
f 409/404/409 360/350/360 305/351/305
f 409/404/409 391/388/391 360/350/360
f 380/331/380 330/376/330 379/375/379
f 399/394/399 346/355/346 414/405/414
f 415/406/415 400/396/400 347/340/347
f 400/396/400 364/407/364 315/303/315
f 416/408/416 402/398/402 349/341/349
f 383/379/383 366/358/366 418/409/418
f 438/410/438 385/360/385 419/411/419
f 420/412/420 385/360/385 438/410/438
f 367/361/367 351/359/351 420/412/420
f 421/413/421 369/363/369 386/381/386
f 404/400/404 352/342/352 422/414/422
f 423/415/423 405/401/405 370/364/370
f 424/416/424 371/365/371 405/401/405
f 425/417/425 371/365/371 424/416/424
f 428/385/428 325/315/325 427/418/427
f 429/419/429 408/402/408 304/295/304
f 431/420/431 410/421/410 339/328/339
f 447/422/447 363/374/363 362/353/362
f 411/423/411 363/374/363 447/422/447
f 433/424/433 329/320/329 432/425/432
f 412/426/412 329/320/329 433/424/433
f 435/427/435 342/335/342 380/331/380
f 437/428/437 417/429/417 402/398/402
f 439/430/439 368/362/368 367/361/367
f 440/431/440 422/414/422 369/363/369
f 423/415/423 354/345/354 441/432/441
f 389/366/389 388/384/388 442/433/442
f 446/434/446 308/298/308 393/435/393
f 447/422/447 362/353/362 395/390/395
f 432/425/432 378/354/378 469/436/469
f 434/437/434 379/375/379 450/438/450
f 451/439/451 396/391/396 342/335/342
f 452/440/452 397/392/397 343/336/343
f 436/441/436 364/407/364 400/396/400
f 454/442/454 365/357/365 382/378/382
f 455/443/455 416/408/416 365/357/365
f 457/444/457 383/379/383 456/445/456
f 439/430/439 421/413/421 368/362/368
f 480/446/480 404/400/404 422/414/422
f 441/432/441 387/383/387 458/447/458
f 460/448/460 423/415/423 459/449/459
f 460/448/460 424/416/424 405/401/405
f 442/433/442 388/384/388 462/450/462
f 443/451/443 389/366/389 463/452/463
f 427/418/427 373/367/373 426/453/426
f 465/454/465 226/214/226 192/213/192
f 466/455/466 358/371/358 327/317/327
f 467/456/467 328/318/328 391/388/391
f 468/457/468 395/390/395 394/389/394
f 451/439/451 413/458/413 396/391/396
f 398/393/398 345/338/345 470/459/470
f 472/460/472 414/405/414 471/461/471
f 473/462/473 401/397/401 364/407/364
f 474/463/474 454/442/454 401/397/401
f 475/464/475 418/409/418 417/429/417
f 456/445/456 418/409/418 475/464/475
f 476/465/476 438/410/438 419/411/419
f 477/466/477 438/410/438 476/465/476
f 420/412/420 438/410/438 477/466/477
f 478/467/478 421/413/421 439/430/439
f 459/449/459 423/415/423 481/468/481
f 483/469/483 424/416/424 482/470/482
f 483/469/483 425/417/425 424/416/424
f 426/453/426 356/348/356 484/471/484
f 465/454/465 327/317/327 226/214/226
f 486/472/486 409/404/409 377/473/377
f 486/472/486 467/456/467 409/404/409
f 487/474/487 392/475/392 328/318/328
f 488/476/488 430/477/430 392/475/392
f 489/478/489 446/434/446 393/435/393
f 490/479/490 395/390/395 468/457/468
f 447/422/447 395/390/395 490/479/490
f 433/424/433 432/425/432 491/480/491
f 492/481/492 434/437/434 450/438/450
f 492/481/492 435/427/435 434/437/434
f 493/482/493 452/440/452 413/458/413
f 471/461/471 398/393/398 494/483/494
f 495/484/495 436/441/436 415/406/415
f 496/485/496 437/428/437 416/408/416
f 456/445/456 475/464/475 497/486/497
f 500/487/500 420/412/420 499/488/499
f 478/467/478 439/430/439 500/487/500
f 502/489/502 440/431/440 501/490/501
f 502/489/502 480/446/480 422/414/422
f 481/468/481 441/432/441 503/491/503
f 504/492/504 442/433/442 462/450/462
f 505/493/505 426/453/426 484/471/484
f 485/494/485 426/453/426 505/493/505
f 506/495/506 428/385/428 485/494/485
f 444/496/444 271/265/271 464/497/464
f 486/472/486 377/473/377 445/498/445
f 507/499/507 431/420/431 446/434/446
f 507/499/507 410/421/410 431/420/431
f 448/500/448 447/422/447 490/479/490
f 449/501/449 433/424/433 522/502/522
f 470/459/470 397/392/397 508/503/508
f 495/484/495 473/462/473 436/441/436
f 455/443/455 454/442/454 509/504/509
f 510/505/510 477/466/477 476/465/476
f 554/506/554 480/446/480 502/489/502
f 511/507/511 480/446/480 554/506/554
f 503/491/503 458/447/458 511/507/511
f 461/508/461 460/448/460 512/509/512
f 514/510/514 463/452/463 442/433/442
f 515/511/515 486/472/486 445/498/445
f 516/512/516 488/476/488 392/475/392
f 517/513/517 489/478/489 430/477/430
f 518/514/518 507/499/507 446/434/446
f 519/515/519 468/457/468 410/421/410
f 545/516/545 451/439/451 435/427/435
f 523/517/523 493/482/493 451/439/451
f 508/503/508 452/440/452 524/518/524
f 525/519/525 494/483/494 470/459/470
f 494/483/494 472/460/472 471/461/471
f 526/520/526 474/463/474 473/462/473
f 527/521/527 509/504/509 474/463/474
f 528/522/528 496/485/496 455/443/455
f 510/505/510 476/465/476 529/523/529
f 530/524/530 479/525/479 478/467/478
f 531/526/531 501/490/501 479/525/479
f 502/489/502 501/490/501 532/527/532
f 484/471/484 443/451/443 533/528/533
f 534/529/534 506/495/506 485/494/485
f 444/496/444 464/497/464 537/530/537
f 538/531/538 429/419/429 466/455/466
f 539/532/539 408/402/408 429/419/429
f 520/533/520 468/457/468 541/534/541
f 522/502/522 491/480/491 542/535/542
f 412/426/412 449/501/449 543/536/543
f 545/516/545 492/481/492 544/537/544
f 546/538/546 470/459/470 508/503/508
f 548/539/548 495/484/495 472/460/472
f 549/540/549 527/521/527 474/463/474
f 497/486/497 475/464/475 550/541/550
f 510/505/510 529/523/529 551/542/551
f 500/487/500 499/488/499 551/542/551
f 552/543/552 530/524/530 500/487/500
f 554/506/554 502/489/502 553/544/553
f 556/545/556 481/468/481 555/546/555
f 556/545/556 512/509/512 459/449/459
f 557/547/557 512/509/512 556/545/556
f 557/547/557 482/470/482 461/508/461
f 557/547/557 513/548/513 482/470/482
f 558/549/558 504/492/504 483/469/483
f 559/550/559 514/510/514 504/492/504
f 562/551/562 445/498/445 408/402/408
f 562/551/562 515/511/515 445/498/445
f 540/552/540 467/456/467 486/472/486
f 563/553/563 507/499/507 518/514/518
f 566/554/566 521/555/521 565/556/565
f 566/554/566 542/535/542 521/555/521
f 568/557/568 522/502/522 567/558/567
f 543/536/543 522/502/522 568/557/568
f 569/559/569 526/520/526 495/484/495
f 570/560/570 528/522/528 509/504/509
f 571/561/571 551/542/551 529/523/529
f 575/562/575 560/563/560 533/528/533
f 561/564/561 444/496/444 537/530/537
f 519/515/519 563/553/563 580/565/580
f 582/566/582 541/534/541 581/567/581
f 582/566/582 564/568/564 520/533/520
f 565/556/565 564/568/564 599/569/599
f 545/516/545 544/537/544 583/570/583
f 583/570/583 523/517/523 545/516/545
f 584/571/584 546/538/546 524/518/524
f 569/559/569 549/540/549 526/520/526
f 585/572/585 550/541/550 496/485/496
f 587/573/587 550/541/550 586/574/586
f 498/575/498 497/486/497 587/573/587
f 632/576/632 551/542/551 571/561/571
f 572/577/572 530/524/530 588/578/588
f 532/527/532 531/526/531 589/579/589
f 590/580/590 557/547/557 556/545/556
f 592/581/592 558/549/558 513/548/513
f 593/582/593 514/510/514 559/550/559
f 594/583/594 575/562/575 514/510/514
f 576/584/576 537/530/537 536/585/536
f 357/349/357 390/386/390 595/586/595
f 562/551/562 539/532/539 596/587/596
f 597/588/597 467/456/467 616/589/616
f 541/534/541 519/515/519 598/590/598
f 600/591/600 567/558/567 542/535/542
f 623/592/623 583/570/583 544/537/544
f 602/593/602 493/482/493 523/517/523
f 605/594/605 569/559/569 548/539/548
f 607/595/607 570/560/570 527/521/527
f 571/561/571 498/575/498 587/573/587
f 588/578/588 552/543/552 608/596/608
f 609/597/609 573/598/573 532/527/532
f 610/599/610 574/600/574 573/598/573
f 591/601/591 592/581/592 557/547/557
f 614/602/614 561/564/561 537/530/537
f 615/603/615 540/552/540 515/511/515
f 616/589/616 467/456/467 540/552/540
f 618/604/618 516/512/516 617/605/617
f 579/606/579 517/513/517 618/604/618
f 580/565/580 563/553/563 619/607/619
f 620/608/620 581/567/581 541/534/541
f 622/609/622 582/566/582 621/610/621
f 625/611/625 546/538/546 584/571/584
f 625/611/625 603/612/603 546/538/546
f 626/613/626 547/614/547 525/519/525
f 626/613/626 604/615/604 547/614/547
f 627/616/627 549/540/549 569/559/569
f 629/617/629 585/572/585 628/618/628
f 630/619/630 587/573/587 586/574/586
f 631/620/631 571/561/571 587/573/587
f 633/621/633 608/596/608 551/542/551
f 634/622/634 589/579/589 572/577/572
f 635/623/635 574/600/574 611/624/611
f 612/625/612 511/507/511 635/623/635
f 591/601/591 590/580/590 637/626/637
f 638/627/638 575/562/575 594/583/594
f 639/628/639 560/563/560 575/562/575
f 640/629/640 576/584/576 535/630/535
f 642/631/642 616/589/616 540/552/540
f 622/609/622 565/556/565 599/569/599
f 600/591/600 568/557/568 567/558/567
f 645/632/645 543/536/543 568/557/568
f 623/592/623 543/536/543 645/632/645
f 646/633/646 601/634/601 583/570/583
f 647/635/647 627/616/627 606/636/606
f 648/637/648 631/620/631 587/573/587
f 631/620/631 632/576/632 571/561/571
f 649/638/649 634/622/634 588/578/588
f 650/639/650 609/597/609 589/579/589
f 610/599/610 609/597/609 651/640/651
f 636/641/636 555/546/555 652/642/652
f 654/643/654 534/529/534 613/644/613
f 657/645/657 597/588/597 616/589/616
f 658/646/658 579/606/579 618/604/618
f 658/646/658 619/607/619 579/606/579
f 660/647/660 598/590/598 659/648/659
f 660/647/660 620/608/620 598/590/598
f 661/649/661 581/567/581 620/608/620
f 663/650/663 643/651/643 565/556/565
f 664/652/664 600/591/600 566/554/566
f 665/653/665 644/654/644 600/591/600
f 667/655/667 625/611/625 584/571/584
f 668/656/668 603/612/603 625/611/625
f 673/657/673 629/617/629 672/658/672
f 673/657/673 630/619/630 629/617/629
f 674/659/674 633/621/633 632/576/632
f 691/660/691 634/622/634 649/638/649
f 675/661/675 592/581/592 591/601/591
f 676/662/676 558/549/558 592/581/592
f 677/663/677 638/627/638 594/583/594
f 639/628/639 613/644/613 560/563/560
f 678/664/678 640/629/640 534/529/534
f 539/532/539 538/531/538 680/665/680
f 683/666/683 580/565/580 619/607/619
f 621/610/621 581/567/581 684/667/684
f 664/652/664 665/653/665 600/591/600
f 646/633/646 623/592/623 666/668/666
f 685/669/685 667/655/667 624/670/624
f 686/671/686 625/611/625 667/655/667
f 686/671/686 668/656/668 625/611/625
f 688/672/688 605/594/605 604/615/604
f 628/618/628 671/673/671 689/674/689
f 690/675/690 674/659/674 632/576/632
f 692/676/692 650/639/650 634/622/634
f 635/623/635 611/624/611 694/677/694
f 652/642/652 612/625/612 695/678/695
f 653/679/653 636/641/636 652/642/652
f 676/662/676 593/582/593 558/549/558
f 696/680/696 677/663/677 593/582/593
f 697/681/697 639/628/639 638/627/638
f 656/682/656 577/683/577 561/564/561
f 466/455/466 465/454/465 862/684/862
f 699/685/699 615/603/615 578/686/578
f 700/687/700 658/646/658 617/605/617
f 664/652/664 643/651/643 701/688/701
f 666/668/666 645/632/645 702/689/702
f 703/690/703 601/634/601 646/633/646
f 705/691/705 671/673/671 627/616/627
f 689/674/689 671/673/671 705/691/705
f 689/674/689 672/658/672 628/618/628
f 708/692/708 673/657/673 707/693/707
f 631/620/631 648/637/648 708/692/708
f 709/694/709 608/596/608 633/621/633
f 711/695/711 693/696/693 650/639/650
f 733/697/733 695/678/695 635/623/635
f 713/698/713 675/661/675 653/679/653
f 696/680/696 593/582/593 714/699/714
f 715/700/715 613/644/613 639/628/639
f 715/700/715 654/643/654 613/644/613
f 716/701/716 538/531/538 466/455/466
f 680/665/680 538/531/538 717/702/717
f 719/703/719 657/645/657 681/704/681
f 721/705/721 682/706/682 658/646/658
f 722/707/722 661/649/661 660/647/660
f 723/708/723 622/609/622 662/709/662
f 724/710/724 644/654/644 665/653/665
f 702/689/702 644/654/644 724/710/724
f 725/711/725 685/669/685 601/634/601
f 726/712/726 603/612/603 668/656/668
f 726/712/726 687/713/687 603/612/603
f 688/672/688 704/714/704 605/594/605
f 727/715/727 670/716/670 647/635/647
f 729/717/729 705/691/705 728/718/728
f 729/717/729 689/674/689 705/691/705
f 743/719/743 631/620/631 708/692/708
f 731/720/731 711/695/711 692/676/692
f 733/697/733 694/677/694 732/721/732
f 655/722/655 656/682/656 614/602/614
f 595/586/595 225/212/225 357/349/357
f 680/665/680 718/723/718 539/532/539
f 683/666/683 722/707/722 659/648/659
f 684/667/684 661/649/661 722/707/722
f 723/708/723 621/610/621 684/667/684
f 774/724/774 664/652/664 701/688/701
f 724/710/724 664/652/664 774/724/774
f 756/725/756 703/690/703 646/633/646
f 736/726/736 667/655/667 685/669/685
f 686/671/686 667/655/667 738/727/738
f 741/728/741 689/674/689 729/717/729
f 743/719/743 708/692/708 742/729/742
f 744/730/744 709/694/709 674/659/674
f 745/731/745 692/676/692 691/660/691
f 746/732/746 693/696/693 711/695/711
f 732/721/732 651/640/651 747/733/747
f 749/734/749 715/700/715 698/735/698
f 750/736/750 654/643/654 715/700/715
f 699/685/699 642/631/642 615/603/615
f 751/737/751 681/704/681 642/631/642
f 752/738/752 721/705/721 658/646/658
f 753/739/753 683/666/683 735/740/735
f 722/707/722 683/666/683 753/739/753
f 701/688/701 663/650/663 754/741/754
f 757/742/757 669/743/669 740/744/740
f 688/672/688 669/743/669 757/742/757
f 759/745/759 728/718/728 758/746/758
f 741/728/741 729/717/729 759/745/759
f 707/693/707 706/747/706 760/748/760
f 742/729/742 708/692/708 761/749/761
f 762/750/762 745/731/745 710/751/710
f 747/733/747 693/696/693 763/752/763
f 764/753/764 748/754/748 712/755/712
f 765/756/765 714/699/714 676/662/676
f 766/757/766 697/681/697 696/680/696
f 767/758/767 698/735/698 697/681/697
f 767/758/767 749/734/749 698/735/698
f 749/734/749 750/736/750 715/700/715
f 768/759/768 699/685/699 641/760/641
f 735/740/735 682/706/682 770/761/770
f 772/762/772 722/707/722 771/763/771
f 773/764/773 684/667/684 772/762/772
f 723/708/723 684/667/684 773/764/773
f 755/765/755 724/710/724 775/766/775
f 777/767/777 666/668/666 776/768/776
f 778/769/778 756/725/756 777/767/777
f 781/770/781 739/771/739 726/712/726
f 782/772/782 758/746/758 727/715/727
f 759/745/759 758/746/758 783/773/783
f 784/774/784 730/775/730 689/674/689
f 785/776/785 760/748/760 706/747/706
f 744/730/744 690/675/690 786/777/786
f 787/778/787 762/750/762 710/751/710
f 790/779/790 733/697/733 789/780/789
f 790/779/790 764/753/764 695/678/695
f 791/781/791 696/680/696 714/699/714
f 792/782/792 655/722/655 679/783/679
f 793/784/793 577/683/577 656/682/656
f 718/723/718 768/759/768 641/760/641
f 795/785/795 770/761/770 721/705/721
f 796/786/796 735/740/735 770/761/770
f 753/739/753 735/740/735 796/786/796
f 753/739/753 771/763/771 722/707/722
f 773/764/773 754/741/754 723/708/723
f 775/766/775 724/710/724 797/787/797
f 778/769/778 779/788/779 756/725/756
f 780/789/780 781/770/781 738/727/738
f 798/790/798 757/742/757 740/744/740
f 704/714/704 688/672/688 799/791/799
f 800/792/800 784/774/784 741/728/741
f 761/749/761 707/693/707 801/793/801
f 802/794/802 743/719/743 742/729/742
f 804/795/804 744/730/744 803/796/803
f 787/778/787 709/694/709 804/795/804
f 805/797/805 763/752/763 746/732/746
f 791/781/791 766/757/766 696/680/696
f 807/798/807 678/664/678 734/799/734
f 807/798/807 792/782/792 679/783/679
f 752/738/752 700/687/700 794/800/794
f 777/767/777 776/768/776 811/801/811
f 813/802/813 737/803/737 812/804/812
f 814/805/814 798/790/798 739/771/739
f 815/806/815 743/719/743 802/794/802
f 816/807/816 731/720/731 745/731/745
f 732/721/732 747/733/747 817/808/817
f 818/809/818 764/753/764 790/779/790
f 819/810/819 748/754/748 764/753/764
f 819/810/819 806/811/806 748/754/748
f 820/812/820 765/756/765 713/698/713
f 821/813/821 791/781/791 765/756/765
f 822/814/822 767/758/767 766/757/766
f 826/815/826 656/682/656 655/722/655
f 827/816/827 595/586/595 577/683/577
f 808/817/808 699/685/699 900/818/900
f 719/703/719 751/737/751 828/819/828
f 794/800/794 769/820/769 829/821/829
f 795/785/795 752/738/752 830/822/830
f 796/786/796 770/761/770 866/823/866
f 831/824/831 810/825/810 773/764/773
f 832/826/832 797/787/797 774/724/774
f 755/765/755 775/766/775 833/827/833
f 836/828/836 782/772/782 835/829/835
f 837/830/837 783/773/783 836/828/836
f 800/792/800 759/745/759 837/830/837
f 838/831/838 786/777/786 743/719/743
f 839/832/839 787/778/787 804/795/804
f 762/750/762 787/778/787 840/833/840
f 841/834/841 805/797/805 731/720/731
f 789/780/789 732/721/732 842/835/842
f 844/836/844 766/757/766 791/781/791
f 844/836/844 822/814/822 766/757/766
f 845/837/845 465/454/465 375/369/375
f 718/723/718 680/665/680 846/838/846
f 768/759/768 718/723/718 847/839/847
f 829/821/829 769/820/769 828/819/828
f 848/840/848 831/824/831 809/841/809
f 849/842/849 832/826/832 810/825/810
f 851/843/851 777/767/777 850/844/850
f 834/845/834 778/769/778 851/843/851
f 834/845/834 812/804/812 779/788/779
f 813/802/813 812/804/812 852/846/852
f 854/847/854 757/742/757 798/790/798
f 855/848/855 782/772/782 799/791/799
f 855/848/855 835/829/835 782/772/782
f 856/849/856 785/776/785 784/774/784
f 856/849/856 760/748/760 785/776/785
f 858/850/858 760/748/760 857/851/857
f 859/852/859 801/793/801 858/850/858
f 815/806/815 802/794/802 859/852/859
f 860/853/860 788/854/788 805/797/805
f 818/809/818 789/780/789 861/855/861
f 828/819/828 808/817/808 864/856/864
f 865/857/865 830/822/830 794/800/794
f 866/823/866 795/785/795 830/822/830
f 868/858/868 796/786/796 867/859/867
f 869/860/869 772/762/772 771/763/771
f 871/861/871 811/801/811 755/765/755
f 850/844/850 811/801/811 872/862/872
f 874/863/874 780/789/780 853/864/853
f 814/805/814 781/770/781 874/863/874
f 875/865/875 855/848/855 799/791/799
f 894/866/894 856/849/856 800/792/800
f 838/831/838 815/806/815 876/867/876
f 838/831/838 803/796/803 786/777/786
f 877/868/877 762/750/762 897/869/897
f 878/870/878 817/808/817 788/854/788
f 861/855/861 819/810/819 818/809/818
f 879/871/879 820/812/820 819/810/819
f 881/872/881 825/873/825 807/798/807
f 825/873/825 826/815/826 792/782/792
f 884/874/884 865/857/865 794/800/794
f 866/823/866 830/822/830 885/875/885
f 886/876/886 869/860/869 868/858/868
f 809/841/809 772/762/772 869/860/869
f 887/877/887 849/842/849 831/824/831
f 871/861/871 833/827/833 888/878/888
f 851/843/851 850/844/850 889/879/889
f 873/880/873 853/864/853 813/802/813
f 835/829/835 855/848/855 891/881/891
f 893/882/893 836/828/836 892/883/892
f 894/866/894 837/830/837 893/882/893
f 895/884/895 858/850/858 857/851/857
f 896/885/896 859/852/859 858/850/858
f 877/868/877 841/834/841 816/807/816
f 881/872/881 807/798/807 880/886/880
f 847/839/847 718/723/718 846/838/846
f 883/887/883 828/819/828 864/856/864
f 867/859/867 886/876/886 868/858/868
f 888/878/888 870/888/870 901/889/901
f 871/861/871 872/862/872 811/801/811
f 889/879/889 850/844/850 902/890/902
f 904/891/904 852/846/852 834/845/834
f 905/892/905 873/880/873 852/846/852
f 906/893/906 854/847/854 814/805/814
f 909/894/909 839/832/839 803/796/803
f 910/895/910 878/870/878 860/853/860
f 911/896/911 879/871/879 861/855/861
f 898/897/898 821/813/821 820/812/820
f 912/898/912 844/836/844 843/899/843
f 913/900/913 823/901/823 822/814/822
f 913/900/913 899/902/899 823/901/823
f 914/903/914 824/904/824 823/901/823
f 826/815/826 793/784/793 656/682/656
f 964/905/964 864/856/864 882/906/882
f 885/875/885 830/822/830 939/907/939
f 916/908/916 867/859/867 866/823/866
f 917/909/917 848/840/848 809/841/809
f 901/889/901 832/826/832 918/910/918
f 919/911/919 903/912/903 851/843/851
f 920/913/920 905/892/905 852/846/852
f 921/914/921 853/864/853 873/880/873
f 922/915/922 874/863/874 853/864/853
f 893/882/893 892/883/892 923/916/923
f 924/917/924 908/918/908 894/866/894
f 928/919/928 909/894/909 838/831/838
f 954/920/954 839/832/839 929/921/929
f 930/922/930 910/895/910 841/834/841
f 911/896/911 842/835/842 931/923/931
f 932/924/932 843/899/843 821/813/821
f 933/925/933 822/814/822 844/836/844
f 933/925/933 913/900/913 822/814/822
f 936/926/936 595/586/595 827/816/827
f 883/887/883 864/856/864 938/927/938
f 917/909/917 869/860/869 940/928/940
f 941/929/941 887/877/887 848/840/848
f 942/930/942 918/910/918 849/842/849
f 944/931/944 871/861/871 888/878/888
f 945/932/945 871/861/871 944/931/944
f 945/932/945 872/862/872 871/861/871
f 946/933/946 906/893/906 874/863/874
f 891/881/891 890/934/890 948/935/948
f 950/936/950 907/937/907 893/882/893
f 924/917/924 907/937/907 950/936/950
f 925/938/925 908/918/908 951/939/951
f 952/940/952 896/885/896 895/884/895
f 953/941/953 927/942/927 876/867/876
f 956/943/956 897/869/897 955/944/955
f 957/945/957 930/922/930 877/868/877
f 958/946/958 931/923/931 878/870/878
f 898/897/898 911/896/911 977/947/977
f 960/948/960 912/898/912 843/899/843
f 961/949/961 914/903/914 899/902/899
f 962/950/962 880/886/880 824/904/824
f 882/906/882 900/818/900 963/951/963
f 939/907/939 884/874/884 965/952/965
f 966/953/966 916/908/916 885/875/885
f 967/954/967 886/876/886 867/859/867
f 902/890/902 872/862/872 968/955/968
f 970/956/970 889/879/889 969/957/969
f 970/956/970 903/912/903 919/911/919
f 971/958/971 920/913/920 904/891/904
f 948/935/948 875/865/875 972/959/972
f 973/960/973 950/936/950 923/916/923
f 975/961/975 952/940/952 925/938/925
f 952/940/952 926/962/926 896/885/896
f 977/947/977 911/896/911 976/963/976
f 978/964/978 932/924/932 898/897/898
f 935/965/935 915/966/915 1005/967/1005
f 966/953/966 967/954/967 916/908/916
f 980/968/980 940/928/940 886/876/886
f 944/931/944 901/889/901 982/969/982
f 969/957/969 902/890/902 983/970/983
f 984/971/984 971/958/971 903/912/903
f 995/972/995 922/915/922 921/914/921
f 949/973/949 891/881/891 948/935/948
f 985/974/985 951/939/951 924/917/924
f 986/975/986 975/961/975 951/939/951
f 987/976/987 955/944/955 954/920/954
f 988/977/988 933/925/933 912/898/912
f 962/950/962 934/978/934 880/886/880
f 990/979/990 941/929/941 917/909/917
f 942/930/942 887/877/887 991/980/991
f 993/981/993 944/931/944 992/982/992
f 945/932/945 944/931/944 993/981/993
f 905/892/905 920/913/920 994/983/994
f 947/984/947 906/893/906 946/933/946
f 948/935/948 972/959/972 997/985/997
f 954/920/954 909/894/909 998/986/998
f 999/987/999 956/943/956 955/944/955
f 1000/988/1000 956/943/956 999/987/999
f 930/922/930 957/945/957 1000/988/1000
f 1001/989/1001 977/947/977 976/963/976
f 1002/990/1002 960/948/960 932/924/932
f 1004/991/1004 915/966/915 934/978/934
f 1006/992/1006 827/816/827 793/784/793
f 1008/993/1008 938/927/938 964/905/964
f 965/952/965 1052/994/1052 1009/995/1009
f 1010/996/1010 966/953/966 939/907/939
f 980/968/980 967/954/967 1012/997/1012
f 981/998/981 940/928/940 980/968/980
f 990/979/990 991/980/991 941/929/941
f 1014/999/1014 982/969/982 943/1000/943
f 993/981/993 968/955/968 945/932/945
f 983/970/983 968/955/968 1015/1001/1015
f 994/983/994 971/958/971 1016/1002/1016
f 995/972/995 905/892/905 994/983/994
f 1017/1003/1017 996/1004/996 922/915/922
f 947/984/947 946/933/946 1018/1005/1018
f 1019/1006/1019 997/985/997 947/984/947
f 1020/1007/1020 948/935/948 997/985/997
f 1020/1007/1020 973/960/973 949/973/949
f 1022/1008/1022 973/960/973 1021/1009/1021
f 1022/1008/1022 974/1010/974 950/936/950
f 985/974/985 974/1010/974 1023/1011/1023
f 1025/1012/1025 952/940/952 975/961/975
f 1027/1013/1027 952/940/952 1026/1014/1026
f 927/942/927 953/941/953 1027/1013/1027
f 998/986/998 928/919/928 1028/1015/1028
f 987/976/987 954/920/954 1029/1016/1029
f 1030/1017/1030 930/922/930 1000/988/1000
f 958/946/958 930/922/930 1030/1017/1030
f 1031/1018/1031 976/963/976 931/923/931
f 1001/989/1001 976/963/976 1032/1019/1032
f 1033/1020/1033 978/964/978 959/1021/959
f 1035/1022/1035 961/949/961 913/900/913
f 1037/1023/1037 934/978/934 962/950/962
f 1037/1023/1037 1004/991/1004 934/978/934
f 979/1024/979 937/1025/937 846/838/846
f 1038/1026/1038 1011/1027/1011 966/953/966
f 1040/1028/1040 990/979/990 981/998/981
f 1014/999/1014 942/930/942 1013/1029/1013
f 992/982/992 982/969/982 1042/1030/1042
f 1044/1031/1044 994/983/994 1043/1032/1043
f 1045/1033/1045 995/972/995 1044/1031/1044
f 1046/1034/1046 995/972/995 1045/1033/1045
f 1046/1034/1046 1017/1003/1017 922/915/922
f 1047/1035/1047 1019/1006/1019 947/984/947
f 1048/1036/1048 1024/1037/1024 986/975/986
f 1049/1038/1049 1028/1015/1028 927/942/927
f 1000/988/1000 999/987/999 1050/1039/1050
f 1005/967/1005 915/966/915 1004/991/1004
f 1007/1040/1007 989/1041/989 963/951/963
f 1010/996/1010 965/952/965 1053/1042/1053
f 1054/1043/1054 1040/1028/1040 980/968/980
f 1055/1044/1055 1013/1029/1013 991/980/991
f 1013/1029/1013 1042/1030/1042 1014/999/1014
f 984/971/984 970/956/970 1056/1045/1056
f 1043/1032/1043 994/983/994 1016/1002/1016
f 1018/1005/1018 996/1004/996 1057/1046/1057
f 1058/1047/1058 1023/1011/1023 1022/1008/1022
f 985/974/985 1023/1011/1023 1059/1048/1059
f 1029/1016/1029 998/986/998 1060/1049/1060
f 1062/1050/1062 958/946/958 1061/1051/1061
f 1031/1018/1031 958/946/958 1062/1050/1062
f 1064/1052/1064 977/947/977 1001/989/1001
f 1065/1053/1065 1033/1020/1033 977/947/977
f 1068/1054/1068 1037/1023/1037 1067/1055/1067
f 1069/1056/1069 225/212/225 595/586/595
f 1012/997/1012 1011/1027/1011 1071/1057/1071
f 1072/1058/1072 1013/1029/1013 1055/1044/1055
f 1074/1059/1074 992/982/992 1042/1030/1042
f 1016/1002/1016 984/971/984 1075/1060/1075
f 1044/1031/1044 1043/1032/1043 1076/1061/1076
f 1047/1035/1047 1018/1005/1018 1077/1062/1077
f 1078/1063/1078 1022/1008/1022 1021/1009/1021
f 1059/1048/1059 1048/1036/1048 985/974/985
f 1079/1064/1079 1025/1012/1025 1024/1037/1024
f 1030/1017/1030 1000/988/1000 1081/1065/1081
f 1082/1066/1082 1034/1067/1034 988/977/988
f 1005/967/1005 1004/991/1004 1100/1068/1100
f 936/926/936 827/816/827 1006/992/1006
f 1084/1069/1084 863/1070/863 716/701/716
f 1071/1057/1071 1039/1071/1039 1012/997/1012
f 1055/1044/1055 990/979/990 1087/1072/1087
f 1088/1073/1088 1073/1074/1073 1013/1029/1013
f 1076/1061/1076 1016/1002/1016 1089/1075/1089
f 1091/1076/1091 1044/1031/1044 1090/1077/1090
f 1045/1033/1045 1044/1031/1044 1091/1076/1091
f 1093/1078/1093 997/985/997 1092/1079/1092
f 1093/1078/1093 1078/1063/1078 1020/1007/1020
f 1094/1080/1094 1026/1014/1026 1025/1012/1025
f 1095/1081/1095 1049/1038/1049 1026/1014/1026
f 1028/1015/1028 1049/1038/1049 1096/1082/1096
f 1097/1083/1097 1029/1016/1029 1080/1084/1080
f 1062/1050/1062 1063/1085/1063 1031/1018/1031
f 1098/1086/1098 1003/1087/1003 1034/1067/1034
f 1099/1088/1099 1066/1089/1066 1035/1022/1035
f 1197/1090/1197 1006/992/1006 935/965/935
f 845/837/845 1084/1069/1084 862/684/862
f 1085/1091/1085 989/1041/989 1007/1040/1007
f 1102/1092/1102 1008/993/1008 989/1041/989
f 1103/1093/1103 1086/1094/1086 1052/994/1052
f 1086/1094/1086 1053/1042/1053 1009/995/1009
f 1105/1095/1105 1038/1026/1038 1010/996/1010
f 1107/1096/1107 1040/1028/1040 1039/1071/1039
f 1074/1059/1074 1042/1030/1042 1108/1097/1108
f 1110/1098/1110 1074/1059/1074 1109/1099/1109
f 1091/1076/1091 1046/1034/1046 1045/1033/1045
f 1111/1100/1111 1057/1046/1057 1130/1101/1130
f 1111/1100/1111 1077/1062/1077 1057/1046/1057
f 1019/1006/1019 1047/1035/1047 1077/1062/1077
f 1113/1102/1113 1048/1036/1048 1059/1048/1059
f 1114/1103/1114 1079/1064/1079 1048/1036/1048
f 1115/1104/1115 1095/1081/1095 1026/1014/1026
f 1060/1049/1060 1028/1015/1028 1116/1105/1116
f 1117/1106/1117 1081/1065/1081 1050/1039/1050
f 1118/1107/1118 1081/1065/1081 1117/1106/1117
f 1061/1051/1061 1030/1017/1030 1118/1107/1118
f 1065/1053/1065 1051/1108/1051 1033/1020/1033
f 1120/1109/1120 1098/1086/1098 1034/1067/1034
f 1098/1086/1098 1099/1088/1099 1003/1087/1003
f 1068/1054/1068 1100/1068/1100 1037/1023/1037
f 1121/1110/1121 1007/1040/1007 937/1025/937
f 1102/1092/1102 1103/1093/1103 1008/993/1008
f 1122/1111/1122 1104/1112/1104 1086/1094/1086
f 1123/1113/1123 1105/1095/1105 1053/1042/1053
f 1105/1095/1105 1106/1114/1106 1038/1026/1038
f 1087/1072/1087 1041/1115/1041 1125/1116/1125
f 1127/1117/1127 1055/1044/1055 1126/1118/1126
f 1088/1073/1088 1072/1058/1072 1127/1117/1127
f 1108/1097/1108 1073/1074/1073 1144/1119/1144
f 1129/1120/1129 1076/1061/1076 1089/1075/1089
f 1092/1079/1092 1019/1006/1019 1131/1121/1131
f 1078/1063/1078 1093/1078/1093 1132/1122/1132
f 1113/1102/1113 1058/1047/1058 1133/1123/1133
f 1114/1103/1114 1094/1080/1094 1079/1064/1079
f 1138/1124/1138 1062/1050/1062 1137/1125/1137
f 1082/1066/1082 1051/1108/1051 1139/1126/1139
f 1140/1127/1140 1066/1089/1066 1167/1128/1167
f 1141/1129/1141 979/1024/979 863/1070/863
f 1142/1130/1142 1122/1111/1122 1086/1094/1086
f 1106/1114/1106 1107/1096/1107 1071/1057/1071
f 1056/1045/1056 1015/1001/1015 1178/1131/1178
f 1090/1077/1090 1076/1061/1076 1145/1132/1145
f 1131/1121/1131 1077/1062/1077 1112/1133/1112
f 1148/1134/1148 1093/1078/1093 1147/1135/1147
f 1132/1122/1132 1093/1078/1093 1148/1134/1148
f 1133/1123/1133 1078/1063/1078 1132/1122/1132
f 1149/1136/1149 1134/1137/1134 1114/1103/1114
f 1134/1137/1134 1115/1104/1115 1094/1080/1094
f 1135/1138/1135 1096/1082/1096 1095/1081/1095
f 1150/1139/1150 1060/1049/1060 1116/1105/1116
f 1150/1139/1150 1136/1140/1136 1060/1049/1060
f 1118/1107/1118 1117/1106/1117 1097/1083/1097
f 1119/1141/1119 1065/1053/1065 1153/1142/1153
f 1154/1143/1154 1120/1109/1120 1139/1126/1139
f 1068/1054/1068 1067/1055/1067 1155/1144/1155
f 1169/1145/1169 935/965/935 1083/1146/1083
f 1084/1069/1084 1141/1129/1141 863/1070/863
f 1106/1114/1106 1105/1095/1105 1156/1147/1156
f 1157/1148/1157 1124/1149/1124 1107/1096/1107
f 1144/1119/1144 1088/1073/1088 1158/1150/1158
f 1159/1151/1159 1109/1099/1109 1108/1097/1108
f 1160/1152/1160 1109/1099/1109 1159/1151/1159
f 1160/1152/1160 1110/1098/1110 1109/1099/1109
f 1162/1153/1162 1056/1045/1056 1161/1154/1161
f 1128/1155/1128 1075/1060/1075 1162/1153/1162
f 1163/1156/1163 1112/1133/1112 1111/1100/1111
f 1165/1157/1165 1114/1103/1114 1113/1102/1113
f 1139/1126/1139 1119/1141/1119 1153/1142/1153
f 1167/1128/1167 1099/1088/1099 1195/1158/1195
f 1168/1159/1168 1068/1054/1068 1155/1144/1155
f 1170/1160/1170 1101/1161/1101 1085/1091/1085
f 1171/1162/1171 1101/1161/1101 1170/1160/1170
f 1171/1162/1171 1103/1093/1103 1102/1092/1102
f 1173/1163/1173 1142/1130/1142 1086/1094/1086
f 1122/1111/1122 1123/1113/1123 1104/1112/1104
f 1177/1164/1177 1126/1118/1126 1176/1165/1176
f 1179/1166/1179 1091/1076/1091 1090/1077/1090
f 1163/1156/1163 1130/1101/1130 1206/1167/1206
f 1180/1168/1180 1131/1121/1131 1112/1133/1112
f 1181/1169/1181 1092/1079/1092 1131/1121/1131
f 1183/1170/1183 1114/1103/1114 1165/1157/1165
f 1184/1171/1184 1149/1136/1149 1114/1103/1114
f 1166/1172/1166 1149/1136/1149 1185/1173/1185
f 1166/1172/1166 1115/1104/1115 1134/1137/1134
f 1186/1174/1186 1135/1138/1135 1115/1104/1115
f 1189/1175/1189 1151/1176/1151 1136/1140/1136
f 1191/1177/1191 1137/1125/1137 1118/1107/1118
f 1138/1124/1138 1137/1125/1137 1193/1178/1193
f 1194/1179/1194 1152/1180/1152 1138/1124/1138
f 1168/1159/1168 1155/1144/1155 1196/1181/1196
f 1070/1182/1070 979/1024/979 1141/1129/1141
f 1172/1183/1172 1173/1163/1173 1103/1093/1103
f 1174/1184/1174 1156/1147/1156 1123/1113/1123
f 1199/1185/1199 1143/1186/1143 1106/1114/1106
f 1157/1148/1157 1175/1187/1175 1124/1149/1124
f 1176/1165/1176 1125/1116/1125 1175/1187/1175
f 1202/1188/1202 1159/1151/1159 1144/1119/1144
f 1204/1189/1204 1161/1154/1161 1203/1190/1203
f 1162/1153/1162 1161/1154/1161 1204/1189/1204
f 1205/1191/1205 1179/1166/1179 1145/1132/1145
f 1165/1157/1165 1133/1123/1133 1250/1192/1250
f 1191/1177/1191 1097/1083/1097 1190/1193/1190
f 1209/1194/1209 1139/1126/1139 1208/1195/1208
f 1211/1196/1211 1098/1086/1098 1210/1197/1210
f 1195/1158/1195 1098/1086/1098 1211/1196/1211
f 1212/1198/1212 3/2/3 225/212/225
f 1213/1199/1213 1170/1160/1170 1085/1091/1085
f 1214/1200/1214 1122/1111/1122 1142/1130/1142
f 1216/1201/1216 1200/1202/1200 1215/1203/1215
f 1176/1165/1176 1175/1187/1175 1216/1201/1216
f 1202/1188/1202 1158/1150/1158 1217/1204/1217
f 1178/1131/1178 1160/1152/1160 1219/1205/1219
f 1220/1206/1220 1162/1153/1162 1204/1189/1204
f 1221/1207/1221 1128/1155/1128 1220/1206/1220
f 1205/1191/1205 1129/1120/1129 1221/1207/1221
f 1224/1208/1224 1163/1156/1163 1223/1209/1223
f 1224/1208/1224 1180/1168/1180 1163/1156/1163
f 1225/1210/1225 1148/1134/1148 1147/1135/1147
f 1227/1211/1227 1148/1134/1148 1226/1212/1226
f 1182/1213/1182 1164/1214/1164 1227/1211/1227
f 1183/1170/1183 1165/1157/1165 1228/1215/1228
f 1230/1216/1230 1150/1139/1150 1188/1217/1188
f 1231/1218/1231 1190/1193/1190 1151/1176/1151
f 1232/1219/1232 1153/1142/1153 1152/1180/1152
f 1233/1220/1233 1208/1195/1208 1153/1142/1153
f 1155/1144/1155 1140/1127/1140 1235/1221/1235
f 1069/1056/1069 936/926/936 1261/1222/1261
f 1070/1182/1070 1141/1129/1141 1300/1223/1300
f 1237/1224/1237 1121/1110/1121 1070/1182/1070
f 1237/1224/1237 1213/1199/1213 1121/1110/1121
f 1239/1225/1239 1172/1183/1172 1171/1162/1171
f 1241/1226/1241 1156/1147/1156 1174/1184/1174
f 1199/1185/1199 1156/1147/1156 1242/1227/1242
f 1219/1205/1219 1159/1151/1159 1218/1228/1218
f 1245/1229/1245 1203/1190/1203 1178/1131/1178
f 1247/1230/1247 1203/1190/1203 1246/1231/1246
f 1222/1232/1222 1206/1167/1206 1146/1233/1146
f 1249/1234/1249 1180/1168/1180 1248/1235/1248
f 1225/1210/1225 1181/1169/1181 1249/1234/1249
f 1250/1192/1250 1182/1213/1182 1227/1211/1227
f 1228/1215/1228 1184/1171/1184 1183/1170/1183
f 1252/1236/1252 1184/1171/1184 1251/1237/1251
f 1272/1238/1272 1186/1174/1186 1252/1236/1252
f 1272/1238/1272 1187/1239/1187 1186/1174/1186
f 1253/1240/1253 1231/1218/1231 1151/1176/1151
f 1254/1241/1254 1192/1242/1192 1191/1177/1191
f 1233/1220/1233 1153/1142/1153 1255/1243/1255
f 1234/1244/1234 1210/1197/1210 1257/1245/1257
f 1258/1246/1258 1167/1128/1167 1195/1158/1195
f 1258/1246/1258 1235/1221/1235 1167/1128/1167
f 1196/1181/1196 1155/1144/1155 1259/1247/1259
f 1168/1159/1168 1236/1248/1236 1169/1145/1169
f 1239/1225/1239 1173/1163/1173 1172/1183/1172
f 1262/1249/1262 1241/1226/1241 1174/1184/1174
f 1242/1227/1242 1241/1226/1241 1263/1250/1263
f 1200/1202/1200 1199/1185/1199 1264/1251/1264
f 1265/1252/1265 1177/1164/1177 1176/1165/1176
f 1266/1253/1266 1201/1254/1201 1177/1164/1177
f 1218/1228/1218 1202/1188/1202 1267/1255/1267
f 1204/1189/1204 1247/1230/1247 1268/1256/1268
f 1270/1257/1270 1226/1212/1226 1225/1210/1225
f 1271/1258/1271 1228/1215/1228 1291/1259/1291
f 1271/1258/1271 1251/1237/1251 1228/1215/1228
f 1274/1260/1274 1193/1178/1193 1192/1242/1192
f 1277/1261/1277 1193/1178/1193 1276/1262/1276
f 1277/1261/1277 1207/1263/1207 1194/1179/1194
f 1278/1264/1278 1209/1194/1209 1208/1195/1208
f 1279/1265/1279 1209/1194/1209 1278/1264/1278
f 1257/1245/1257 1210/1197/1210 1279/1265/1279
f 1259/1247/1259 1168/1159/1168 1196/1181/1196
f 1260/1266/1260 1006/992/1006 1197/1090/1197
f 1280/1267/1280 1198/1268/1198 1006/992/1006
f 1215/1203/1215 1200/1202/1200 1264/1251/1264
f 1282/1269/1282 1216/1201/1216 1281/1270/1281
f 1282/1269/1282 1265/1252/1265 1244/1271/1244
f 1301/1272/1301 1201/1254/1201 1266/1253/1266
f 1267/1255/1267 1217/1204/1217 1301/1272/1301
f 1284/1273/1284 1218/1228/1218 1283/1274/1283
f 1245/1229/1245 1219/1205/1219 1284/1273/1284
f 1268/1256/1268 1247/1230/1247 1285/1275/1285
f 1221/1207/1221 1220/1206/1220 1303/1276/1303
f 1287/1277/1287 1223/1209/1223 1206/1167/1206
f 1289/1278/1289 1223/1209/1223 1288/1279/1288
f 1289/1278/1289 1248/1235/1248 1224/1208/1224
f 1249/1234/1249 1270/1257/1270 1225/1210/1225
f 1291/1259/1291 1250/1192/1250 1290/1280/1290
f 1293/1281/1293 1187/1239/1187 1272/1238/1272
f 1294/1282/1294 1230/1216/1230 1229/1283/1229
f 1254/1241/1254 1190/1193/1190 1296/1284/1296
f 1236/1248/1236 1168/1159/1168 1259/1247/1259
f 1298/1285/1298 1260/1266/1260 1169/1145/1169
f 1283/1274/1283 1267/1255/1267 1302/1286/1302
f 1245/1229/1245 1285/1275/1285 1246/1231/1246
f 1304/1287/1304 1205/1191/1205 1221/1207/1221
f 1305/1288/1305 1269/1289/1269 1222/1232/1222
f 1307/1290/1307 1292/1291/1292 1251/1237/1251
f 1308/1292/1308 1272/1238/1272 1292/1291/1292
f 1309/1293/1309 1253/1240/1253 1189/1175/1189
f 1296/1284/1296 1253/1240/1253 1310/1294/1310
f 1296/1284/1296 1273/1295/1273 1254/1241/1254
f 1238/1296/1238 1213/1199/1213 1312/1297/1312
f 1313/1298/1313 1239/1225/1239 1238/1296/1238
f 1263/1250/1263 1241/1226/1241 1332/1299/1332
f 1315/1300/1315 1264/1251/1264 1314/1301/1314
f 1316/1302/1316 1264/1251/1264 1315/1300/1315
f 1243/1303/1243 1215/1203/1215 1316/1302/1316
f 1317/1304/1317 1267/1255/1267 1301/1272/1301
f 1317/1304/1317 1302/1286/1302 1267/1255/1267
f 1318/1305/1318 1268/1256/1268 1285/1275/1285
f 1288/1279/1288 1287/1277/1287 1320/1306/1320
f 1322/1307/1322 1270/1257/1270 1249/1234/1249
f 1324/1308/1324 1306/1309/1306 1323/1310/1323
f 1324/1308/1324 1290/1280/1290 1306/1309/1306
f 1326/1311/1326 1291/1259/1291 1325/1312/1325
f 1307/1290/1307 1271/1258/1271 1326/1311/1326
f 1327/1313/1327 1309/1293/1309 1189/1175/1189
f 1300/1223/1300 1084/1069/1084 1330/1314/1330
f 1332/1299/1332 1240/1315/1240 1350/1316/1350
f 1281/1270/1281 1243/1303/1243 1333/1317/1333
f 1301/1272/1301 1265/1252/1265 1334/1318/1334
f 1285/1275/1285 1245/1229/1245 1336/1319/1336
f 1318/1305/1318 1303/1276/1303 1268/1256/1268
f 1304/1287/1304 1303/1276/1303 1337/1320/1337
f 1319/1321/1319 1269/1289/1269 1338/1322/1338
f 1320/1306/1320 1286/1323/1286 1339/1324/1339
f 1289/1278/1289 1288/1279/1288 1320/1306/1320
f 1327/1313/1327 1295/1325/1295 1294/1282/1294
f 1343/1326/1343 1256/1327/1256 1311/1328/1311
f 1344/1329/1344 1278/1264/1278 1256/1327/1256
f 1345/1330/1345 1297/1331/1297 1257/1245/1257
f 1346/1332/1346 1258/1246/1258 1297/1331/1297
f 1396/1333/1396 1259/1247/1259 1347/1334/1347
f 1236/1248/1236 1259/1247/1259 1396/1333/1396
f 1348/1335/1348 1213/1199/1213 1237/1224/1237
f 1348/1335/1348 1312/1297/1312 1213/1199/1213
f 1351/1336/1351 1314/1301/1314 1263/1250/1263
f 1333/1317/1333 1282/1269/1282 1281/1270/1281
f 1352/1337/1352 1334/1318/1334 1282/1269/1282
f 1354/1338/1354 1301/1272/1301 1353/1339/1353
f 1354/1338/1354 1317/1304/1317 1301/1272/1301
f 1318/1305/1318 1285/1275/1285 1355/1340/1355
f 1356/1341/1356 1305/1288/1305 1304/1287/1304
f 1358/1342/1358 1321/1343/1321 1289/1278/1289
f 1360/1344/1360 1270/1257/1270 1359/1345/1359
f 1360/1344/1360 1324/1308/1324 1323/1310/1323
f 1361/1346/1361 1325/1312/1325 1290/1280/1290
f 1326/1311/1326 1325/1312/1325 1362/1347/1362
f 1363/1348/1363 1293/1281/1293 1308/1292/1308
f 1365/1349/1365 1294/1282/1294 1293/1281/1293
f 1366/1350/1366 1327/1313/1327 1294/1282/1294
f 1368/1351/1368 1273/1295/1273 1296/1284/1296
f 1369/1352/1369 1273/1295/1273 1368/1351/1368
f 1370/1353/1370 1274/1260/1274 1369/1352/1369
f 1370/1353/1370 1276/1262/1276 1275/1354/1275
f 1342/1355/1342 1276/1262/1276 1371/1356/1371
f 1343/1326/1343 1311/1328/1311 1372/1357/1372
f 1373/1358/1373 1328/1359/1328 1278/1264/1278
f 1374/1360/1374 1279/1265/1279 1328/1359/1328
f 1375/1361/1375 1235/1221/1235 1258/1246/1258
f 1280/1267/1280 1260/1266/1260 1376/1362/1376
f 1378/1363/1378 1349/1364/1349 1377/1365/1377
f 1380/1366/1380 1315/1300/1315 1314/1301/1314
f 1381/1367/1381 1316/1302/1316 1315/1300/1315
f 1383/1368/1383 1317/1304/1317 1382/1369/1382
f 1383/1368/1383 1302/1286/1302 1317/1304/1317
f 1335/1370/1335 1302/1286/1302 1384/1371/1384
f 1336/1319/1336 1284/1273/1284 1385/1372/1385
f 1387/1373/1387 1318/1305/1318 1386/1374/1386
f 1387/1373/1387 1337/1320/1337 1318/1305/1318
f 1388/1375/1388 1319/1321/1319 1338/1322/1338
f 1357/1376/1357 1358/1342/1358 1320/1306/1320
f 1389/1377/1389 1322/1307/1322 1321/1343/1321
f 1361/1346/1361 1324/1308/1324 1390/1378/1390
f 1391/1379/1391 1364/1380/1364 1293/1281/1293
f 1392/1381/1392 1367/1382/1367 1327/1313/1327
f 1340/1383/1340 1309/1293/1309 1393/1384/1393
f 1369/1352/1369 1368/1351/1368 1394/1385/1394
f 1379/1386/1379 1351/1336/1351 1332/1299/1332
f 1333/1317/1333 1316/1302/1316 1381/1367/1381
f 1334/1318/1334 1352/1337/1352 1400/1387/1400
f 1401/1388/1401 1356/1341/1356 1337/1320/1337
f 1357/1376/1357 1339/1324/1339 1402/1389/1402
f 1363/1348/1363 1326/1311/1326 1404/1390/1404
f 1405/1391/1405 1391/1379/1391 1363/1348/1363
f 1393/1384/1393 1309/1293/1309 1406/1392/1406
f 1393/1384/1393 1341/1393/1341 1340/1383/1340
f 1368/1351/1368 1341/1393/1341 1425/1394/1425
f 1407/1395/1407 1395/1396/1395 1342/1355/1342
f 1397/1397/1397 1236/1248/1236 1409/1398/1409
f 1350/1316/1350 1349/1364/1349 1411/1399/1411
f 1414/1400/1414 1381/1367/1381 1413/1401/1413
f 1414/1400/1414 1399/1402/1399 1333/1317/1333
f 1400/1387/1400 1333/1317/1333 1399/1402/1399
f 1353/1339/1353 1334/1318/1334 1400/1387/1400
f 1384/1371/1384 1383/1368/1383 1415/1403/1415
f 1416/1404/1416 1355/1340/1355 1336/1319/1336
f 1401/1388/1401 1387/1373/1387 1417/1405/1417
f 1418/1406/1418 1388/1375/1388 1356/1341/1356
f 1389/1377/1389 1358/1342/1358 1419/1407/1419
f 1403/1408/1403 1360/1344/1360 1359/1345/1359
f 1390/1378/1390 1360/1344/1360 1420/1409/1420
f 1422/1410/1422 1362/1347/1362 1421/1411/1421
f 1424/1412/1424 1406/1392/1406 1367/1382/1367
f 1425/1394/1425 1393/1384/1393 1406/1392/1406
f 1426/1413/1426 1394/1385/1394 1368/1351/1368
f 1428/1414/1428 1344/1329/1344 1343/1326/1343
f 1373/1358/1373 1344/1329/1344 1429/1415/1429
f 1430/1416/1430 1374/1360/1374 1373/1358/1373
f 1432/1417/1432 1346/1332/1346 1431/1418/1431
f 1408/1419/1408 1346/1332/1346 1432/1417/1432
f 1409/1398/1409 1236/1248/1236 1396/1333/1396
f 1348/1335/1348 1331/1420/1331 1450/1421/1450
f 1379/1386/1379 1350/1316/1350 1411/1399/1411
f 1434/1422/1434 1380/1366/1380 1351/1336/1351
f 1413/1401/1413 1381/1367/1381 1435/1423/1435
f 1436/1424/1436 1382/1369/1382 1353/1339/1353
f 1415/1403/1415 1382/1369/1382 1436/1424/1436
f 1437/1425/1437 1385/1372/1385 1335/1370/1335
f 1439/1426/1439 1356/1341/1356 1401/1388/1401
f 1418/1406/1418 1356/1341/1356 1439/1426/1439
f 1440/1427/1440 1357/1376/1357 1456/1428/1456
f 1419/1407/1419 1357/1376/1357 1440/1427/1440
f 1441/1429/1441 1389/1377/1389 1419/1407/1419
f 1441/1429/1441 1403/1408/1403 1389/1377/1389
f 1442/1430/1442 1364/1380/1364 1391/1379/1391
f 1364/1380/1364 1423/1431/1423 1365/1349/1365
f 1443/1432/1443 1424/1412/1424 1392/1381/1392
f 1445/1433/1445 1426/1413/1426 1425/1394/1425
f 1427/1434/1427 1370/1353/1370 1369/1352/1369
f 1446/1435/1446 1407/1395/1407 1371/1356/1371
f 1447/1436/1447 1372/1357/1372 1395/1396/1395
f 1430/1416/1430 1373/1358/1373 1482/1437/1482
f 1396/1333/1396 1375/1361/1375 1449/1438/1449
f 1377/1365/1377 1313/1298/1313 1312/1297/1312
f 1434/1422/1434 1351/1336/1351 1412/1439/1412
f 1434/1422/1434 1435/1423/1435 1380/1366/1380
f 1400/1387/1400 1399/1402/1399 1452/1440/1452
f 1436/1424/1436 1353/1339/1353 1453/1441/1453
f 1436/1424/1436 1384/1371/1384 1415/1403/1415
f 1471/1442/1471 1437/1425/1437 1384/1371/1384
f 1438/1443/1438 1416/1404/1416 1385/1372/1385
f 1454/1444/1454 1386/1374/1386 1355/1340/1355
f 1455/1445/1455 1417/1405/1417 1386/1374/1386
f 1457/1446/1457 1403/1408/1403 1441/1429/1441
f 1404/1390/1404 1422/1410/1422 1458/1447/1458
f 1460/1448/1460 1364/1380/1364 1459/1449/1459
f 1460/1448/1460 1423/1431/1423 1364/1380/1364
f 1462/1450/1462 1427/1434/1427 1394/1385/1394
f 1428/1414/1428 1482/1437/1482 1429/1415/1429
f 1464/1451/1464 1448/1452/1448 1374/1360/1374
f 1431/1418/1431 1345/1330/1345 1465/1453/1465
f 1409/1398/1409 1396/1333/1396 1466/1454/1466
f 1299/1455/1299 845/837/845 1329/1456/1329
f 1450/1421/1450 1331/1420/1331 1467/1457/1467
f 1469/1458/1469 1312/1297/1312 1468/1459/1468
f 1377/1365/1377 1312/1297/1312 1469/1458/1469
f 1412/1439/1412 1379/1386/1379 1451/1460/1451
f 1470/1461/1470 1414/1400/1414 1413/1401/1413
f 1472/1462/1472 1439/1426/1439 1417/1405/1417
f 1440/1427/1440 1456/1428/1456 1475/1463/1475
f 1478/1464/1478 1390/1378/1390 1477/1465/1477
f 1478/1464/1478 1422/1410/1422 1390/1378/1390
f 1479/1466/1479 1446/1435/1446 1427/1434/1427
f 1395/1396/1395 1407/1395/1407 1480/1467/1480
f 1376/1362/1376 1397/1397/1397 1466/1454/1466
f 1484/1468/1484 1261/1222/1261 1198/1268/1198
f 1467/1457/1467 1300/1223/1300 1520/1469/1520
f 1434/1422/1434 1412/1439/1412 1503/1470/1503
f 1486/1471/1486 1400/1387/1400 1485/1472/1485
f 1471/1442/1471 1436/1424/1436 1487/1473/1487
f 1488/1474/1488 1455/1445/1455 1454/1444/1454
f 1472/1462/1472 1455/1445/1455 1488/1474/1488
f 1474/1475/1474 1418/1406/1418 1490/1476/1490
f 1475/1463/1475 1456/1428/1456 1491/1477/1491
f 1478/1464/1478 1458/1447/1458 1422/1410/1422
f 1493/1478/1493 1423/1431/1423 1460/1448/1460
f 1493/1478/1493 1443/1432/1443 1423/1431/1423
f 1495/1479/1495 1425/1394/1425 1494/1480/1494
f 1497/1481/1497 1430/1416/1430 1482/1437/1482
f 1464/1451/1464 1430/1416/1430 1497/1481/1497
f 1465/1453/1465 1448/1452/1448 1498/1482/1498
f 1499/1483/1499 1466/1454/1466 1396/1333/1396
f 1501/1484/1501 1377/1365/1377 1500/1485/1500
f 1411/1399/1411 1378/1363/1378 1501/1484/1501
f 1503/1470/1503 1451/1460/1451 1502/1486/1502
f 1504/1487/1504 1435/1423/1435 1434/1422/1434
f 1470/1461/1470 1435/1423/1435 1504/1487/1504
f 1454/1444/1454 1438/1443/1438 1506/1488/1506
f 1507/1489/1507 1491/1477/1491 1474/1475/1474
f 1475/1463/1475 1419/1407/1419 1440/1427/1440
f 1508/1490/1508 1476/1491/1476 1419/1407/1419
f 1510/1492/1510 1477/1465/1477 1457/1446/1457
f 1459/1449/1459 1442/1430/1442 1511/1493/1511
f 1493/1478/1493 1459/1449/1459 1512/1494/1512
f 1513/1495/1513 1424/1412/1424 1443/1432/1443
f 1531/1496/1531 1444/1497/1444 1514/1498/1514
f 1494/1480/1494 1461/1499/1461 1531/1496/1531
f 1515/1500/1515 1480/1467/1480 1446/1435/1446
f 1497/1481/1497 1482/1437/1482 1516/1501/1516
f 1517/1502/1517 1431/1418/1431 1465/1453/1465
f 1433/1503/1433 1408/1419/1408 1518/1504/1518
f 1519/1505/1519 1410/1506/1410 1376/1362/1376
f 1522/1507/1522 1411/1399/1411 1501/1484/1501
f 1523/1508/1523 1411/1399/1411 1522/1507/1522
f 1502/1486/1502 1451/1460/1451 1523/1508/1523
f 1414/1400/1414 1470/1461/1470 1524/1509/1524
f 1525/1510/1525 1487/1473/1487 1486/1471/1486
f 1547/1511/1547 1454/1444/1454 1506/1488/1506
f 1527/1512/1527 1489/1513/1489 1526/1514/1526
f 1478/1464/1478 1477/1465/1477 1529/1515/1529
f 1533/1516/1533 1462/1450/1462 1495/1479/1495
f 1534/1517/1534 1463/1518/1463 1462/1450/1462
f 1535/1519/1535 1515/1500/1515 1479/1466/1479
f 1537/1520/1537 1482/1437/1482 1447/1436/1447
f 1537/1520/1537 1516/1501/1516 1482/1437/1482
f 1517/1502/1517 1432/1417/1432 1431/1418/1431
f 1538/1521/1538 1449/1438/1449 1433/1503/1433
f 1330/1314/1330 1299/1455/1299 1540/1522/1540
f 1541/1523/1541 1450/1421/1450 1467/1457/1467
f 1521/1524/1521 1450/1421/1450 1541/1523/1541
f 1469/1458/1469 1468/1459/1468 1521/1524/1521
f 1524/1509/1524 1505/1525/1505 1414/1400/1414
f 1525/1510/1525 1486/1471/1486 1544/1526/1544
f 1437/1425/1437 1471/1442/1471 1545/1527/1545
f 1547/1511/1547 1506/1488/1506 1546/1528/1546
f 1526/1514/1526 1472/1462/1472 1560/1529/1560
f 1527/1512/1527 1490/1476/1490 1473/1530/1473
f 1548/1531/1548 1507/1489/1507 1474/1475/1474
f 1548/1531/1548 1491/1477/1491 1507/1489/1507
f 1528/1532/1528 1476/1491/1476 1550/1533/1550
f 1510/1492/1510 1509/1534/1509 1551/1535/1551
f 1552/1536/1552 1458/1447/1458 1478/1464/1478
f 1553/1537/1553 1492/1538/1492 1458/1447/1458
f 1553/1537/1553 1511/1493/1511 1492/1538/1492
f 1512/1494/1512 1459/1449/1459 1577/1539/1577
f 1554/1540/1554 1532/1541/1532 1494/1480/1494
f 1555/1542/1555 1479/1466/1479 1463/1518/1463
f 1555/1542/1555 1535/1519/1535 1479/1466/1479
f 1496/1543/1496 1480/1467/1480 1536/1544/1536
f 1464/1451/1464 1497/1481/1497 1556/1545/1556
f 1557/1546/1557 1518/1504/1518 1432/1417/1432
f 1558/1547/1558 1524/1509/1524 1504/1487/1504
f 1559/1548/1559 1485/1472/1485 1505/1525/1505
f 1544/1526/1544 1486/1471/1486 1485/1472/1485
f 1592/1549/1592 1437/1425/1437 1545/1527/1545
f 1592/1549/1592 1546/1528/1546 1506/1488/1506
f 1561/1550/1561 1490/1476/1490 1527/1512/1527
f 1562/1551/1562 1529/1515/1529 1510/1492/1510
f 1565/1552/1565 1498/1482/1498 1464/1451/1464
f 1565/1552/1565 1517/1502/1517 1498/1482/1498
f 1566/1553/1566 1557/1546/1557 1432/1417/1432
f 1484/1468/1484 1198/1268/1198 1410/1506/1410
f 1329/1456/1329 374/370/374 1568/1554/1568
f 1520/1469/1520 1330/1314/1330 1540/1522/1540
f 1503/1470/1503 1502/1486/1502 1569/1555/1569
f 1558/1547/1558 1542/1556/1542 1570/1557/1570
f 1544/1526/1544 1485/1472/1485 1571/1558/1571
f 1561/1550/1561 1526/1514/1526 1572/1559/1572
f 1573/1560/1573 1548/1531/1548 1490/1476/1490
f 1575/1561/1575 1550/1533/1550 1508/1490/1508
f 1551/1535/1551 1562/1551/1562 1510/1492/1510
f 1579/1562/1579 1512/1494/1512 1578/1563/1578
f 1579/1562/1579 1563/1564/1563 1530/1565/1530
f 1531/1496/1531 1514/1498/1514 1580/1566/1580
f 1554/1540/1554 1531/1496/1531 1581/1567/1581
f 1582/1568/1582 1532/1541/1532 1554/1540/1554
f 1583/1569/1583 1536/1544/1536 1515/1500/1515
f 1636/1570/1636 1564/1571/1564 1496/1543/1496
f 1584/1572/1584 1516/1501/1516 1564/1571/1564
f 1585/1573/1585 1538/1521/1538 1518/1504/1518
f 1586/1574/1586 1376/1362/1376 1466/1454/1466
f 1588/1575/1588 1501/1484/1501 1587/1576/1587
f 1606/1577/1606 1522/1507/1522 1588/1575/1588
f 1524/1509/1524 1558/1547/1558 1589/1578/1589
f 1590/1579/1590 1559/1548/1559 1543/1580/1543
f 1594/1581/1594 1547/1511/1547 1593/1582/1593
f 1594/1581/1594 1560/1529/1560 1547/1511/1547
f 1572/1559/1572 1526/1514/1526 1595/1583/1595
f 1596/1584/1596 1574/1585/1574 1573/1560/1573
f 1599/1586/1599 1576/1587/1576 1552/1536/1552
f 1580/1566/1580 1513/1495/1513 1600/1588/1600
f 1581/1567/1581 1531/1496/1531 1601/1589/1601
f 1581/1567/1581 1582/1568/1582 1554/1540/1554
f 1602/1590/1602 1555/1542/1555 1534/1517/1534
f 1636/1570/1636 1536/1544/1536 1603/1591/1603
f 1499/1483/1499 1586/1574/1586 1466/1454/1466
f 1541/1523/1541 1467/1457/1467 1605/1592/1605
f 1587/1576/1587 1501/1484/1501 1623/1593/1623
f 1569/1555/1569 1523/1508/1523 1607/1594/1607
f 1558/1547/1558 1570/1557/1570 1608/1595/1608
f 1589/1578/1589 1590/1579/1590 1524/1509/1524
f 1610/1596/1610 1525/1510/1525 1544/1526/1544
f 1591/1597/1591 1525/1510/1525 1610/1596/1610
f 1592/1549/1592 1545/1527/1545 1611/1598/1611
f 1592/1549/1592 1593/1582/1593 1546/1528/1546
f 1612/1599/1612 1596/1584/1596 1561/1550/1561
f 1597/1600/1597 1574/1585/1574 1613/1601/1613
f 1614/1602/1614 1562/1551/1562 1551/1535/1551
f 1630/1603/1630 1599/1586/1599 1562/1551/1562
f 1577/1539/1577 1553/1537/1553 1615/1604/1615
f 1616/1605/1616 1600/1588/1600 1563/1564/1563
f 1602/1590/1602 1533/1516/1533 1617/1606/1617
f 1618/1607/1618 1583/1569/1583 1555/1542/1555
f 1621/1608/1621 1584/1572/1584 1620/1609/1620
f 1556/1545/1556 1516/1501/1516 1621/1608/1621
f 1605/1592/1605 1520/1469/1520 1638/1610/1638
f 1589/1578/1589 1558/1547/1558 1608/1595/1608
f 1627/1611/1627 1559/1548/1559 1626/1612/1626
f 1609/1613/1609 1571/1558/1571 1627/1611/1627
f 1613/1601/1613 1596/1584/1596 1629/1614/1629
f 1631/1615/1631 1615/1604/1615 1576/1587/1576
f 1578/1563/1578 1577/1539/1577 1632/1616/1632
f 1616/1605/1616 1579/1562/1579 1633/1617/1633
f 1634/1618/1634 1617/1606/1617 1532/1541/1532
f 1636/1570/1636 1603/1591/1603 1635/1619/1635
f 1637/1620/1637 1557/1546/1557 1566/1553/1566
f 1639/1621/1639 1541/1523/1541 1605/1592/1605
f 1623/1593/1623 1541/1523/1541 1639/1621/1639
f 1640/1622/1640 1623/1593/1623 1657/1623/1657
f 1587/1576/1587 1623/1593/1623 1640/1622/1640
f 1624/1624/1624 1569/1555/1569 1641/1625/1641
f 1625/1626/1625 1569/1555/1569 1624/1624/1624
f 1659/1627/1659 1590/1579/1590 1589/1578/1589
f 1644/1628/1644 1593/1582/1593 1643/1629/1643
f 1644/1628/1644 1628/1630/1628 1594/1581/1594
f 1646/1631/1646 1612/1599/1612 1645/1632/1645
f 1666/1633/1666 1613/1601/1613 1629/1614/1629
f 1597/1600/1597 1613/1601/1613 1647/1634/1647
f 1648/1635/1648 1575/1561/1575 1597/1600/1597
f 1650/1636/1650 1631/1615/1631 1599/1586/1599
f 1615/1604/1615 1632/1616/1632 1577/1539/1577
f 1651/1637/1651 1580/1566/1580 1600/1588/1600
f 1652/1638/1652 1582/1568/1582 1581/1567/1581
f 1653/1639/1653 1634/1618/1634 1582/1568/1582
f 1617/1606/1617 1618/1607/1618 1602/1590/1602
f 1654/1640/1654 1565/1552/1565 1556/1545/1556
f 1654/1640/1654 1622/1641/1622 1565/1552/1565
f 1655/1642/1655 1585/1573/1585 1557/1546/1557
f 1655/1642/1655 1538/1521/1538 1585/1573/1585
f 1656/1643/1656 1567/1644/1567 1538/1521/1538
f 1567/1644/1567 1586/1574/1586 1499/1483/1499
f 1641/1625/1641 1607/1594/1607 1658/1645/1658
f 1661/1646/1661 1626/1612/1626 1590/1579/1590
f 1663/1647/1663 1643/1629/1643 1593/1582/1593
f 1595/1583/1595 1560/1529/1560 1664/1648/1664
f 1595/1583/1595 1645/1632/1645 1572/1559/1572
f 1648/1635/1648 1597/1600/1597 1647/1634/1647
f 1667/1649/1667 1650/1636/1650 1599/1586/1599
f 1668/1650/1668 1632/1616/1632 1615/1604/1615
f 1670/1651/1670 1583/1569/1583 1618/1607/1618
f 1670/1651/1670 1635/1619/1635 1583/1569/1583
f 1671/1652/1671 1619/1653/1619 1636/1570/1636
f 1673/1654/1673 1655/1642/1655 1637/1620/1637
f 1540/1522/1540 1329/1456/1329 1674/1655/1674
f 1661/1646/1661 1590/1579/1590 1660/1656/1660
f 1661/1646/1661 1627/1611/1627 1626/1612/1626
f 1642/1657/1642 1609/1613/1609 1676/1658/1676
f 1702/1659/1702 1662/1660/1662 1610/1596/1610
f 1663/1647/1663 1611/1598/1611 1677/1661/1677
f 1644/1628/1644 1643/1629/1643 1678/1662/1678
f 1679/1663/1679 1647/1634/1647 1666/1633/1666
f 1614/1602/1614 1598/1664/1598 1649/1665/1649
f 1633/1617/1633 1578/1563/1578 1680/1666/1680
f 1681/1667/1681 1600/1588/1600 1616/1605/1616
f 1651/1637/1651 1600/1588/1600 1681/1667/1681
f 1734/1668/1734 1672/1669/1672 1622/1641/1622
f 1672/1669/1672 1637/1620/1637 1622/1641/1622
f 1696/1670/1696 1586/1574/1586 1567/1644/1567
f 1684/1671/1684 1519/1505/1519 1586/1574/1586
f 1685/1672/1685 1539/1673/1539 1519/1505/1519
f 1685/1672/1685 1484/1468/1484 1539/1673/1539
f 1639/1621/1639 1605/1592/1605 1638/1610/1638
f 1710/1674/1710 1625/1626/1625 1686/1675/1686
f 1677/1661/1677 1662/1660/1662 1688/1676/1688
f 1678/1662/1678 1628/1630/1628 1644/1628/1644
f 1664/1648/1664 1628/1630/1628 1689/1677/1689
f 1690/1678/1690 1595/1583/1595 1664/1648/1664
f 1690/1678/1690 1665/1679/1665 1595/1583/1595
f 1646/1631/1646 1645/1632/1645 1665/1679/1665
f 1694/1680/1694 1668/1650/1668 1631/1615/1631
f 1686/1675/1686 1624/1624/1624 1641/1625/1641
f 1699/1681/1699 1660/1656/1660 1659/1627/1659
f 1701/1682/1701 1660/1656/1660 1700/1683/1700
f 1687/1684/1687 1660/1656/1660 1701/1682/1701
f 1687/1684/1687 1627/1611/1627 1661/1646/1661
f 1691/1685/1691 1649/1665/1649 1648/1635/1648
f 1706/1686/1706 1669/1687/1669 1653/1639/1653
f 1670/1651/1670 1669/1687/1669 1707/1688/1707
f 1708/1689/1708 1635/1619/1635 1670/1651/1670
f 1709/1690/1709 1656/1643/1656 1655/1642/1655
f 1684/1671/1684 1685/1672/1685 1519/1505/1519
f 1710/1674/1710 1686/1675/1686 1727/1691/1727
f 1676/1658/1676 1627/1611/1627 1711/1692/1711
f 1712/1693/1712 1678/1662/1678 1663/1647/1663
f 1689/1677/1689 1678/1662/1678 1713/1694/1713
f 1690/1678/1690 1664/1648/1664 1689/1677/1689
f 1715/1695/1715 1649/1665/1649 1714/1696/1714
f 1716/1697/1716 1692/1698/1692 1614/1602/1614
f 1718/1699/1718 1680/1666/1680 1668/1650/1668
f 1720/1700/1720 1707/1688/1707 1669/1687/1669
f 1708/1689/1708 1670/1651/1670 1707/1688/1707
f 1721/1701/1721 1635/1619/1635 1708/1689/1708
f 1682/1702/1682 1619/1653/1619 1671/1652/1671
f 1709/1690/1709 1695/1703/1695 1656/1643/1656
f 1723/1704/1723 1684/1671/1684 1586/1574/1586
f 1724/1705/1724 1604/1706/1604 1484/1468/1484
f 1639/1621/1639 1638/1610/1638 1697/1707/1697
f 1698/1708/1698 1675/1709/1675 1725/1710/1725
f 1726/1711/1726 1698/1708/1698 1748/1712/1748
f 1727/1691/1727 1698/1708/1698 1726/1711/1726
f 1702/1659/1702 1676/1658/1676 1711/1692/1711
f 1740/1713/1740 1688/1676/1688 1728/1714/1728
f 1740/1713/1740 1712/1693/1712 1703/1715/1703
f 1729/1716/1729 1689/1677/1689 1713/1694/1713
f 1729/1716/1729 1665/1679/1665 1690/1678/1690
f 1730/1717/1730 1679/1663/1679 1646/1631/1646
f 1704/1718/1704 1679/1663/1679 1731/1719/1731
f 1717/1720/1717 1693/1721/1693 1733/1722/1733
f 1681/1667/1681 1633/1617/1633 1741/1723/1741
f 1737/1724/1737 1710/1674/1710 1774/1725/1774
f 1737/1724/1737 1699/1681/1699 1710/1674/1710
f 1711/1692/1711 1687/1684/1687 1738/1726/1738
f 1731/1719/1731 1679/1663/1679 1730/1717/1730
f 1705/1727/1705 1681/1667/1681 1742/1728/1742
f 1721/1701/1721 1708/1689/1708 1753/1729/1753
f 1743/1730/1743 1682/1702/1682 1671/1652/1671
f 1754/1731/1754 1672/1669/1672 1734/1668/1734
f 1747/1732/1747 1657/1623/1657 1746/1733/1746
f 1736/1734/1736 1657/1623/1657 1747/1732/1747
f 1738/1726/1738 1701/1682/1701 1758/1735/1758
f 1783/1736/1783 1728/1714/1728 1702/1659/1702
f 1740/1713/1740 1728/1714/1728 1749/1737/1749
f 1750/1738/1750 1712/1693/1712 1740/1713/1740
f 1755/1739/1755 1673/1654/1673 1672/1669/1672
f 1745/1740/1745 1735/1741/1735 1695/1703/1695
f 1773/1742/1773 1685/1672/1685 1684/1671/1684
f 1746/1733/1746 1639/1621/1639 1757/1743/1757
f 1759/1744/1759 1713/1694/1713 1712/1693/1712
f 1760/1745/1760 1729/1716/1729 1713/1694/1713
f 1730/1717/1730 1665/1679/1665 1751/1746/1751
f 1762/1747/1762 1731/1719/1731 1761/1748/1761
f 1762/1747/1762 1732/1749/1732 1704/1718/1704
f 1716/1697/1716 1715/1695/1715 1764/1750/1764
f 1765/1751/1765 1733/1722/1733 1692/1698/1692
f 1768/1752/1768 1720/1700/1720 1706/1686/1706
f 1769/1753/1769 1753/1729/1753 1720/1700/1720
f 1770/1754/1770 1721/1701/1721 1778/1755/1778
f 1770/1754/1770 1743/1730/1743 1721/1701/1721
f 1722/1756/1722 1683/1757/1683 1772/1758/1772
f 1212/1198/1212 1604/1706/1604 1724/1705/1724
f 1774/1725/1774 1726/1711/1726 1781/1759/1781
f 1739/1760/1739 1711/1692/1711 1782/1761/1782
f 1775/1762/1775 1750/1738/1750 1740/1713/1740
f 1759/1744/1759 1760/1745/1760 1713/1694/1713
f 1764/1750/1764 1714/1696/1714 1763/1763/1763
f 1765/1751/1765 1716/1697/1716 1764/1750/1764
f 1777/1764/1777 1718/1699/1718 1717/1720/1717
f 1771/1765/1771 1682/1702/1682 1743/1730/1743
f 1779/1766/1779 1735/1741/1735 1745/1740/1745
f 1780/1767/1780 1773/1742/1773 1723/1704/1723
f 1781/1759/1781 1725/1710/1725 1799/1768/1799
f 1783/1736/1783 1739/1760/1739 1782/1761/1782
f 1775/1762/1775 1749/1737/1749 1784/1769/1784
f 1762/1747/1762 1752/1770/1752 1732/1749/1732
f 1767/1771/1767 1742/1728/1742 1792/1772/1792
f 1786/1773/1786 1706/1686/1706 1719/1774/1719
f 1786/1773/1786 1768/1752/1768 1706/1686/1706
f 1787/1775/1787 1772/1758/1772 1682/1702/1682
f 1755/1739/1755 1754/1731/1754 1788/1776/1788
f 1782/1761/1782 1738/1726/1738 1800/1777/1800
f 1790/1778/1790 1760/1745/1760 1759/1744/1759
f 1791/1779/1791 1761/1748/1761 1730/1717/1730
f 1793/1780/1793 1719/1774/1719 1767/1771/1767
f 1793/1780/1793 1786/1773/1786 1719/1774/1719
f 1794/1781/1794 1778/1755/1778 1753/1729/1753
f 1771/1765/1771 1770/1754/1770 1778/1755/1778
f 1788/1776/1788 1722/1756/1722 1795/1782/1795
f 1796/1783/1796 1723/1704/1723 1735/1741/1735
f 1790/1778/1790 1776/1784/1776 1760/1745/1760
f 1730/1717/1730 1751/1746/1751 1791/1779/1791
f 1762/1747/1762 1761/1748/1761 1801/1785/1801
f 1803/1786/1803 1741/1723/1741 1718/1699/1718
f 1792/1772/1792 1793/1780/1793 1767/1771/1767
f 1799/1768/1799 1747/1732/1747 1798/1787/1798
f 1805/1788/1805 1781/1759/1781 1799/1768/1799
f 1800/1777/1800 1758/1735/1758 1806/1789/1806
f 1807/1790/1807 1759/1744/1759 1775/1762/1775
f 1808/1791/1808 1802/1792/1802 1762/1747/1762
f 1809/1793/1809 1794/1781/1794 1769/1753/1769
f 1795/1782/1795 1772/1758/1772 1787/1775/1787
f 1810/1794/1810 1779/1766/1779 1789/1795/1789
f 1796/1783/1796 1780/1767/1780 1723/1704/1723
f 1811/1796/1811 1724/1705/1724 1780/1767/1780
f 1811/1796/1811 1797/1797/1797 1724/1705/1724
f 1798/1787/1798 1746/1733/1746 1757/1743/1757
f 1814/1798/1814 1790/1778/1790 1759/1744/1759
f 1764/1750/1764 1763/1763/1763 1815/1799/1815
f 1817/1800/1817 1803/1786/1803 1777/1764/1777
f 1818/1801/1818 1768/1752/1768 1786/1773/1786
f 1822/1802/1822 1789/1795/1789 1755/1739/1755
f 1813/1803/1813 1782/1761/1782 1826/1804/1826
f 1807/1790/1807 1775/1762/1775 1784/1769/1784
f 1827/1805/1827 1776/1784/1776 1790/1778/1790
f 1827/1805/1827 1785/1806/1785 1776/1784/1776
f 1816/1807/1816 1817/1800/1817 1777/1764/1777
f 1828/1808/1828 1793/1780/1793 1792/1772/1792
f 1821/1809/1821 1822/1802/1822 1788/1776/1788
f 1829/1810/1829 1796/1783/1796 1779/1766/1779
f 1830/1811/1830 1780/1767/1780 1796/1783/1796
f 1823/1812/1823 1757/1743/1757 1804/1813/1804
f 1805/1788/1805 1799/1768/1799 1824/1814/1824
f 1833/1815/1833 1803/1786/1803 1832/1816/1832
f 1836/1817/1836 1793/1780/1793 1828/1808/1828
f 1823/1812/1823 1804/1813/1804 1756/1818/1756
f 1824/1814/1824 1798/1787/1798 1823/1812/1823
f 1835/1819/1835 1805/1788/1805 1824/1814/1824
f 1841/1820/1841 1802/1792/1802 1808/1791/1808
f 1816/1807/1816 1765/1751/1765 1815/1799/1815
f 1836/1817/1836 1818/1801/1818 1793/1780/1793
f 1834/1821/1834 1795/1782/1795 1787/1775/1787
f 1837/1822/1837 1811/1796/1811 1830/1811/1830
f 1837/1822/1837 1797/1797/1797 1811/1796/1811
f 1869/1823/1869 1797/1797/1797 1837/1822/1837
f 1812/1824/1812 1825/1825/1825 1835/1819/1835
f 1836/1817/1836 1828/1808/1828 1833/1815/1833
f 1843/1826/1843 1821/1809/1821 1795/1782/1795
f 1843/1826/1843 1822/1802/1822 1821/1809/1821
f 1845/1827/1845 1785/1806/1785 1827/1805/1827
f 1845/1827/1845 1831/1828/1831 1785/1806/1785
f 1851/1829/1851 1824/1814/1824 1850/1830/1850
f 1844/1831/1844 1812/1824/1812 1851/1829/1851
f 1839/1832/1839 1838/1833/1838 1844/1831/1844
f 1840/1834/1840 1814/1798/1814 1807/1790/1807
f 1852/1835/1852 1815/1799/1815 1846/1836/1846
f 1852/1835/1852 1817/1800/1817 1816/1807/1816
f 1852/1835/1852 1832/1816/1832 1817/1800/1817
f 1842/1837/1842 1809/1793/1809 1847/1838/1847
f 1843/1826/1843 1829/1810/1829 1822/1802/1822
f 1850/1830/1850 1823/1812/1823 1849/1839/1849
f 1854/1840/1854 1841/1820/1841 1845/1827/1845
f 1856/1841/1856 1832/1816/1832 1852/1835/1852
f 1859/1842/1859 1834/1821/1834 1820/1843/1820
f 1848/1844/1848 1829/1810/1829 1843/1826/1843
f 1837/1822/1837 1830/1811/1830 1848/1844/1848
f 1857/1845/1857 1851/1829/1851 1850/1830/1850
f 1858/1846/1858 1844/1831/1844 1857/1845/1857
f 1858/1846/1858 1840/1834/1840 1839/1832/1839
f 1853/1847/1853 1833/1815/1833 1856/1841/1856
f 1860/1848/1860 1843/1826/1843 1834/1821/1834
f 1861/1849/1861 1856/1841/1856 1852/1835/1852
f 1862/1850/1862 1837/1822/1837 1848/1844/1848
f 1863/1851/1863 1850/1830/1850 1849/1839/1849
f 1864/1852/1864 1857/1845/1857 1863/1851/1863
f 1864/1852/1864 1854/1840/1854 1858/1846/1858
f 1864/1852/1864 1855/1853/1855 1854/1840/1854
f 1865/1854/1865 1861/1849/1861 1855/1853/1855
f 1866/1855/1866 1856/1841/1856 1861/1849/1861
f 1866/1855/1866 1859/1842/1859 1853/1847/1853
f 1867/1856/1867 1860/1848/1860 1859/1842/1859
f 1862/1850/1862 1848/1844/1848 1860/1848/1860
f 1862/1850/1862 1867/1856/1867 1866/1855/1866
f 1868/1857/1868 1865/1854/1865 1863/1851/1863
f 1868/1857/1868 1866/1855/1866 1865/1854/1865
f 1868/1857/1868 1862/1850/1862 1866/1855/1866
f 1869/1823/1869 1862/1850/1862 1868/1857/1868
f 7/7/7 2/3/2 1/84/1
f 7/7/7 4/6/4 2/3/2
f 4/6/4 5/1/5 2/3/2
f 9/8/9 10/10/10 5/1/5
f 11/9/11 6/4/6 5/1/5
f 13/27/13 3/2/3 6/4/6
f 14/30/14 7/7/7 1/84/1
f 15/29/15 8/5/8 7/7/7
f 16/12/16 17/34/17 4/6/4
f 17/34/17 18/1858/18 4/6/4
f 18/1858/18 9/8/9 4/6/4
f 9/8/9 19/21/19 10/10/10
f 19/21/19 20/14/20 10/10/10
f 22/15/22 11/9/11 10/10/10
f 14/30/14 15/29/15 7/7/7
f 17/34/17 23/37/23 18/1858/18
f 25/23/25 22/15/22 21/13/21
f 27/18/27 12/11/12 11/9/11
f 28/19/28 29/33/29 16/12/16
f 23/37/23 30/20/30 18/1858/18
f 30/20/30 9/8/9 18/1858/18
f 19/21/19 31/22/31 20/14/20
f 24/16/24 32/24/32 21/13/21
f 33/25/33 6/4/6 12/11/12
f 33/25/33 13/27/13 6/4/6
f 47/70/47 35/28/35 14/30/14
f 36/31/36 37/32/37 8/5/8
f 29/33/29 38/36/38 17/34/17
f 39/35/39 40/60/40 23/37/23
f 41/52/41 31/22/31 19/21/19
f 42/44/42 25/23/25 32/24/32
f 44/38/44 22/15/22 25/23/25
f 45/49/45 27/18/27 26/17/26
f 46/48/46 33/25/33 27/18/27
f 35/28/35 36/31/36 15/29/15
f 37/32/37 49/57/49 28/19/28
f 40/60/40 50/41/50 23/37/23
f 50/41/50 51/42/51 30/20/30
f 42/44/42 53/45/53 25/23/25
f 54/47/54 26/17/26 44/38/44
f 55/46/55 45/49/45 26/17/26
f 56/54/56 34/26/34 33/25/33
f 58/56/58 48/40/48 36/31/36
f 49/57/49 29/33/29 28/19/28
f 51/42/51 60/51/60 19/21/19
f 61/99/61 24/16/24 31/22/31
f 61/99/61 62/53/62 24/16/24
f 64/67/64 46/48/46 45/49/45
f 65/113/65 57/50/57 35/28/35
f 48/40/48 59/87/59 37/32/37
f 59/87/59 67/58/67 37/32/37
f 50/41/50 70/79/70 51/42/51
f 73/61/73 42/44/42 52/43/52
f 75/64/75 55/46/55 54/47/54
f 76/66/76 45/49/45 55/46/55
f 77/83/77 34/26/34 56/54/56
f 78/82/78 13/27/13 34/26/34
f 57/50/57 66/55/66 36/31/36
f 80/78/80 38/36/38 29/33/29
f 68/72/68 69/59/69 39/35/39
f 69/59/69 82/73/82 40/60/40
f 71/75/71 61/99/61 31/22/31
f 84/77/84 43/39/43 53/45/53
f 58/56/58 95/95/95 48/40/48
f 80/78/80 85/96/85 38/36/38
f 60/51/60 87/97/87 41/52/41
f 73/61/73 53/45/53 42/44/42
f 75/64/75 90/91/90 55/46/55
f 92/68/92 46/48/46 64/67/64
f 93/109/93 56/54/56 92/68/92
f 102/92/102 3/2/3 13/27/13
f 79/69/79 65/113/65 35/28/35
f 65/113/65 94/93/94 57/50/57
f 95/95/95 59/87/59 48/40/48
f 82/73/82 86/89/86 50/41/50
f 98/98/98 61/99/61 71/75/71
f 62/53/62 99/121/99 52/43/52
f 100/101/100 64/67/64 63/65/63
f 101/103/101 78/82/78 77/83/77
f 66/55/66 103/94/103 58/56/58
f 104/139/104 97/88/97 49/57/49
f 72/62/72 52/43/52 99/121/99
f 105/100/105 44/38/44 89/76/89
f 106/108/106 92/68/92 64/67/64
f 164/85/164 79/69/79 47/70/47
f 97/88/97 110/116/110 80/78/80
f 69/59/69 112/118/112 82/73/82
f 82/73/82 112/118/112 86/89/86
f 83/74/83 114/153/114 71/75/71
f 72/62/72 115/90/115 88/80/88
f 116/106/116 84/77/84 73/61/73
f 116/106/116 117/123/117 84/77/84
f 118/107/118 75/64/75 74/63/74
f 121/111/121 56/54/56 93/109/93
f 122/131/122 108/112/108 79/69/79
f 108/112/108 123/163/123 65/113/65
f 94/93/94 109/145/109 66/55/66
f 109/145/109 124/114/124 66/55/66
f 68/72/68 127/117/127 69/59/69
f 113/105/113 128/151/128 70/79/70
f 130/122/130 89/76/89 84/77/84
f 105/100/105 132/125/132 74/63/74
f 133/127/133 76/66/76 90/91/90
f 134/126/134 91/81/91 76/66/76
f 119/128/119 100/101/100 91/81/91
f 121/111/121 101/103/101 77/83/77
f 123/163/123 136/132/136 65/113/65
f 125/115/125 96/86/96 59/87/59
f 137/134/137 67/58/67 96/86/96
f 104/139/104 49/57/49 67/58/67
f 85/96/85 139/147/139 81/71/81
f 81/71/81 127/117/127 68/72/68
f 128/151/128 141/136/141 70/79/70
f 141/136/141 60/51/60 70/79/70
f 142/169/142 71/75/71 114/153/114
f 142/169/142 98/98/98 71/75/71
f 142/169/142 155/137/155 98/98/98
f 155/137/155 143/138/143 62/53/62
f 164/85/164 122/131/122 79/69/79
f 136/132/136 109/145/109 94/93/94
f 144/140/144 67/58/67 126/133/126
f 104/139/104 138/135/138 97/88/97
f 139/147/139 145/141/145 81/71/81
f 143/138/143 129/120/129 99/121/99
f 149/146/149 95/95/95 103/94/103
f 170/148/170 85/96/85 111/104/111
f 127/117/127 150/149/150 112/118/112
f 151/181/151 152/150/152 140/119/140
f 153/193/153 141/136/141 128/151/128
f 87/97/87 154/152/154 83/74/83
f 131/124/131 130/122/130 117/123/117
f 158/174/158 90/91/90 118/107/118
f 158/174/158 133/127/133 90/91/90
f 159/157/159 134/126/134 133/127/133
f 160/156/160 119/128/119 134/126/134
f 161/184/161 120/110/120 106/108/106
f 178/176/178 101/103/101 121/111/121
f 179/161/179 107/102/107 101/103/101
f 135/130/135 165/162/165 108/112/108
f 123/163/123 166/217/166 136/132/136
f 124/114/124 149/146/149 103/94/103
f 149/146/149 168/165/168 125/115/125
f 144/140/144 138/135/138 104/139/104
f 110/116/110 169/201/169 111/104/111
f 169/201/169 170/148/170 111/104/111
f 145/141/145 171/166/171 127/117/127
f 152/150/152 172/182/172 128/151/128
f 172/182/172 153/193/153 128/151/128
f 173/167/173 154/152/154 87/97/87
f 174/168/174 142/169/142 114/153/114
f 187/170/187 115/90/115 146/142/146
f 218/171/218 157/155/157 117/123/117
f 131/124/131 175/173/175 105/100/105
f 176/172/176 132/125/132 105/100/105
f 132/125/132 177/175/177 118/107/118
f 161/184/161 106/108/106 100/101/100
f 163/160/163 102/92/102 107/102/107
f 167/164/167 148/144/148 109/145/109
f 209/178/209 183/219/183 137/134/137
f 183/219/183 126/133/126 137/134/137
f 150/149/150 185/180/185 140/119/140
f 188/198/188 131/124/131 157/155/157
f 189/232/189 158/174/158 177/175/177
f 190/185/190 100/101/100 147/143/147
f 191/159/191 93/109/93 162/158/162
f 165/162/165 166/217/166 123/163/123
f 166/217/166 193/186/193 136/132/136
f 124/114/124 194/187/194 149/146/149
f 195/189/195 196/190/196 138/135/138
f 184/179/184 139/147/139 170/148/170
f 171/166/171 198/222/198 150/149/150
f 198/222/198 199/223/199 150/149/150
f 172/182/172 200/194/200 153/193/153
f 201/192/201 141/136/141 153/193/153
f 202/225/202 155/137/155 174/168/174
f 155/137/155 203/196/203 143/138/143
f 204/195/204 205/197/205 143/138/143
f 218/171/218 206/261/206 157/155/157
f 207/234/207 147/143/147 160/156/160
f 223/263/223 179/161/179 178/176/178
f 181/177/181 135/130/135 122/131/122
f 167/164/167 208/250/208 148/144/148
f 210/199/210 126/133/126 183/219/183
f 212/332/212 184/179/184 170/148/170
f 184/179/184 197/191/197 145/141/145
f 214/256/214 215/203/215 173/167/173
f 215/203/215 216/204/216 154/152/154
f 202/225/202 203/196/203 155/137/155
f 251/273/251 187/170/187 186/183/186
f 217/205/217 156/154/156 187/170/187
f 220/208/220 133/127/133 158/174/158
f 220/208/220 159/157/159 133/127/133
f 221/209/221 120/110/120 161/184/161
f 224/211/224 102/92/102 163/160/163
f 193/186/193 242/238/242 167/164/167
f 242/238/242 208/250/208 167/164/167
f 229/220/229 144/140/144 210/199/210
f 197/191/197 230/221/230 171/166/171
f 185/180/185 231/224/231 151/181/151
f 201/192/201 214/256/214 173/167/173
f 232/226/232 204/195/204 203/196/203
f 233/227/233 234/271/234 186/183/186
f 235/228/235 187/170/187 251/273/251
f 206/261/206 236/229/236 157/155/157
f 236/229/236 237/230/237 188/198/188
f 237/230/237 238/245/238 175/173/175
f 239/231/239 176/172/176 175/173/175
f 252/233/252 158/174/158 189/232/189
f 269/235/269 160/156/160 254/207/254
f 240/236/240 147/143/147 207/234/207
f 194/187/194 243/239/243 182/188/182
f 243/239/243 244/240/244 168/165/168
f 245/218/245 209/178/209 168/165/168
f 247/242/247 184/179/184 212/332/212
f 231/224/231 248/243/248 172/182/172
f 214/256/214 249/269/249 215/203/215
f 250/244/250 232/226/232 203/196/203
f 251/273/251 186/183/186 234/271/234
f 252/233/252 189/232/189 219/206/219
f 253/246/253 220/208/220 252/233/252
f 255/262/255 190/185/190 240/236/240
f 256/247/256 161/184/161 190/185/190
f 257/248/257 224/211/224 163/160/163
f 226/214/226 181/177/181 164/85/164
f 307/251/307 124/114/124 148/144/148
f 260/253/260 195/189/195 229/220/229
f 247/242/247 261/254/261 197/191/197
f 185/180/185 262/280/262 231/224/231
f 262/280/262 263/339/263 231/224/231
f 263/339/263 248/243/248 231/224/231
f 264/255/264 201/192/201 200/194/200
f 249/269/249 265/257/265 215/203/215
f 250/244/250 202/225/202 216/204/216
f 232/226/232 267/259/267 205/197/205
f 268/260/268 206/261/206 218/171/218
f 222/210/222 191/159/191 162/158/162
f 270/264/270 178/176/178 222/210/222
f 181/177/181 241/237/241 135/130/135
f 258/249/258 272/319/272 148/144/148
f 259/252/259 274/329/274 210/199/210
f 212/332/212 170/148/170 169/201/169
f 199/223/199 262/280/262 185/180/185
f 213/202/213 264/255/264 200/194/200
f 264/255/264 276/268/276 214/256/214
f 276/268/276 277/270/277 249/269/249
f 265/257/265 266/258/266 216/204/216
f 278/308/278 232/226/232 250/244/250
f 280/272/280 235/228/235 251/273/251
f 280/272/280 217/205/217 235/228/235
f 281/275/281 218/171/218 217/205/217
f 236/229/236 282/343/282 238/245/238
f 282/343/282 283/276/283 238/245/238
f 285/277/285 219/206/219 239/231/239
f 285/277/285 252/233/252 219/206/219
f 286/290/286 207/234/207 269/235/269
f 286/290/286 240/236/240 207/234/207
f 241/237/241 288/296/288 227/215/227
f 307/251/307 273/266/273 194/187/194
f 229/220/229 210/199/210 274/329/274
f 211/200/211 246/241/246 260/253/260
f 247/242/247 289/334/289 261/254/261
f 291/282/291 265/257/265 277/270/277
f 292/306/292 250/244/250 266/258/266
f 294/283/294 234/271/234 267/259/267
f 294/283/294 251/273/251 234/271/234
f 296/286/296 282/343/282 236/229/236
f 283/276/283 297/287/297 239/231/239
f 298/289/298 269/235/269 253/246/253
f 300/291/300 240/236/240 286/290/286
f 301/293/301 256/247/256 255/262/255
f 301/293/301 221/209/221 256/247/256
f 227/215/227 288/296/288 228/216/228
f 228/216/228 305/351/305 242/238/242
f 242/238/242 306/297/306 208/250/208
f 272/319/272 307/251/307 148/144/148
f 273/266/273 308/298/308 243/239/243
f 244/240/244 309/300/309 245/218/245
f 310/299/310 259/252/259 245/218/245
f 330/376/330 212/332/212 169/201/169
f 230/221/230 312/302/312 198/222/198
f 312/302/312 313/337/313 275/267/275
f 263/339/263 314/356/314 248/243/248
f 290/281/290 315/303/315 264/255/264
f 291/282/291 317/305/317 266/258/266
f 292/306/292 318/307/318 250/244/250
f 318/307/318 278/308/278 250/244/250
f 232/226/232 319/309/319 267/259/267
f 320/310/320 281/275/281 280/272/280
f 321/311/321 268/260/268 295/285/295
f 297/287/297 322/312/322 284/278/284
f 322/312/322 323/314/323 285/277/285
f 324/313/324 253/246/253 285/277/285
f 325/315/325 222/210/222 162/158/162
f 326/316/326 179/161/179 271/265/271
f 226/214/226 327/317/327 181/177/181
f 305/351/305 306/297/306 242/238/242
f 306/297/306 328/318/328 258/249/258
f 311/301/311 229/220/229 274/329/274
f 330/376/330 169/201/169 211/200/211
f 261/254/261 312/302/312 230/221/230
f 313/337/313 331/321/331 275/267/275
f 276/268/276 332/322/332 277/270/277
f 334/324/334 279/274/279 294/283/294
f 335/382/335 322/312/322 297/287/297
f 336/326/336 253/246/253 324/313/324
f 337/327/337 270/264/270 222/210/222
f 288/296/288 338/373/338 228/216/228
f 338/373/338 305/351/305 228/216/228
f 308/298/308 339/328/339 244/240/244
f 340/330/340 274/329/274 259/252/259
f 330/376/330 341/333/341 212/332/212
f 380/331/380 247/242/247 212/332/212
f 289/334/289 342/335/342 261/254/261
f 331/321/331 344/1859/344 262/280/262
f 344/1859/344 345/338/345 262/280/262
f 248/243/248 346/355/346 290/281/290
f 346/355/346 347/340/347 290/281/290
f 347/340/347 348/395/348 315/303/315
f 315/303/315 332/322/332 276/268/276
f 317/305/317 349/341/349 292/306/292
f 350/325/350 294/283/294 293/284/293
f 351/359/351 320/310/320 279/274/279
f 352/342/352 353/344/353 283/276/283
f 354/345/354 322/312/322 335/382/335
f 357/349/357 180/129/180 224/211/224
f 327/317/327 358/371/358 241/237/241
f 339/328/339 362/353/362 309/300/309
f 363/374/363 259/252/259 310/299/310
f 378/354/378 260/253/260 311/301/311
f 263/339/263 346/355/346 314/356/314
f 315/303/315 364/407/364 332/322/332
f 365/357/365 291/282/291 316/304/316
f 333/323/333 366/358/366 318/307/318
f 385/360/385 279/274/279 334/324/334
f 367/361/367 320/310/320 351/359/351
f 367/361/367 368/362/368 295/285/295
f 369/363/369 296/286/296 321/311/321
f 335/382/335 297/287/297 353/344/353
f 370/364/370 324/313/324 323/314/323
f 336/326/336 371/365/371 298/289/298
f 371/365/371 299/288/299 298/289/298
f 372/347/372 286/290/286 299/288/299
f 389/366/389 301/293/301 300/291/300
f 406/368/406 303/294/303 270/264/270
f 375/369/375 192/213/192 1/84/1
f 304/295/304 359/403/359 288/296/288
f 359/403/359 376/372/376 288/296/288
f 338/373/338 377/473/377 305/351/305
f 340/330/340 259/252/259 363/374/363
f 378/354/378 311/301/311 340/330/340
f 379/375/379 211/200/211 329/320/329
f 342/335/342 381/377/381 312/302/312
f 332/322/332 382/378/382 316/304/316
f 383/379/383 319/309/319 366/358/366
f 384/380/384 350/325/350 293/284/293
f 386/381/386 321/311/321 368/362/368
f 387/383/387 335/382/335 353/344/353
f 354/345/354 370/364/370 323/314/323
f 428/385/428 337/327/337 325/315/325
f 407/387/407 257/248/257 326/316/326
f 390/386/390 224/211/224 257/248/257
f 328/318/328 392/475/392 272/319/272
f 392/475/392 361/352/361 272/319/272
f 361/352/361 393/435/393 308/298/308
f 343/336/343 397/392/397 313/337/313
f 397/392/397 344/1859/344 331/321/331
f 345/338/345 398/393/398 263/339/263
f 347/340/347 400/396/400 348/395/348
f 364/407/364 401/397/401 332/322/332
f 349/341/349 402/398/402 333/323/333
f 403/399/403 293/284/293 383/379/383
f 404/400/404 353/344/353 352/342/352
f 370/364/370 405/401/405 355/346/355
f 388/384/388 372/347/372 371/365/371
f 373/367/373 287/279/287 356/348/356
f 406/368/406 270/264/270 428/385/428
f 464/497/464 271/265/271 406/368/406
f 376/372/376 377/473/377 338/373/338
f 377/473/377 409/404/409 305/351/305
f 339/328/339 410/421/410 394/389/394
f 411/423/411 340/330/340 363/374/363
f 411/423/411 378/354/378 340/330/340
f 412/426/412 379/375/379 329/320/329
f 381/377/381 413/458/413 343/336/343
f 398/393/398 414/405/414 346/355/346
f 415/406/415 347/340/347 399/394/399
f 365/357/365 416/408/416 349/341/349
f 402/398/402 417/429/417 366/358/366
f 417/429/417 418/409/418 366/358/366
f 403/399/403 419/411/419 384/380/384
f 419/411/419 385/360/385 384/380/384
f 420/412/420 351/359/351 385/360/385
f 421/413/421 386/381/386 368/362/368
f 369/363/369 422/414/422 352/342/352
f 423/415/423 370/364/370 354/345/354
f 425/417/425 388/384/388 371/365/371
f 426/453/426 373/367/373 356/348/356
f 427/418/427 325/315/325 373/367/373
f 358/371/358 429/419/429 304/295/304
f 392/475/392 430/477/430 361/352/361
f 430/477/430 393/435/393 361/352/361
f 308/298/308 431/420/431 339/328/339
f 432/425/432 329/320/329 378/354/378
f 434/437/434 380/331/380 379/375/379
f 434/437/434 435/427/435 380/331/380
f 397/392/397 345/338/345 344/1859/344
f 414/405/414 415/406/415 399/394/399
f 415/406/415 436/441/436 400/396/400
f 416/408/416 437/428/437 402/398/402
f 439/430/439 367/361/367 420/412/420
f 421/413/421 440/431/440 369/363/369
f 480/446/480 387/383/387 404/400/404
f 441/432/441 354/345/354 387/383/387
f 443/451/443 356/348/356 389/366/389
f 444/496/444 326/316/326 271/265/271
f 444/496/444 407/387/407 326/316/326
f 359/403/359 445/498/445 376/372/376
f 445/498/445 377/473/377 376/372/376
f 446/434/446 431/420/431 308/298/308
f 448/500/448 411/423/411 447/422/447
f 469/436/469 378/354/378 411/423/411
f 449/501/449 412/426/412 433/424/433
f 450/438/450 379/375/379 412/426/412
f 435/427/435 451/439/451 342/335/342
f 396/391/396 413/458/413 381/377/381
f 413/458/413 452/440/452 343/336/343
f 452/440/452 453/1860/453 397/392/397
f 401/397/401 454/442/454 382/378/382
f 454/442/454 455/443/455 365/357/365
f 456/445/456 383/379/383 418/409/418
f 457/444/457 403/399/403 383/379/383
f 457/444/457 419/411/419 403/399/403
f 458/447/458 387/383/387 480/446/480
f 460/448/460 405/401/405 423/415/423
f 460/448/460 461/508/461 424/416/424
f 462/450/462 388/384/388 425/417/425
f 463/452/463 389/366/389 442/433/442
f 464/497/464 406/368/406 428/385/428
f 375/369/375 465/454/465 192/213/192
f 408/402/408 445/498/445 359/403/359
f 409/404/409 467/456/467 391/388/391
f 410/421/410 468/457/468 394/389/394
f 469/436/469 411/423/411 448/500/448
f 470/459/470 345/338/345 397/392/397
f 471/461/471 414/405/414 398/393/398
f 472/460/472 415/406/415 414/405/414
f 436/441/436 473/462/473 364/407/364
f 473/462/473 474/463/474 401/397/401
f 437/428/437 475/464/475 417/429/417
f 457/444/457 476/465/476 419/411/419
f 478/467/478 479/525/479 421/413/421
f 479/525/479 440/431/440 421/413/421
f 481/468/481 423/415/423 441/432/441
f 482/470/482 424/416/424 461/508/461
f 483/469/483 462/450/462 425/417/425
f 484/471/484 356/348/356 443/451/443
f 485/494/485 427/418/427 426/453/426
f 485/494/485 428/385/428 427/418/427
f 506/495/506 464/497/464 428/385/428
f 466/455/466 429/419/429 358/371/358
f 467/456/467 487/474/487 328/318/328
f 430/477/430 489/478/489 393/435/393
f 491/480/491 432/425/432 469/436/469
f 451/439/451 493/482/493 413/458/413
f 494/483/494 398/393/398 470/459/470
f 495/484/495 415/406/415 472/460/472
f 455/443/455 496/485/496 416/408/416
f 498/575/498 457/444/457 456/445/456
f 477/466/477 499/488/499 420/412/420
f 500/487/500 439/430/439 420/412/420
f 479/525/479 501/490/501 440/431/440
f 502/489/502 422/414/422 440/431/440
f 503/491/503 441/432/441 458/447/458
f 536/585/536 464/497/464 506/495/506
f 508/503/508 453/1860/453 452/440/452
f 508/503/508 397/392/397 453/1860/453
f 474/463/474 509/504/509 454/442/454
f 497/486/497 498/575/498 456/445/456
f 510/505/510 499/488/499 477/466/477
f 511/507/511 458/447/458 480/446/480
f 459/449/459 512/509/512 460/448/460
f 482/470/482 513/548/513 483/469/483
f 483/469/483 504/492/504 462/450/462
f 504/492/504 514/510/514 442/433/442
f 465/454/465 466/455/466 327/317/327
f 487/474/487 516/512/516 392/475/392
f 488/476/488 517/513/517 430/477/430
f 489/478/489 518/514/518 446/434/446
f 507/499/507 519/515/519 410/421/410
f 520/533/520 490/479/490 468/457/468
f 521/555/521 448/500/448 490/479/490
f 521/555/521 469/436/469 448/500/448
f 521/555/521 491/480/491 469/436/469
f 522/502/522 433/424/433 491/480/491
f 545/516/545 435/427/435 492/481/492
f 493/482/493 524/518/524 452/440/452
f 495/484/495 526/520/526 473/462/473
f 528/522/528 455/443/455 509/504/509
f 529/523/529 457/444/457 498/575/498
f 529/523/529 476/465/476 457/444/457
f 500/487/500 530/524/530 478/467/478
f 530/524/530 531/526/531 479/525/479
f 531/526/531 532/527/532 501/490/501
f 514/510/514 533/528/533 463/452/463
f 533/528/533 443/451/443 463/452/463
f 505/493/505 534/529/534 485/494/485
f 535/630/535 536/585/536 506/495/506
f 537/530/537 464/497/464 536/585/536
f 515/511/515 540/552/540 486/472/486
f 467/456/467 516/512/516 487/474/487
f 517/513/517 518/514/518 489/478/489
f 519/515/519 541/534/541 468/457/468
f 564/568/564 521/555/521 490/479/490
f 521/555/521 542/535/542 491/480/491
f 543/536/543 449/501/449 522/502/522
f 412/426/412 543/536/543 450/438/450
f 543/536/543 544/537/544 450/438/450
f 544/537/544 492/481/492 450/438/450
f 545/516/545 523/517/523 451/439/451
f 546/538/546 508/503/508 524/518/524
f 546/538/546 525/519/525 470/459/470
f 525/519/525 547/614/547 494/483/494
f 494/483/494 548/539/548 472/460/472
f 526/520/526 549/540/549 474/463/474
f 550/541/550 437/428/437 496/485/496
f 550/541/550 475/464/475 437/428/437
f 551/542/551 499/488/499 510/505/510
f 553/544/553 502/489/502 532/527/532
f 503/491/503 555/546/555 481/468/481
f 556/545/556 459/449/459 481/468/481
f 557/547/557 461/508/461 512/509/512
f 513/548/513 558/549/558 483/469/483
f 558/549/558 559/550/559 504/492/504
f 533/528/533 560/563/560 484/471/484
f 560/563/560 505/493/505 484/471/484
f 444/496/444 561/564/561 407/387/407
f 538/531/538 539/532/539 429/419/429
f 539/532/539 562/551/562 408/402/408
f 563/553/563 519/515/519 507/499/507
f 520/533/520 564/568/564 490/479/490
f 565/556/565 521/555/521 564/568/564
f 542/535/542 567/558/567 522/502/522
f 547/614/547 548/539/548 494/483/494
f 548/539/548 569/559/569 495/484/495
f 527/521/527 570/560/570 509/504/509
f 498/575/498 571/561/571 529/523/529
f 552/543/552 500/487/500 551/542/551
f 530/524/530 572/577/572 531/526/531
f 573/598/573 554/506/554 553/544/553
f 574/600/574 511/507/511 554/506/554
f 514/510/514 575/562/575 533/528/533
f 534/529/534 535/630/535 506/495/506
f 535/630/535 576/584/576 536/585/536
f 407/387/407 577/683/577 390/386/390
f 517/513/517 579/606/579 518/514/518
f 582/566/582 520/533/520 541/534/541
f 493/482/493 584/571/584 524/518/524
f 585/572/585 528/522/528 570/560/570
f 585/572/585 496/485/496 528/522/528
f 585/572/585 586/574/586 550/541/550
f 587/573/587 497/486/497 550/541/550
f 588/578/588 530/524/530 552/543/552
f 572/577/572 589/579/589 531/526/531
f 532/527/532 573/598/573 553/544/553
f 573/598/573 574/600/574 554/506/554
f 555/546/555 503/491/503 511/507/511
f 590/580/590 591/601/591 557/547/557
f 557/547/557 592/581/592 513/548/513
f 593/582/593 594/583/594 514/510/514
f 561/564/561 577/683/577 407/387/407
f 577/683/577 595/586/595 390/386/390
f 562/551/562 578/686/578 515/511/515
f 597/588/597 516/512/516 467/456/467
f 517/513/517 488/476/488 516/512/516
f 598/590/598 519/515/519 580/565/580
f 582/566/582 599/569/599 564/568/564
f 600/591/600 542/535/542 566/554/566
f 623/592/623 544/537/544 543/536/543
f 583/570/583 601/634/601 523/517/523
f 601/634/601 602/593/602 523/517/523
f 602/593/602 584/571/584 493/482/493
f 546/538/546 603/612/603 525/519/525
f 604/615/604 548/539/548 547/614/547
f 604/615/604 605/594/605 548/539/548
f 605/594/605 606/636/606 569/559/569
f 549/540/549 607/595/607 527/521/527
f 551/542/551 608/596/608 552/543/552
f 589/579/589 609/597/609 532/527/532
f 609/597/609 610/599/610 573/598/573
f 610/599/610 611/624/611 574/600/574
f 612/625/612 555/546/555 511/507/511
f 590/580/590 556/545/556 555/546/555
f 558/549/558 593/582/593 559/550/559
f 613/644/613 505/493/505 560/563/560
f 613/644/613 534/529/534 505/493/505
f 576/584/576 614/602/614 537/530/537
f 578/686/578 615/603/615 515/511/515
f 617/605/617 516/512/516 597/588/597
f 618/604/618 517/513/517 516/512/516
f 619/607/619 518/514/518 579/606/579
f 619/607/619 563/553/563 518/514/518
f 620/608/620 541/534/541 598/590/598
f 581/567/581 621/610/621 582/566/582
f 622/609/622 599/569/599 582/566/582
f 602/593/602 624/670/624 584/571/584
f 603/612/603 626/613/626 525/519/525
f 606/636/606 627/616/627 569/559/569
f 627/616/627 607/595/607 549/540/549
f 628/618/628 585/572/585 570/560/570
f 629/617/629 630/619/630 585/572/585
f 630/619/630 586/574/586 585/572/585
f 630/619/630 673/657/673 587/573/587
f 632/576/632 633/621/633 551/542/551
f 634/622/634 572/577/572 588/578/588
f 635/623/635 511/507/511 574/600/574
f 636/641/636 590/580/590 555/546/555
f 636/641/636 637/626/637 590/580/590
f 638/627/638 639/628/639 575/562/575
f 534/529/534 640/629/640 535/630/535
f 596/587/596 641/760/641 562/551/562
f 615/603/615 642/631/642 540/552/540
f 643/651/643 566/554/566 565/556/565
f 600/591/600 644/654/644 568/557/568
f 644/654/644 645/632/645 568/557/568
f 623/592/623 646/633/646 583/570/583
f 628/618/628 570/560/570 607/595/607
f 673/657/673 648/637/648 587/573/587
f 649/638/649 588/578/588 608/596/608
f 634/622/634 650/639/650 589/579/589
f 650/639/650 651/640/651 609/597/609
f 652/642/652 555/546/555 612/625/612
f 653/679/653 591/601/591 637/626/637
f 576/584/576 655/722/655 614/602/614
f 614/602/614 656/682/656 561/564/561
f 641/760/641 578/686/578 562/551/562
f 642/631/642 657/645/657 616/589/616
f 617/605/617 658/646/658 618/604/618
f 580/565/580 659/648/659 598/590/598
f 660/647/660 661/649/661 620/608/620
f 662/709/662 622/609/622 621/610/621
f 622/609/622 663/650/663 565/556/565
f 664/652/664 566/554/566 643/651/643
f 666/668/666 623/592/623 645/632/645
f 601/634/601 624/670/624 602/593/602
f 624/670/624 667/655/667 584/571/584
f 626/613/626 669/743/669 604/615/604
f 605/594/605 647/635/647 606/636/606
f 647/635/647 670/716/670 627/616/627
f 671/673/671 607/595/607 627/616/627
f 671/673/671 628/618/628 607/595/607
f 628/618/628 672/658/672 629/617/629
f 653/679/653 637/626/637 636/641/636
f 653/679/653 675/661/675 591/601/591
f 675/661/675 676/662/676 592/581/592
f 593/582/593 677/663/677 594/583/594
f 654/643/654 678/664/678 534/529/534
f 640/629/640 679/783/679 576/584/576
f 681/704/681 657/645/657 642/631/642
f 657/645/657 617/605/617 597/588/597
f 658/646/658 682/706/682 619/607/619
f 682/706/682 683/666/683 619/607/619
f 683/666/683 659/648/659 580/565/580
f 661/649/661 684/667/684 581/567/581
f 603/612/603 687/713/687 626/613/626
f 687/713/687 669/743/669 626/613/626
f 669/743/669 688/672/688 604/615/604
f 690/675/690 632/576/632 631/620/631
f 691/660/691 649/638/649 608/596/608
f 691/660/691 692/676/692 634/622/634
f 650/639/650 693/696/693 651/640/651
f 694/677/694 610/599/610 651/640/651
f 694/677/694 611/624/611 610/599/610
f 695/678/695 612/625/612 635/623/635
f 697/681/697 638/627/638 677/663/677
f 697/681/697 698/735/698 639/628/639
f 679/783/679 655/722/655 576/584/576
f 641/760/641 699/685/699 578/686/578
f 663/650/663 701/688/701 643/651/643
f 702/689/702 645/632/645 644/654/644
f 601/634/601 685/669/685 624/670/624
f 605/594/605 704/714/704 647/635/647
f 705/691/705 627/616/627 670/716/670
f 706/747/706 673/657/673 672/658/672
f 706/747/706 707/693/707 673/657/673
f 708/692/708 648/637/648 673/657/673
f 674/659/674 709/694/709 633/621/633
f 709/694/709 710/751/710 608/596/608
f 710/751/710 691/660/691 608/596/608
f 692/676/692 711/695/711 650/639/650
f 733/697/733 635/623/635 694/677/694
f 712/755/712 652/642/652 695/678/695
f 713/698/713 653/679/653 652/642/652
f 676/662/676 714/699/714 593/582/593
f 698/735/698 715/700/715 639/628/639
f 862/684/862 716/701/716 466/455/466
f 716/701/716 717/702/717 538/531/538
f 718/723/718 596/587/596 539/532/539
f 657/645/657 720/1861/720 617/605/617
f 720/1861/720 700/687/700 617/605/617
f 722/707/722 660/647/660 659/648/659
f 723/708/723 662/709/662 621/610/621
f 723/708/723 663/650/663 622/609/622
f 724/710/724 665/653/665 664/652/664
f 703/690/703 725/711/725 601/634/601
f 686/671/686 726/712/726 668/656/668
f 740/744/740 669/743/669 687/713/687
f 704/714/704 727/715/727 647/635/647
f 727/715/727 728/718/728 670/716/670
f 728/718/728 705/691/705 670/716/670
f 689/674/689 730/775/730 672/658/672
f 743/719/743 690/675/690 631/620/631
f 732/721/732 694/677/694 651/640/651
f 712/755/712 713/698/713 652/642/652
f 696/680/696 697/681/697 677/663/677
f 654/643/654 734/799/734 678/664/678
f 678/664/678 679/783/679 640/629/640
f 718/723/718 641/760/641 596/587/596
f 735/740/735 683/666/683 682/706/682
f 756/725/756 646/633/646 666/668/666
f 756/725/756 725/711/725 703/690/703
f 736/726/736 737/803/737 667/655/667
f 737/803/737 738/727/738 667/655/667
f 726/712/726 739/771/739 687/713/687
f 739/771/739 740/744/740 687/713/687
f 706/747/706 672/658/672 730/775/730
f 690/675/690 744/730/744 674/659/674
f 745/731/745 691/660/691 710/751/710
f 745/731/745 731/720/731 692/676/692
f 731/720/731 746/732/746 711/695/711
f 747/733/747 651/640/651 693/696/693
f 712/755/712 748/754/748 713/698/713
f 750/736/750 734/799/734 654/643/654
f 699/685/699 751/737/751 642/631/642
f 751/737/751 719/703/719 681/704/681
f 719/703/719 720/1861/720 657/645/657
f 700/687/700 752/738/752 658/646/658
f 723/708/723 754/741/754 663/650/663
f 755/765/755 702/689/702 724/710/724
f 725/711/725 736/726/736 685/669/685
f 738/727/738 726/712/726 686/671/686
f 727/715/727 758/746/758 728/718/728
f 759/745/759 729/717/729 728/718/728
f 761/749/761 708/692/708 707/693/707
f 746/732/746 763/752/763 693/696/693
f 695/678/695 764/753/764 712/755/712
f 675/661/675 765/756/765 676/662/676
f 766/757/766 767/758/767 697/681/697
f 769/820/769 720/1861/720 719/703/719
f 770/761/770 682/706/682 721/705/721
f 772/762/772 684/667/684 722/707/722
f 810/825/810 701/688/701 754/741/754
f 810/825/810 774/724/774 701/688/701
f 755/765/755 776/768/776 702/689/702
f 776/768/776 666/668/666 702/689/702
f 777/767/777 756/725/756 666/668/666
f 779/788/779 725/711/725 756/725/756
f 737/803/737 780/789/780 738/727/738
f 738/727/738 781/770/781 726/712/726
f 704/714/704 782/772/782 727/715/727
f 782/772/782 783/773/783 758/746/758
f 741/728/741 784/774/784 689/674/689
f 785/776/785 706/747/706 730/775/730
f 786/777/786 690/675/690 743/719/743
f 787/778/787 710/751/710 709/694/709
f 788/854/788 747/733/747 763/752/763
f 789/780/789 733/697/733 732/721/732
f 790/779/790 695/678/695 733/697/733
f 713/698/713 765/756/765 675/661/675
f 765/756/765 791/781/791 714/699/714
f 794/800/794 700/687/700 720/1861/720
f 795/785/795 721/705/721 752/738/752
f 797/787/797 724/710/724 774/724/774
f 779/788/779 736/726/736 725/711/725
f 779/788/779 737/803/737 736/726/736
f 739/771/739 798/790/798 740/744/740
f 799/791/799 688/672/688 757/742/757
f 800/792/800 741/728/741 759/745/759
f 801/793/801 707/693/707 760/748/760
f 802/794/802 742/729/742 761/749/761
f 803/796/803 744/730/744 786/777/786
f 804/795/804 709/694/709 744/730/744
f 731/720/731 805/797/805 746/732/746
f 748/754/748 806/811/806 713/698/713
f 750/736/750 807/798/807 734/799/734
f 678/664/678 807/798/807 679/783/679
f 808/817/808 751/737/751 699/685/699
f 796/786/796 771/763/771 753/739/753
f 809/841/809 773/764/773 772/762/772
f 810/825/810 754/741/754 773/764/773
f 812/804/812 737/803/737 779/788/779
f 813/802/813 780/789/780 737/803/737
f 781/770/781 814/805/814 739/771/739
f 799/791/799 782/772/782 704/714/704
f 784/774/784 785/776/785 730/775/730
f 762/750/762 816/807/816 745/731/745
f 788/854/788 817/808/817 747/733/747
f 818/809/818 790/779/790 789/780/789
f 818/809/818 819/810/819 764/753/764
f 806/811/806 820/812/820 713/698/713
f 767/758/767 823/901/823 749/734/749
f 824/904/824 807/798/807 750/736/750
f 807/798/807 825/873/825 792/782/792
f 792/782/792 826/815/826 655/722/655
f 793/784/793 827/816/827 577/683/577
f 768/759/768 900/818/900 699/685/699
f 828/819/828 751/737/751 808/817/808
f 794/800/794 720/1861/720 769/820/769
f 830/822/830 752/738/752 794/800/794
f 795/785/795 866/823/866 770/761/770
f 809/841/809 831/824/831 773/764/773
f 810/825/810 832/826/832 774/724/774
f 833/827/833 775/766/775 797/787/797
f 755/765/755 811/801/811 776/768/776
f 834/845/834 779/788/779 778/769/778
f 836/828/836 783/773/783 782/772/782
f 837/830/837 759/745/759 783/773/783
f 815/806/815 838/831/838 743/719/743
f 803/796/803 839/832/839 804/795/804
f 839/832/839 840/833/840 787/778/787
f 816/807/816 841/834/841 731/720/731
f 805/797/805 788/854/788 763/752/763
f 817/808/817 842/835/842 732/721/732
f 820/812/820 821/813/821 765/756/765
f 821/813/821 843/899/843 791/781/791
f 843/899/843 844/836/844 791/781/791
f 822/814/822 823/901/823 767/758/767
f 374/370/374 845/837/845 375/369/375
f 828/819/828 769/820/769 719/703/719
f 870/888/870 833/827/833 797/787/797
f 850/844/850 777/767/777 811/801/811
f 851/843/851 778/769/778 777/767/777
f 834/845/834 852/846/852 812/804/812
f 853/864/853 780/789/780 813/802/813
f 814/805/814 854/847/854 798/790/798
f 800/792/800 856/849/856 784/774/784
f 856/849/856 857/851/857 760/748/760
f 858/850/858 801/793/801 760/748/760
f 859/852/859 761/749/761 801/793/801
f 859/852/859 802/794/802 761/749/761
f 841/834/841 860/853/860 805/797/805
f 861/855/861 789/780/789 842/835/842
f 819/810/819 820/812/820 806/811/806
f 749/734/749 824/904/824 750/736/750
f 845/837/845 862/684/862 465/454/465
f 863/1070/863 717/702/717 716/701/716
f 717/702/717 846/838/846 680/665/680
f 864/856/864 808/817/808 900/818/900
f 867/859/867 796/786/796 866/823/866
f 868/858/868 771/763/771 796/786/796
f 868/858/868 869/860/869 771/763/771
f 831/824/831 849/842/849 810/825/810
f 870/888/870 797/787/797 832/826/832
f 871/861/871 755/765/755 833/827/833
f 852/846/852 873/880/873 813/802/813
f 874/863/874 781/770/781 780/789/780
f 757/742/757 875/865/875 799/791/799
f 894/866/894 800/792/800 837/830/837
f 876/867/876 815/806/815 859/852/859
f 897/869/897 762/750/762 840/833/840
f 877/868/877 816/807/816 762/750/762
f 860/853/860 878/870/878 788/854/788
f 878/870/878 842/835/842 817/808/817
f 861/855/861 879/871/879 819/810/819
f 823/901/823 824/904/824 749/734/749
f 824/904/824 880/886/880 807/798/807
f 882/906/882 864/856/864 900/818/900
f 883/887/883 829/821/829 828/819/828
f 829/821/829 884/874/884 794/800/794
f 848/840/848 887/877/887 831/824/831
f 888/878/888 833/827/833 870/888/870
f 854/847/854 875/865/875 757/742/757
f 875/865/875 890/934/890 855/848/855
f 890/934/890 891/881/891 855/848/855
f 835/829/835 892/883/892 836/828/836
f 893/882/893 837/830/837 836/828/836
f 856/849/856 895/884/895 857/851/857
f 895/884/895 896/885/896 858/850/858
f 896/885/896 876/867/876 859/852/859
f 839/832/839 897/869/897 840/833/840
f 879/871/879 898/897/898 820/812/820
f 900/818/900 768/759/768 847/839/847
f 883/887/883 884/874/884 829/821/829
f 901/889/901 870/888/870 832/826/832
f 902/890/902 850/844/850 872/862/872
f 851/843/851 903/912/903 834/845/834
f 903/912/903 904/891/904 834/845/834
f 874/863/874 906/893/906 814/805/814
f 891/881/891 892/883/892 835/829/835
f 907/937/907 894/866/894 893/882/893
f 894/866/894 908/918/908 856/849/856
f 908/918/908 895/884/895 856/849/856
f 838/831/838 909/894/909 803/796/803
f 841/834/841 910/895/910 860/853/860
f 911/896/911 861/855/861 842/835/842
f 899/902/899 914/903/914 823/901/823
f 881/872/881 915/966/915 825/873/825
f 915/966/915 826/815/826 825/873/825
f 939/907/939 830/822/830 865/857/865
f 885/875/885 916/908/916 866/823/866
f 917/909/917 809/841/809 869/860/869
f 849/842/849 918/910/918 832/826/832
f 919/911/919 851/843/851 889/879/889
f 904/891/904 920/913/920 852/846/852
f 905/892/905 921/914/921 873/880/873
f 921/914/921 922/915/922 853/864/853
f 947/984/947 875/865/875 854/847/854
f 891/881/891 923/916/923 892/883/892
f 924/917/924 894/866/894 907/937/907
f 925/938/925 895/884/895 908/918/908
f 896/885/896 926/962/926 876/867/876
f 876/867/876 927/942/927 838/831/838
f 927/942/927 928/919/928 838/831/838
f 909/894/909 929/921/929 839/832/839
f 954/920/954 897/869/897 839/832/839
f 877/868/877 930/922/930 841/834/841
f 878/870/878 931/923/931 842/835/842
f 911/896/911 898/897/898 879/871/879
f 898/897/898 932/924/932 821/813/821
f 912/898/912 933/925/933 844/836/844
f 880/886/880 934/978/934 881/872/881
f 826/815/826 935/965/935 793/784/793
f 937/1025/937 847/839/847 846/838/846
f 938/927/938 864/856/864 964/905/964
f 939/907/939 865/857/865 884/874/884
f 940/928/940 869/860/869 886/876/886
f 917/909/917 941/929/941 848/840/848
f 887/877/887 942/930/942 849/842/849
f 943/1000/943 901/889/901 918/910/918
f 944/931/944 888/878/888 901/889/901
f 922/915/922 946/933/946 874/863/874
f 947/984/947 854/847/854 906/893/906
f 948/935/948 890/934/890 875/865/875
f 891/881/891 949/973/949 923/916/923
f 950/936/950 893/882/893 923/916/923
f 924/917/924 951/939/951 908/918/908
f 925/938/925 952/940/952 895/884/895
f 926/962/926 953/941/953 876/867/876
f 909/894/909 954/920/954 929/921/929
f 954/920/954 955/944/955 897/869/897
f 956/943/956 877/868/877 897/869/897
f 956/943/956 957/945/957 877/868/877
f 910/895/910 958/946/958 878/870/878
f 932/924/932 960/948/960 843/899/843
f 913/900/913 961/949/961 899/902/899
f 914/903/914 962/950/962 824/904/824
f 934/978/934 915/966/915 881/872/881
f 915/966/915 935/965/935 826/815/826
f 963/951/963 900/818/900 847/839/847
f 916/908/916 967/954/967 867/859/867
f 945/932/945 968/955/968 872/862/872
f 969/957/969 889/879/889 902/890/902
f 970/956/970 919/911/919 889/879/889
f 971/958/971 904/891/904 903/912/903
f 972/959/972 875/865/875 947/984/947
f 949/973/949 973/960/973 923/916/923
f 974/1010/974 924/917/924 950/936/950
f 975/961/975 925/938/925 951/939/951
f 930/922/930 958/946/958 910/895/910
f 976/963/976 911/896/911 931/923/931
f 959/1021/959 898/897/898 977/947/977
f 959/1021/959 978/964/978 898/897/898
f 979/1024/979 846/838/846 717/702/717
f 963/951/963 847/839/847 937/1025/937
f 989/1041/989 964/905/964 882/906/882
f 965/952/965 884/874/884 883/887/883
f 939/907/939 966/953/966 885/875/885
f 967/954/967 980/968/980 886/876/886
f 940/928/940 981/998/981 917/909/917
f 982/969/982 901/889/901 943/1000/943
f 983/970/983 902/890/902 968/955/968
f 970/956/970 984/971/984 903/912/903
f 905/892/905 995/972/995 921/914/921
f 985/974/985 924/917/924 974/1010/974
f 985/974/985 986/975/986 951/939/951
f 960/948/960 988/977/988 912/898/912
f 961/949/961 962/950/962 914/903/914
f 863/1070/863 979/1024/979 717/702/717
f 989/1041/989 882/906/882 963/951/963
f 1052/994/1052 883/887/883 938/927/938
f 1052/994/1052 965/952/965 883/887/883
f 981/998/981 990/979/990 917/909/917
f 991/980/991 887/877/887 941/929/941
f 992/982/992 944/931/944 982/969/982
f 970/956/970 969/957/969 983/970/983
f 994/983/994 920/913/920 971/958/971
f 996/1004/996 946/933/946 922/915/922
f 947/984/947 997/985/997 972/959/972
f 998/986/998 909/894/909 928/919/928
f 999/987/999 955/944/955 987/976/987
f 1000/988/1000 957/945/957 956/943/956
f 978/964/978 1002/990/1002 932/924/932
f 933/925/933 1003/1087/1003 913/900/913
f 937/1025/937 1007/1040/1007 963/951/963
f 989/1041/989 1008/993/1008 964/905/964
f 965/952/965 1010/996/1010 939/907/939
f 1011/1027/1011 1012/997/1012 966/953/966
f 1012/997/1012 967/954/967 966/953/966
f 1013/1029/1013 942/930/942 991/980/991
f 1014/999/1014 918/910/918 942/930/942
f 1014/999/1014 943/1000/943 918/910/918
f 993/981/993 1015/1001/1015 968/955/968
f 984/971/984 1016/1002/1016 971/958/971
f 1018/1005/1018 946/933/946 996/1004/996
f 1020/1007/1020 949/973/949 948/935/948
f 1020/1007/1020 1021/1009/1021 973/960/973
f 1022/1008/1022 950/936/950 973/960/973
f 1022/1008/1022 1023/1011/1023 974/1010/974
f 986/975/986 1024/1037/1024 975/961/975
f 1024/1037/1024 1025/1012/1025 975/961/975
f 1025/1012/1025 1026/1014/1026 952/940/952
f 1027/1013/1027 926/962/926 952/940/952
f 1027/1013/1027 953/941/953 926/962/926
f 1028/1015/1028 928/919/928 927/942/927
f 1029/1016/1029 954/920/954 998/986/998
f 958/946/958 1031/1018/1031 931/923/931
f 1031/1018/1031 1032/1019/1032 976/963/976
f 977/947/977 1033/1020/1033 959/1021/959
f 988/977/988 1034/1067/1034 933/925/933
f 1034/1067/1034 1003/1087/1003 933/925/933
f 1003/1087/1003 1035/1022/1035 913/900/913
f 1036/1862/1036 1037/1023/1037 962/950/962
f 935/965/935 1006/992/1006 793/784/793
f 1010/996/1010 1038/1026/1038 966/953/966
f 1039/1071/1039 980/968/980 1012/997/1012
f 1040/1028/1040 981/998/981 980/968/980
f 1040/1028/1040 1041/1115/1041 990/979/990
f 1014/999/1014 1042/1030/1042 982/969/982
f 1044/1031/1044 995/972/995 994/983/994
f 1046/1034/1046 922/915/922 995/972/995
f 1047/1035/1047 947/984/947 1018/1005/1018
f 1048/1036/1048 986/975/986 985/974/985
f 1027/1013/1027 1049/1038/1049 927/942/927
f 1029/1016/1029 999/987/999 987/976/987
f 1029/1016/1029 1050/1039/1050 999/987/999
f 978/964/978 1051/1108/1051 1002/990/1002
f 1036/1862/1036 962/950/962 961/949/961
f 1052/994/1052 938/927/938 1008/993/1008
f 1053/1042/1053 965/952/965 1009/995/1009
f 1039/1071/1039 1054/1043/1054 980/968/980
f 1055/1044/1055 991/980/991 990/979/990
f 1056/1045/1056 970/956/970 983/970/983
f 1017/1003/1017 1057/1046/1057 996/1004/996
f 1058/1047/1058 1059/1048/1059 1023/1011/1023
f 1026/1014/1026 1049/1038/1049 1027/1013/1027
f 1060/1049/1060 998/986/998 1028/1015/1028
f 1061/1051/1061 958/946/958 1030/1017/1030
f 1032/1019/1032 1063/1085/1063 1001/989/1001
f 1063/1085/1063 1064/1052/1064 1001/989/1001
f 1064/1052/1064 1065/1053/1065 977/947/977
f 1033/1020/1033 1051/1108/1051 978/964/978
f 1066/1089/1066 961/949/961 1035/1022/1035
f 1066/1089/1066 1036/1862/1036 961/949/961
f 1067/1055/1067 1037/1023/1037 1036/1862/1036
f 1070/1182/1070 937/1025/937 979/1024/979
f 1038/1026/1038 1071/1057/1071 1011/1027/1011
f 1013/1029/1013 1073/1074/1073 1042/1030/1042
f 1074/1059/1074 993/981/993 992/982/992
f 1074/1059/1074 1015/1001/1015 993/981/993
f 1075/1060/1075 984/971/984 1056/1045/1056
f 1076/1061/1076 1043/1032/1043 1016/1002/1016
f 1046/1034/1046 1057/1046/1057 1017/1003/1017
f 1077/1062/1077 1018/1005/1018 1057/1046/1057
f 1020/1007/1020 1078/1063/1078 1021/1009/1021
f 1048/1036/1048 1079/1064/1079 1024/1037/1024
f 1080/1084/1080 1029/1016/1029 1060/1049/1060
f 1081/1065/1081 1000/988/1000 1050/1039/1050
f 1063/1085/1063 1032/1019/1032 1031/1018/1031
f 960/948/960 1082/1066/1082 988/977/988
f 1005/967/1005 1083/1146/1083 935/965/935
f 1084/1069/1084 716/701/716 862/684/862
f 1052/994/1052 1086/1094/1086 1009/995/1009
f 1039/1071/1039 1040/1028/1040 1054/1043/1054
f 1041/1115/1041 1087/1072/1087 990/979/990
f 1089/1075/1089 1016/1002/1016 1075/1060/1075
f 1090/1077/1090 1044/1031/1044 1076/1061/1076
f 1092/1079/1092 997/985/997 1019/1006/1019
f 1093/1078/1093 1020/1007/1020 997/985/997
f 1078/1063/1078 1058/1047/1058 1022/1008/1022
f 1079/1064/1079 1094/1080/1094 1025/1012/1025
f 1095/1081/1095 1096/1082/1096 1049/1038/1049
f 1097/1083/1097 1050/1039/1050 1029/1016/1029
f 1082/1066/1082 1002/990/1002 1051/1108/1051
f 1082/1066/1082 960/948/960 1002/990/1002
f 1003/1087/1003 1099/1088/1099 1035/1022/1035
f 1140/1127/1140 1067/1055/1067 1036/1862/1036
f 1100/1068/1100 1004/991/1004 1037/1023/1037
f 1085/1091/1085 1101/1161/1101 989/1041/989
f 1101/1161/1101 1102/1092/1102 989/1041/989
f 1008/993/1008 1103/1093/1103 1052/994/1052
f 1086/1094/1086 1104/1112/1104 1053/1042/1053
f 1053/1042/1053 1105/1095/1105 1010/996/1010
f 1038/1026/1038 1106/1114/1106 1071/1057/1071
f 1071/1057/1071 1107/1096/1107 1039/1071/1039
f 1088/1073/1088 1013/1029/1013 1072/1058/1072
f 1073/1074/1073 1108/1097/1108 1042/1030/1042
f 1110/1098/1110 1015/1001/1015 1074/1059/1074
f 1130/1101/1130 1057/1046/1057 1046/1034/1046
f 1111/1100/1111 1112/1133/1112 1077/1062/1077
f 1058/1047/1058 1113/1102/1113 1059/1048/1059
f 1113/1102/1113 1114/1103/1114 1048/1036/1048
f 1094/1080/1094 1115/1104/1115 1026/1014/1026
f 1116/1105/1116 1028/1015/1028 1096/1082/1096
f 1097/1083/1097 1117/1106/1117 1050/1039/1050
f 1118/1107/1118 1030/1017/1030 1081/1065/1081
f 1065/1053/1065 1119/1141/1119 1051/1108/1051
f 1082/1066/1082 1120/1109/1120 1034/1067/1034
f 1083/1146/1083 1005/967/1005 1100/1068/1100
f 1070/1182/1070 1121/1110/1121 937/1025/937
f 1104/1112/1104 1123/1113/1123 1053/1042/1053
f 1107/1096/1107 1124/1149/1124 1040/1028/1040
f 1125/1116/1125 1041/1115/1041 1040/1028/1040
f 1087/1072/1087 1126/1118/1126 1055/1044/1055
f 1127/1117/1127 1072/1058/1072 1055/1044/1055
f 1088/1073/1088 1144/1119/1144 1073/1074/1073
f 1108/1097/1108 1109/1099/1109 1074/1059/1074
f 1056/1045/1056 983/970/983 1015/1001/1015
f 1128/1155/1128 1089/1075/1089 1075/1060/1075
f 1128/1155/1128 1129/1120/1129 1089/1075/1089
f 1130/1101/1130 1046/1034/1046 1091/1076/1091
f 1131/1121/1131 1019/1006/1019 1077/1062/1077
f 1133/1123/1133 1058/1047/1058 1078/1063/1078
f 1114/1103/1114 1134/1137/1134 1094/1080/1094
f 1115/1104/1115 1135/1138/1135 1095/1081/1095
f 1060/1049/1060 1136/1140/1136 1080/1084/1080
f 1136/1140/1136 1097/1083/1097 1080/1084/1080
f 1061/1051/1061 1137/1125/1137 1062/1050/1062
f 1138/1124/1138 1063/1085/1063 1062/1050/1062
f 1152/1180/1152 1065/1053/1065 1064/1052/1064
f 1139/1126/1139 1051/1108/1051 1119/1141/1119
f 1139/1126/1139 1120/1109/1120 1082/1066/1082
f 1140/1127/1140 1036/1862/1036 1066/1089/1066
f 1168/1159/1168 1100/1068/1100 1068/1054/1068
f 936/926/936 1069/1056/1069 595/586/595
f 1121/1110/1121 1085/1091/1085 1007/1040/1007
f 1106/1114/1106 1143/1186/1143 1107/1096/1107
f 1125/1116/1125 1040/1028/1040 1124/1149/1124
f 1178/1131/1178 1015/1001/1015 1110/1098/1110
f 1129/1120/1129 1145/1132/1145 1076/1061/1076
f 1147/1135/1147 1093/1078/1093 1092/1079/1092
f 1096/1082/1096 1150/1139/1150 1116/1105/1116
f 1136/1140/1136 1151/1176/1151 1097/1083/1097
f 1118/1107/1118 1137/1125/1137 1061/1051/1061
f 1152/1180/1152 1063/1085/1063 1138/1124/1138
f 1152/1180/1152 1064/1052/1064 1063/1085/1063
f 1153/1142/1153 1065/1053/1065 1152/1180/1152
f 1140/1127/1140 1155/1144/1155 1067/1055/1067
f 1169/1145/1169 1197/1090/1197 935/965/935
f 1156/1147/1156 1105/1095/1105 1123/1113/1123
f 1157/1148/1157 1107/1096/1107 1143/1186/1143
f 1158/1150/1158 1088/1073/1088 1127/1117/1127
f 1144/1119/1144 1159/1151/1159 1108/1097/1108
f 1161/1154/1161 1056/1045/1056 1178/1131/1178
f 1162/1153/1162 1075/1060/1075 1056/1045/1056
f 1146/1233/1146 1130/1101/1130 1091/1076/1091
f 1163/1156/1163 1111/1100/1111 1130/1101/1130
f 1164/1214/1164 1132/1122/1132 1148/1134/1148
f 1149/1136/1149 1166/1172/1166 1134/1137/1134
f 1135/1138/1135 1150/1139/1150 1096/1082/1096
f 1098/1086/1098 1195/1158/1195 1099/1088/1099
f 1167/1128/1167 1066/1089/1066 1099/1088/1099
f 1100/1068/1100 1169/1145/1169 1083/1146/1083
f 1171/1162/1171 1102/1092/1102 1101/1161/1101
f 1171/1162/1171 1172/1183/1172 1103/1093/1103
f 1103/1093/1103 1173/1163/1173 1086/1094/1086
f 1122/1111/1122 1174/1184/1174 1123/1113/1123
f 1175/1187/1175 1125/1116/1125 1124/1149/1124
f 1087/1072/1087 1176/1165/1176 1126/1118/1126
f 1177/1164/1177 1127/1117/1127 1126/1118/1126
f 1178/1131/1178 1110/1098/1110 1160/1152/1160
f 1145/1132/1145 1179/1166/1179 1090/1077/1090
f 1179/1166/1179 1146/1233/1146 1091/1076/1091
f 1206/1167/1206 1130/1101/1130 1146/1233/1146
f 1180/1168/1180 1112/1133/1112 1163/1156/1163
f 1180/1168/1180 1181/1169/1181 1131/1121/1131
f 1181/1169/1181 1147/1135/1147 1092/1079/1092
f 1182/1213/1182 1132/1122/1132 1164/1214/1164
f 1182/1213/1182 1133/1123/1133 1132/1122/1132
f 1165/1157/1165 1113/1102/1113 1133/1123/1133
f 1183/1170/1183 1184/1171/1184 1114/1103/1114
f 1184/1171/1184 1185/1173/1185 1149/1136/1149
f 1166/1172/1166 1186/1174/1186 1115/1104/1115
f 1186/1174/1186 1187/1239/1187 1135/1138/1135
f 1135/1138/1135 1188/1217/1188 1150/1139/1150
f 1150/1139/1150 1189/1175/1189 1136/1140/1136
f 1151/1176/1151 1190/1193/1190 1097/1083/1097
f 1191/1177/1191 1118/1107/1118 1097/1083/1097
f 1191/1177/1191 1192/1242/1192 1137/1125/1137
f 1192/1242/1192 1193/1178/1193 1137/1125/1137
f 1168/1159/1168 1169/1145/1169 1100/1068/1100
f 1006/992/1006 1198/1268/1198 936/926/936
f 1156/1147/1156 1199/1185/1199 1106/1114/1106
f 1199/1185/1199 1200/1202/1200 1143/1186/1143
f 1200/1202/1200 1157/1148/1157 1143/1186/1143
f 1176/1165/1176 1087/1072/1087 1125/1116/1125
f 1177/1164/1177 1201/1254/1201 1127/1117/1127
f 1201/1254/1201 1158/1150/1158 1127/1117/1127
f 1202/1188/1202 1144/1119/1144 1158/1150/1158
f 1203/1190/1203 1161/1154/1161 1178/1131/1178
f 1205/1191/1205 1145/1132/1145 1129/1120/1129
f 1250/1192/1250 1133/1123/1133 1182/1213/1182
f 1187/1239/1187 1188/1217/1188 1135/1138/1135
f 1194/1179/1194 1138/1124/1138 1193/1178/1193
f 1194/1179/1194 1207/1263/1207 1152/1180/1152
f 1208/1195/1208 1139/1126/1139 1153/1142/1153
f 1209/1194/1209 1154/1143/1154 1139/1126/1139
f 1210/1197/1210 1120/1109/1120 1154/1143/1154
f 1210/1197/1210 1098/1086/1098 1120/1109/1120
f 1069/1056/1069 1212/1198/1212 225/212/225
f 1121/1110/1121 1213/1199/1213 1085/1091/1085
f 1173/1163/1173 1214/1200/1214 1142/1130/1142
f 1216/1201/1216 1157/1148/1157 1200/1202/1200
f 1216/1201/1216 1175/1187/1175 1157/1148/1157
f 1217/1204/1217 1158/1150/1158 1201/1254/1201
f 1202/1188/1202 1218/1228/1218 1159/1151/1159
f 1219/1205/1219 1160/1152/1160 1159/1151/1159
f 1220/1206/1220 1128/1155/1128 1162/1153/1162
f 1221/1207/1221 1129/1120/1129 1128/1155/1128
f 1179/1166/1179 1222/1232/1222 1146/1233/1146
f 1223/1209/1223 1163/1156/1163 1206/1167/1206
f 1225/1210/1225 1147/1135/1147 1181/1169/1181
f 1225/1210/1225 1226/1212/1226 1148/1134/1148
f 1227/1211/1227 1164/1214/1164 1148/1134/1148
f 1228/1215/1228 1165/1157/1165 1250/1192/1250
f 1185/1173/1185 1186/1174/1186 1166/1172/1166
f 1187/1239/1187 1229/1283/1229 1188/1217/1188
f 1229/1283/1229 1230/1216/1230 1188/1217/1188
f 1207/1263/1207 1232/1219/1232 1152/1180/1152
f 1210/1197/1210 1154/1143/1154 1209/1194/1209
f 1234/1244/1234 1211/1196/1211 1210/1197/1210
f 1235/1221/1235 1140/1127/1140 1167/1128/1167
f 1170/1160/1170 1238/1296/1238 1171/1162/1171
f 1238/1296/1238 1239/1225/1239 1171/1162/1171
f 1173/1163/1173 1240/1315/1240 1214/1200/1214
f 1214/1200/1214 1174/1184/1174 1122/1111/1122
f 1241/1226/1241 1242/1227/1242 1156/1147/1156
f 1243/1303/1243 1216/1201/1216 1215/1203/1215
f 1216/1201/1216 1244/1271/1244 1176/1165/1176
f 1245/1229/1245 1178/1131/1178 1219/1205/1219
f 1245/1229/1245 1246/1231/1246 1203/1190/1203
f 1247/1230/1247 1204/1189/1204 1203/1190/1203
f 1205/1191/1205 1222/1232/1222 1179/1166/1179
f 1224/1208/1224 1248/1235/1248 1180/1168/1180
f 1249/1234/1249 1181/1169/1181 1180/1168/1180
f 1228/1215/1228 1251/1237/1251 1184/1171/1184
f 1252/1236/1252 1185/1173/1185 1184/1171/1184
f 1252/1236/1252 1186/1174/1186 1185/1173/1185
f 1230/1216/1230 1189/1175/1189 1150/1139/1150
f 1189/1175/1189 1253/1240/1253 1151/1176/1151
f 1254/1241/1254 1191/1177/1191 1190/1193/1190
f 1232/1219/1232 1255/1243/1255 1153/1142/1153
f 1233/1220/1233 1256/1327/1256 1208/1195/1208
f 1258/1246/1258 1195/1158/1195 1211/1196/1211
f 1259/1247/1259 1155/1144/1155 1235/1221/1235
f 1169/1145/1169 1260/1266/1260 1197/1090/1197
f 1261/1222/1261 936/926/936 1198/1268/1198
f 1214/1200/1214 1262/1249/1262 1174/1184/1174
f 1264/1251/1264 1199/1185/1199 1242/1227/1242
f 1265/1252/1265 1176/1165/1176 1244/1271/1244
f 1265/1252/1265 1266/1253/1266 1177/1164/1177
f 1267/1255/1267 1202/1188/1202 1217/1204/1217
f 1222/1232/1222 1286/1323/1286 1206/1167/1206
f 1291/1259/1291 1228/1215/1228 1250/1192/1250
f 1254/1241/1254 1273/1295/1273 1192/1242/1192
f 1273/1295/1273 1274/1260/1274 1192/1242/1192
f 1274/1260/1274 1275/1354/1275 1193/1178/1193
f 1275/1354/1275 1276/1262/1276 1193/1178/1193
f 1277/1261/1277 1194/1179/1194 1193/1178/1193
f 1277/1261/1277 1232/1219/1232 1207/1263/1207
f 1256/1327/1256 1278/1264/1278 1208/1195/1208
f 1279/1265/1279 1210/1197/1210 1209/1194/1209
f 1260/1266/1260 1280/1267/1280 1006/992/1006
f 1237/1224/1237 1070/1182/1070 1300/1223/1300
f 1238/1296/1238 1170/1160/1170 1213/1199/1213
f 1240/1315/1240 1262/1249/1262 1214/1200/1214
f 1281/1270/1281 1216/1201/1216 1243/1303/1243
f 1282/1269/1282 1244/1271/1244 1216/1201/1216
f 1301/1272/1301 1217/1204/1217 1201/1254/1201
f 1283/1274/1283 1218/1228/1218 1267/1255/1267
f 1284/1273/1284 1219/1205/1219 1218/1228/1218
f 1285/1275/1285 1247/1230/1247 1246/1231/1246
f 1303/1276/1303 1220/1206/1220 1204/1189/1204
f 1269/1289/1269 1286/1323/1286 1222/1232/1222
f 1287/1277/1287 1206/1167/1206 1286/1323/1286
f 1287/1277/1287 1288/1279/1288 1223/1209/1223
f 1289/1278/1289 1224/1208/1224 1223/1209/1223
f 1306/1309/1306 1227/1211/1227 1226/1212/1226
f 1306/1309/1306 1290/1280/1290 1227/1211/1227
f 1290/1280/1290 1250/1192/1250 1227/1211/1227
f 1292/1291/1292 1252/1236/1252 1251/1237/1251
f 1292/1291/1292 1272/1238/1272 1252/1236/1252
f 1187/1239/1187 1294/1282/1294 1229/1283/1229
f 1294/1282/1294 1295/1325/1295 1230/1216/1230
f 1295/1325/1295 1189/1175/1189 1230/1216/1230
f 1296/1284/1296 1231/1218/1231 1253/1240/1253
f 1296/1284/1296 1190/1193/1190 1231/1218/1231
f 1256/1327/1256 1233/1220/1233 1255/1243/1255
f 1297/1331/1297 1211/1196/1211 1234/1244/1234
f 1297/1331/1297 1258/1246/1258 1211/1196/1211
f 1236/1248/1236 1298/1285/1298 1169/1145/1169
f 1299/1455/1299 1084/1069/1084 845/837/845
f 1300/1223/1300 1141/1129/1141 1084/1069/1084
f 1239/1225/1239 1240/1315/1240 1173/1163/1173
f 1301/1272/1301 1266/1253/1266 1265/1252/1265
f 1303/1276/1303 1204/1189/1204 1268/1256/1268
f 1304/1287/1304 1221/1207/1221 1303/1276/1303
f 1205/1191/1205 1305/1288/1305 1222/1232/1222
f 1306/1309/1306 1226/1212/1226 1270/1257/1270
f 1307/1290/1307 1251/1237/1251 1271/1258/1271
f 1307/1290/1307 1308/1292/1308 1292/1291/1292
f 1308/1292/1308 1293/1281/1293 1272/1238/1272
f 1293/1281/1293 1294/1282/1294 1187/1239/1187
f 1309/1293/1309 1310/1294/1310 1253/1240/1253
f 1277/1261/1277 1342/1355/1342 1232/1219/1232
f 1342/1355/1342 1255/1243/1255 1232/1219/1232
f 1311/1328/1311 1256/1327/1256 1255/1243/1255
f 1328/1359/1328 1279/1265/1279 1278/1264/1278
f 1313/1298/1313 1349/1364/1349 1239/1225/1239
f 1349/1364/1349 1240/1315/1240 1239/1225/1239
f 1332/1299/1332 1262/1249/1262 1240/1315/1240
f 1332/1299/1332 1241/1226/1241 1262/1249/1262
f 1263/1250/1263 1314/1301/1314 1242/1227/1242
f 1314/1301/1314 1264/1251/1264 1242/1227/1242
f 1316/1302/1316 1215/1203/1215 1264/1251/1264
f 1304/1287/1304 1305/1288/1305 1205/1191/1205
f 1319/1321/1319 1286/1323/1286 1269/1289/1269
f 1320/1306/1320 1287/1277/1287 1286/1323/1286
f 1321/1343/1321 1249/1234/1249 1248/1235/1248
f 1321/1343/1321 1322/1307/1322 1249/1234/1249
f 1323/1310/1323 1306/1309/1306 1270/1257/1270
f 1325/1312/1325 1291/1259/1291 1290/1280/1290
f 1326/1311/1326 1271/1258/1271 1291/1259/1291
f 1295/1325/1295 1327/1313/1327 1189/1175/1189
f 1342/1355/1342 1311/1328/1311 1255/1243/1255
f 1257/1245/1257 1297/1331/1297 1234/1244/1234
f 1329/1456/1329 845/837/845 374/370/374
f 1330/1314/1330 1084/1069/1084 1299/1455/1299
f 1331/1420/1331 1237/1224/1237 1300/1223/1300
f 1312/1297/1312 1313/1298/1313 1238/1296/1238
f 1333/1317/1333 1243/1303/1243 1316/1302/1316
f 1334/1318/1334 1265/1252/1265 1282/1269/1282
f 1302/1286/1302 1335/1370/1335 1283/1274/1283
f 1336/1319/1336 1245/1229/1245 1284/1273/1284
f 1318/1305/1318 1337/1320/1337 1303/1276/1303
f 1305/1288/1305 1338/1322/1338 1269/1289/1269
f 1339/1324/1339 1286/1323/1286 1319/1321/1319
f 1289/1278/1289 1321/1343/1321 1248/1235/1248
f 1309/1293/1309 1340/1383/1340 1310/1294/1310
f 1310/1294/1310 1341/1393/1341 1296/1284/1296
f 1342/1355/1342 1277/1261/1277 1276/1262/1276
f 1343/1326/1343 1344/1329/1344 1256/1327/1256
f 1279/1265/1279 1345/1330/1345 1257/1245/1257
f 1347/1334/1347 1259/1247/1259 1235/1221/1235
f 1331/1420/1331 1348/1335/1348 1237/1224/1237
f 1350/1316/1350 1240/1315/1240 1349/1364/1349
f 1332/1299/1332 1351/1336/1351 1263/1250/1263
f 1333/1317/1333 1352/1337/1352 1282/1269/1282
f 1353/1339/1353 1301/1272/1301 1334/1318/1334
f 1336/1319/1336 1355/1340/1355 1285/1275/1285
f 1356/1341/1356 1304/1287/1304 1337/1320/1337
f 1357/1376/1357 1320/1306/1320 1339/1324/1339
f 1320/1306/1320 1358/1342/1358 1289/1278/1289
f 1359/1345/1359 1270/1257/1270 1322/1307/1322
f 1360/1344/1360 1323/1310/1323 1270/1257/1270
f 1324/1308/1324 1361/1346/1361 1290/1280/1290
f 1361/1346/1361 1362/1347/1362 1325/1312/1325
f 1363/1348/1363 1307/1290/1307 1326/1311/1326
f 1363/1348/1363 1308/1292/1308 1307/1290/1307
f 1364/1380/1364 1365/1349/1365 1293/1281/1293
f 1365/1349/1365 1366/1350/1366 1294/1282/1294
f 1367/1382/1367 1309/1293/1309 1327/1313/1327
f 1341/1393/1341 1310/1294/1310 1340/1383/1340
f 1341/1393/1341 1368/1351/1368 1296/1284/1296
f 1369/1352/1369 1274/1260/1274 1273/1295/1273
f 1370/1353/1370 1275/1354/1275 1274/1260/1274
f 1370/1353/1370 1371/1356/1371 1276/1262/1276
f 1342/1355/1342 1372/1357/1372 1311/1328/1311
f 1344/1329/1344 1373/1358/1373 1278/1264/1278
f 1373/1358/1373 1374/1360/1374 1328/1359/1328
f 1374/1360/1374 1345/1330/1345 1279/1265/1279
f 1345/1330/1345 1346/1332/1346 1297/1331/1297
f 1346/1332/1346 1375/1361/1375 1258/1246/1258
f 1375/1361/1375 1347/1334/1347 1235/1221/1235
f 1398/1863/1398 1260/1266/1260 1298/1285/1298
f 1376/1362/1376 1260/1266/1260 1398/1863/1398
f 1377/1365/1377 1349/1364/1349 1313/1298/1313
f 1351/1336/1351 1380/1366/1380 1314/1301/1314
f 1380/1366/1380 1381/1367/1381 1315/1300/1315
f 1354/1338/1354 1382/1369/1382 1317/1304/1317
f 1383/1368/1383 1384/1371/1384 1302/1286/1302
f 1385/1372/1385 1284/1273/1284 1283/1274/1283
f 1386/1374/1386 1318/1305/1318 1355/1340/1355
f 1388/1375/1388 1305/1288/1305 1356/1341/1356
f 1388/1375/1388 1338/1322/1338 1305/1288/1305
f 1388/1375/1388 1339/1324/1339 1319/1321/1319
f 1358/1342/1358 1389/1377/1389 1321/1343/1321
f 1389/1377/1389 1359/1345/1359 1322/1307/1322
f 1390/1378/1390 1324/1308/1324 1360/1344/1360
f 1363/1348/1363 1391/1379/1391 1293/1281/1293
f 1366/1350/1366 1392/1381/1392 1327/1313/1327
f 1395/1396/1395 1372/1357/1372 1342/1355/1342
f 1375/1361/1375 1396/1333/1396 1347/1334/1347
f 1397/1397/1397 1298/1285/1298 1236/1248/1236
f 1398/1863/1398 1298/1285/1298 1397/1397/1397
f 1379/1386/1379 1332/1299/1332 1350/1316/1350
f 1400/1387/1400 1352/1337/1352 1333/1317/1333
f 1382/1369/1382 1354/1338/1354 1353/1339/1353
f 1335/1370/1335 1385/1372/1385 1283/1274/1283
f 1387/1373/1387 1401/1388/1401 1337/1320/1337
f 1388/1375/1388 1402/1389/1402 1339/1324/1339
f 1389/1377/1389 1403/1408/1403 1359/1345/1359
f 1404/1390/1404 1326/1311/1326 1362/1347/1362
f 1365/1349/1365 1392/1381/1392 1366/1350/1366
f 1367/1382/1367 1406/1392/1406 1309/1293/1309
f 1371/1356/1371 1407/1395/1407 1342/1355/1342
f 1408/1419/1408 1375/1361/1375 1346/1332/1346
f 1280/1267/1280 1410/1506/1410 1198/1268/1198
f 1411/1399/1411 1349/1364/1349 1378/1363/1378
f 1412/1439/1412 1351/1336/1351 1379/1386/1379
f 1414/1400/1414 1333/1317/1333 1381/1367/1381
f 1382/1369/1382 1415/1403/1415 1383/1368/1383
f 1416/1404/1416 1336/1319/1336 1385/1372/1385
f 1417/1405/1417 1387/1373/1387 1386/1374/1386
f 1419/1407/1419 1358/1342/1358 1357/1376/1357
f 1403/1408/1403 1420/1409/1420 1360/1344/1360
f 1421/1411/1421 1361/1346/1361 1390/1378/1390
f 1421/1411/1421 1362/1347/1362 1361/1346/1361
f 1422/1410/1422 1404/1390/1404 1362/1347/1362
f 1405/1391/1405 1363/1348/1363 1404/1390/1404
f 1423/1431/1423 1392/1381/1392 1365/1349/1365
f 1392/1381/1392 1424/1412/1424 1367/1382/1367
f 1425/1394/1425 1341/1393/1341 1393/1384/1393
f 1425/1394/1425 1426/1413/1426 1368/1351/1368
f 1427/1434/1427 1369/1352/1369 1394/1385/1394
f 1428/1414/1428 1343/1326/1343 1372/1357/1372
f 1428/1414/1428 1429/1415/1429 1344/1329/1344
f 1431/1418/1431 1346/1332/1346 1345/1330/1345
f 1433/1503/1433 1375/1361/1375 1408/1419/1408
f 1435/1423/1435 1381/1367/1381 1380/1366/1380
f 1384/1371/1384 1437/1425/1437 1335/1370/1335
f 1437/1425/1437 1438/1443/1438 1385/1372/1385
f 1417/1405/1417 1439/1426/1439 1401/1388/1401
f 1456/1428/1456 1357/1376/1357 1402/1389/1402
f 1405/1391/1405 1442/1430/1442 1391/1379/1391
f 1423/1431/1423 1443/1432/1443 1392/1381/1392
f 1424/1412/1424 1444/1497/1444 1406/1392/1406
f 1370/1353/1370 1446/1435/1446 1371/1356/1371
f 1447/1436/1447 1428/1414/1428 1372/1357/1372
f 1429/1415/1429 1482/1437/1482 1373/1358/1373
f 1374/1360/1374 1448/1452/1448 1345/1330/1345
f 1449/1438/1449 1375/1361/1375 1433/1503/1433
f 1376/1362/1376 1410/1506/1410 1280/1267/1280
f 1451/1460/1451 1379/1386/1379 1411/1399/1411
f 1414/1400/1414 1452/1440/1452 1399/1402/1399
f 1453/1441/1453 1353/1339/1353 1400/1387/1400
f 1436/1424/1436 1471/1442/1471 1384/1371/1384
f 1454/1444/1454 1355/1340/1355 1416/1404/1416
f 1454/1444/1454 1455/1445/1455 1386/1374/1386
f 1388/1375/1388 1474/1475/1474 1402/1389/1402
f 1474/1475/1474 1456/1428/1456 1402/1389/1402
f 1457/1446/1457 1420/1409/1420 1403/1408/1403
f 1390/1378/1390 1422/1410/1422 1421/1411/1421
f 1459/1449/1459 1364/1380/1364 1442/1430/1442
f 1461/1499/1461 1406/1392/1406 1444/1497/1444
f 1461/1499/1461 1425/1394/1425 1406/1392/1406
f 1445/1433/1445 1462/1450/1462 1426/1413/1426
f 1462/1450/1462 1394/1385/1394 1426/1413/1426
f 1462/1450/1462 1463/1518/1463 1427/1434/1427
f 1427/1434/1427 1446/1435/1446 1370/1353/1370
f 1464/1451/1464 1374/1360/1374 1430/1416/1430
f 1465/1453/1465 1345/1330/1345 1448/1452/1448
f 1466/1454/1466 1397/1397/1397 1409/1398/1409
f 1467/1457/1467 1331/1420/1331 1300/1223/1300
f 1468/1459/1468 1348/1335/1348 1450/1421/1450
f 1468/1459/1468 1312/1297/1312 1348/1335/1348
f 1470/1461/1470 1413/1401/1413 1435/1423/1435
f 1472/1462/1472 1417/1405/1417 1455/1445/1455
f 1472/1462/1472 1489/1513/1489 1439/1426/1439
f 1489/1513/1489 1473/1530/1473 1439/1426/1439
f 1473/1530/1473 1418/1406/1418 1439/1426/1439
f 1474/1475/1474 1388/1375/1388 1418/1406/1418
f 1476/1491/1476 1441/1429/1441 1419/1407/1419
f 1477/1465/1477 1390/1378/1390 1420/1409/1420
f 1492/1538/1492 1405/1391/1405 1404/1390/1404
f 1492/1538/1492 1442/1430/1442 1405/1391/1405
f 1463/1518/1463 1479/1466/1479 1427/1434/1427
f 1446/1435/1446 1480/1467/1480 1407/1395/1407
f 1481/1864/1481 1447/1436/1447 1395/1396/1395
f 1447/1436/1447 1482/1437/1482 1428/1414/1428
f 1483/1865/1483 1396/1333/1396 1449/1438/1449
f 1376/1362/1376 1398/1863/1398 1397/1397/1397
f 1520/1469/1520 1300/1223/1300 1330/1314/1330
f 1452/1440/1452 1485/1472/1485 1400/1387/1400
f 1486/1471/1486 1453/1441/1453 1400/1387/1400
f 1487/1473/1487 1436/1424/1436 1453/1441/1453
f 1454/1444/1454 1416/1404/1416 1438/1443/1438
f 1490/1476/1490 1418/1406/1418 1473/1530/1473
f 1474/1475/1474 1491/1477/1491 1456/1428/1456
f 1509/1534/1509 1457/1446/1457 1441/1429/1441
f 1457/1446/1457 1477/1465/1477 1420/1409/1420
f 1492/1538/1492 1404/1390/1404 1458/1447/1458
f 1493/1478/1493 1460/1448/1460 1459/1449/1459
f 1494/1480/1494 1425/1394/1425 1461/1499/1461
f 1495/1479/1495 1445/1433/1445 1425/1394/1425
f 1495/1479/1495 1462/1450/1462 1445/1433/1445
f 1481/1864/1481 1395/1396/1395 1480/1467/1480
f 1481/1864/1481 1496/1543/1496 1447/1436/1447
f 1498/1482/1498 1448/1452/1448 1464/1451/1464
f 1483/1865/1483 1499/1483/1499 1396/1333/1396
f 1500/1485/1500 1377/1365/1377 1469/1458/1469
f 1501/1484/1501 1378/1363/1378 1377/1365/1377
f 1503/1470/1503 1412/1439/1412 1451/1460/1451
f 1504/1487/1504 1434/1422/1434 1503/1470/1503
f 1414/1400/1414 1505/1525/1505 1452/1440/1452
f 1487/1473/1487 1453/1441/1453 1486/1471/1486
f 1506/1488/1506 1438/1443/1438 1437/1425/1437
f 1475/1463/1475 1508/1490/1508 1419/1407/1419
f 1509/1534/1509 1441/1429/1441 1476/1491/1476
f 1510/1492/1510 1457/1446/1457 1509/1534/1509
f 1492/1538/1492 1511/1493/1511 1442/1430/1442
f 1493/1478/1493 1513/1495/1513 1443/1432/1443
f 1513/1495/1513 1514/1498/1514 1424/1412/1424
f 1514/1498/1514 1444/1497/1444 1424/1412/1424
f 1531/1496/1531 1461/1499/1461 1444/1497/1444
f 1479/1466/1479 1515/1500/1515 1446/1435/1446
f 1498/1482/1498 1517/1502/1517 1465/1453/1465
f 1432/1417/1432 1518/1504/1518 1408/1419/1408
f 1521/1524/1521 1468/1459/1468 1450/1421/1450
f 1523/1508/1523 1451/1460/1451 1411/1399/1411
f 1524/1509/1524 1470/1461/1470 1504/1487/1504
f 1505/1525/1505 1485/1472/1485 1452/1440/1452
f 1547/1511/1547 1488/1474/1488 1454/1444/1454
f 1526/1514/1526 1489/1513/1489 1472/1462/1472
f 1527/1512/1527 1473/1530/1473 1489/1513/1489
f 1508/1490/1508 1475/1463/1475 1491/1477/1491
f 1528/1532/1528 1509/1534/1509 1476/1491/1476
f 1510/1492/1510 1529/1515/1529 1477/1465/1477
f 1530/1565/1530 1493/1478/1493 1512/1494/1512
f 1530/1565/1530 1513/1495/1513 1493/1478/1493
f 1494/1480/1494 1532/1541/1532 1495/1479/1495
f 1532/1541/1532 1533/1516/1533 1495/1479/1495
f 1533/1516/1533 1534/1517/1534 1462/1450/1462
f 1515/1500/1515 1536/1544/1536 1480/1467/1480
f 1537/1520/1537 1447/1436/1447 1496/1543/1496
f 1538/1521/1538 1433/1503/1433 1518/1504/1518
f 1540/1522/1540 1299/1455/1299 1329/1456/1329
f 1542/1556/1542 1504/1487/1504 1503/1470/1503
f 1524/1509/1524 1543/1580/1543 1505/1525/1505
f 1545/1527/1545 1487/1473/1487 1525/1510/1525
f 1545/1527/1545 1471/1442/1471 1487/1473/1487
f 1560/1529/1560 1472/1462/1472 1488/1474/1488
f 1490/1476/1490 1548/1531/1548 1474/1475/1474
f 1548/1531/1548 1549/1866/1549 1491/1477/1491
f 1549/1866/1549 1508/1490/1508 1491/1477/1491
f 1508/1490/1508 1550/1533/1550 1476/1491/1476
f 1551/1535/1551 1509/1534/1509 1528/1532/1528
f 1529/1515/1529 1552/1536/1552 1478/1464/1478
f 1552/1536/1552 1553/1537/1553 1458/1447/1458
f 1577/1539/1577 1459/1449/1459 1511/1493/1511
f 1554/1540/1554 1494/1480/1494 1531/1496/1531
f 1534/1517/1534 1555/1542/1555 1463/1518/1463
f 1496/1543/1496 1481/1864/1481 1480/1467/1480
f 1556/1545/1556 1497/1481/1497 1516/1501/1516
f 1538/1521/1538 1483/1865/1483 1449/1438/1449
f 1519/1505/1519 1539/1673/1539 1410/1506/1410
f 1623/1593/1623 1500/1485/1500 1469/1458/1469
f 1558/1547/1558 1504/1487/1504 1542/1556/1542
f 1543/1580/1543 1559/1548/1559 1505/1525/1505
f 1592/1549/1592 1506/1488/1506 1437/1425/1437
f 1547/1511/1547 1560/1529/1560 1488/1474/1488
f 1561/1550/1561 1527/1512/1527 1526/1514/1526
f 1530/1565/1530 1563/1564/1563 1513/1495/1513
f 1564/1571/1564 1537/1520/1537 1496/1543/1496
f 1564/1571/1564 1516/1501/1516 1537/1520/1537
f 1565/1552/1565 1464/1451/1464 1556/1545/1556
f 1517/1502/1517 1566/1553/1566 1432/1417/1432
f 1483/1865/1483 1567/1644/1567 1499/1483/1499
f 1539/1673/1539 1484/1468/1484 1410/1506/1410
f 1588/1575/1588 1522/1507/1522 1501/1484/1501
f 1569/1555/1569 1502/1486/1502 1523/1508/1523
f 1570/1557/1570 1542/1556/1542 1503/1470/1503
f 1559/1548/1559 1571/1558/1571 1485/1472/1485
f 1561/1550/1561 1573/1560/1573 1490/1476/1490
f 1573/1560/1573 1574/1585/1574 1548/1531/1548
f 1574/1585/1574 1549/1866/1549 1548/1531/1548
f 1575/1561/1575 1508/1490/1508 1549/1866/1549
f 1575/1561/1575 1528/1532/1528 1550/1533/1550
f 1562/1551/1562 1552/1536/1552 1529/1515/1529
f 1552/1536/1552 1576/1587/1576 1553/1537/1553
f 1577/1539/1577 1511/1493/1511 1553/1537/1553
f 1578/1563/1578 1512/1494/1512 1577/1539/1577
f 1579/1562/1579 1530/1565/1530 1512/1494/1512
f 1580/1566/1580 1514/1498/1514 1513/1495/1513
f 1535/1519/1535 1583/1569/1583 1515/1500/1515
f 1636/1570/1636 1496/1543/1496 1536/1544/1536
f 1565/1552/1565 1566/1553/1566 1517/1502/1517
f 1557/1546/1557 1585/1573/1585 1518/1504/1518
f 1586/1574/1586 1519/1505/1519 1376/1362/1376
f 1623/1593/1623 1469/1458/1469 1521/1524/1521
f 1606/1577/1606 1523/1508/1523 1522/1507/1522
f 1569/1555/1569 1570/1557/1570 1503/1470/1503
f 1524/1509/1524 1590/1579/1590 1543/1580/1543
f 1591/1597/1591 1545/1527/1545 1525/1510/1525
f 1593/1582/1593 1547/1511/1547 1546/1528/1546
f 1595/1583/1595 1526/1514/1526 1560/1529/1560
f 1561/1550/1561 1596/1584/1596 1573/1560/1573
f 1597/1600/1597 1549/1866/1549 1574/1585/1574
f 1597/1600/1597 1575/1561/1575 1549/1866/1549
f 1575/1561/1575 1598/1664/1598 1528/1532/1528
f 1598/1664/1598 1551/1535/1551 1528/1532/1528
f 1562/1551/1562 1599/1586/1599 1552/1536/1552
f 1563/1564/1563 1600/1588/1600 1513/1495/1513
f 1601/1589/1601 1531/1496/1531 1580/1566/1580
f 1602/1590/1602 1534/1517/1534 1533/1516/1533
f 1555/1542/1555 1583/1569/1583 1535/1519/1535
f 1583/1569/1583 1603/1591/1603 1536/1544/1536
f 1636/1570/1636 1584/1572/1584 1564/1571/1564
f 1484/1468/1484 1069/1056/1069 1261/1222/1261
f 1604/1706/1604 1212/1198/1212 1069/1056/1069
f 1869/1823/1869 3/2/3 1212/1198/1212
f 1605/1592/1605 1467/1457/1467 1520/1469/1520
f 1623/1593/1623 1501/1484/1501 1500/1485/1500
f 1607/1594/1607 1523/1508/1523 1606/1577/1606
f 1608/1595/1608 1570/1557/1570 1569/1555/1569
f 1609/1613/1609 1544/1526/1544 1571/1558/1571
f 1609/1613/1609 1610/1596/1610 1544/1526/1544
f 1611/1598/1611 1545/1527/1545 1591/1597/1591
f 1612/1599/1612 1561/1550/1561 1572/1559/1572
f 1613/1601/1613 1574/1585/1574 1596/1584/1596
f 1614/1602/1614 1551/1535/1551 1598/1664/1598
f 1576/1587/1576 1615/1604/1615 1553/1537/1553
f 1616/1605/1616 1563/1564/1563 1579/1562/1579
f 1532/1541/1532 1617/1606/1617 1533/1516/1533
f 1602/1590/1602 1618/1607/1618 1555/1542/1555
f 1636/1570/1636 1619/1653/1619 1584/1572/1584
f 1619/1653/1619 1620/1609/1620 1584/1572/1584
f 1621/1608/1621 1516/1501/1516 1584/1572/1584
f 1565/1552/1565 1622/1641/1622 1566/1553/1566
f 1538/1521/1538 1567/1644/1567 1483/1865/1483
f 1623/1593/1623 1521/1524/1521 1541/1523/1541
f 1625/1626/1625 1608/1595/1608 1569/1555/1569
f 1590/1579/1590 1626/1612/1626 1559/1548/1559
f 1627/1611/1627 1571/1558/1571 1559/1548/1559
f 1611/1598/1611 1593/1582/1593 1592/1549/1592
f 1594/1581/1594 1628/1630/1628 1560/1529/1560
f 1612/1599/1612 1646/1631/1646 1596/1584/1596
f 1646/1631/1646 1629/1614/1629 1596/1584/1596
f 1648/1635/1648 1598/1664/1598 1575/1561/1575
f 1630/1603/1630 1562/1551/1562 1614/1602/1614
f 1599/1586/1599 1631/1615/1631 1576/1587/1576
f 1633/1617/1633 1579/1562/1579 1578/1563/1578
f 1582/1568/1582 1634/1618/1634 1532/1541/1532
f 1583/1569/1583 1635/1619/1635 1603/1591/1603
f 1622/1641/1622 1637/1620/1637 1566/1553/1566
f 1638/1610/1638 1520/1469/1520 1540/1522/1540
f 1606/1577/1606 1588/1575/1588 1587/1576/1587
f 1641/1625/1641 1569/1555/1569 1607/1594/1607
f 1659/1627/1659 1589/1578/1589 1608/1595/1608
f 1642/1657/1642 1610/1596/1610 1609/1613/1609
f 1644/1628/1644 1594/1581/1594 1593/1582/1593
f 1645/1632/1645 1612/1599/1612 1572/1559/1572
f 1666/1633/1666 1647/1634/1647 1613/1601/1613
f 1649/1665/1649 1598/1664/1598 1648/1635/1648
f 1651/1637/1651 1601/1589/1601 1580/1566/1580
f 1601/1589/1601 1652/1638/1652 1581/1567/1581
f 1652/1638/1652 1653/1639/1653 1582/1568/1582
f 1654/1640/1654 1556/1545/1556 1621/1608/1621
f 1637/1620/1637 1655/1642/1655 1557/1546/1557
f 1675/1709/1675 1606/1577/1606 1587/1576/1587
f 1658/1645/1658 1607/1594/1607 1606/1577/1606
f 1659/1627/1659 1608/1595/1608 1625/1626/1625
f 1659/1627/1659 1660/1656/1660 1590/1579/1590
f 1610/1596/1610 1662/1660/1662 1591/1597/1591
f 1662/1660/1662 1611/1598/1611 1591/1597/1591
f 1611/1598/1611 1663/1647/1663 1593/1582/1593
f 1664/1648/1664 1560/1529/1560 1628/1630/1628
f 1595/1583/1595 1665/1679/1665 1645/1632/1645
f 1630/1603/1630 1667/1649/1667 1599/1586/1599
f 1651/1637/1651 1652/1638/1652 1601/1589/1601
f 1634/1618/1634 1669/1687/1669 1617/1606/1617
f 1669/1687/1669 1618/1607/1618 1617/1606/1617
f 1655/1642/1655 1656/1643/1656 1538/1521/1538
f 1484/1468/1484 1604/1706/1604 1069/1056/1069
f 1674/1655/1674 1329/1456/1329 1568/1554/1568
f 1657/1623/1657 1623/1593/1623 1639/1621/1639
f 1675/1709/1675 1587/1576/1587 1640/1622/1640
f 1627/1611/1627 1676/1658/1676 1609/1613/1609
f 1642/1657/1642 1702/1659/1702 1610/1596/1610
f 1677/1661/1677 1611/1598/1611 1662/1660/1662
f 1663/1647/1663 1678/1662/1678 1643/1629/1643
f 1614/1602/1614 1667/1649/1667 1630/1603/1630
f 1631/1615/1631 1668/1650/1668 1615/1604/1615
f 1668/1650/1668 1680/1666/1680 1632/1616/1632
f 1680/1666/1680 1578/1563/1578 1632/1616/1632
f 1633/1617/1633 1681/1667/1681 1616/1605/1616
f 1669/1687/1669 1670/1651/1670 1618/1607/1618
f 1619/1653/1619 1682/1702/1682 1620/1609/1620
f 1682/1702/1682 1683/1757/1683 1620/1609/1620
f 1683/1757/1683 1621/1608/1621 1620/1609/1620
f 1654/1640/1654 1734/1668/1734 1622/1641/1622
f 1672/1669/1672 1673/1654/1673 1637/1620/1637
f 1697/1707/1697 1638/1610/1638 1540/1522/1540
f 1658/1645/1658 1606/1577/1606 1675/1709/1675
f 1686/1675/1686 1625/1626/1625 1624/1624/1624
f 1710/1674/1710 1659/1627/1659 1625/1626/1625
f 1687/1684/1687 1661/1646/1661 1660/1656/1660
f 1702/1659/1702 1688/1676/1688 1662/1660/1662
f 1678/1662/1678 1689/1677/1689 1628/1630/1628
f 1646/1631/1646 1679/1663/1679 1629/1614/1629
f 1679/1663/1679 1666/1633/1666 1629/1614/1629
f 1691/1685/1691 1648/1635/1648 1647/1634/1647
f 1715/1695/1715 1614/1602/1614 1649/1665/1649
f 1614/1602/1614 1692/1698/1692 1667/1649/1667
f 1667/1649/1667 1693/1721/1693 1650/1636/1650
f 1694/1680/1694 1631/1615/1631 1650/1636/1650
f 1653/1639/1653 1669/1687/1669 1634/1618/1634
f 1671/1652/1671 1636/1570/1636 1635/1619/1635
f 1734/1668/1734 1654/1640/1654 1621/1608/1621
f 1656/1643/1656 1695/1703/1695 1567/1644/1567
f 1695/1703/1695 1696/1670/1696 1567/1644/1567
f 1698/1708/1698 1658/1645/1658 1675/1709/1675
f 1710/1674/1710 1699/1681/1699 1659/1627/1659
f 1699/1681/1699 1700/1683/1700 1660/1656/1660
f 1702/1659/1702 1642/1657/1642 1676/1658/1676
f 1703/1715/1703 1677/1661/1677 1688/1676/1688
f 1703/1715/1703 1663/1647/1663 1677/1661/1677
f 1679/1663/1679 1704/1718/1704 1647/1634/1647
f 1704/1718/1704 1691/1685/1691 1647/1634/1647
f 1692/1698/1692 1693/1721/1693 1667/1649/1667
f 1705/1727/1705 1651/1637/1651 1681/1667/1681
f 1705/1727/1705 1652/1638/1652 1651/1637/1651
f 1652/1638/1652 1706/1686/1706 1653/1639/1653
f 1673/1654/1673 1709/1690/1709 1655/1642/1655
f 1698/1708/1698 1641/1625/1641 1658/1645/1658
f 1727/1691/1727 1686/1675/1686 1641/1625/1641
f 1687/1684/1687 1711/1692/1711 1627/1611/1627
f 1740/1713/1740 1703/1715/1703 1688/1676/1688
f 1703/1715/1703 1712/1693/1712 1663/1647/1663
f 1712/1693/1712 1713/1694/1713 1678/1662/1678
f 1714/1696/1714 1649/1665/1649 1691/1685/1691
f 1716/1697/1716 1614/1602/1614 1715/1695/1715
f 1717/1720/1717 1650/1636/1650 1693/1721/1693
f 1717/1720/1717 1694/1680/1694 1650/1636/1650
f 1694/1680/1694 1718/1699/1718 1668/1650/1668
f 1705/1727/1705 1719/1774/1719 1652/1638/1652
f 1706/1686/1706 1720/1700/1720 1669/1687/1669
f 1721/1701/1721 1671/1652/1671 1635/1619/1635
f 1722/1756/1722 1621/1608/1621 1683/1757/1683
f 1722/1756/1722 1734/1668/1734 1621/1608/1621
f 1696/1670/1696 1723/1704/1723 1586/1574/1586
f 1685/1672/1685 1724/1705/1724 1484/1468/1484
f 1674/1655/1674 1697/1707/1697 1540/1522/1540
f 1725/1710/1725 1675/1709/1675 1640/1622/1640
f 1727/1691/1727 1641/1625/1641 1698/1708/1698
f 1702/1659/1702 1728/1714/1728 1688/1676/1688
f 1729/1716/1729 1690/1678/1690 1689/1677/1689
f 1730/1717/1730 1646/1631/1646 1665/1679/1665
f 1741/1723/1741 1633/1617/1633 1680/1666/1680
f 1719/1774/1719 1706/1686/1706 1652/1638/1652
f 1736/1734/1736 1640/1622/1640 1657/1623/1657
f 1736/1734/1736 1725/1710/1725 1640/1622/1640
f 1774/1725/1774 1710/1674/1710 1727/1691/1727
f 1738/1726/1738 1687/1684/1687 1701/1682/1701
f 1739/1760/1739 1702/1659/1702 1711/1692/1711
f 1704/1718/1704 1732/1749/1732 1691/1685/1691
f 1692/1698/1692 1733/1722/1733 1693/1721/1693
f 1718/1699/1718 1741/1723/1741 1680/1666/1680
f 1742/1728/1742 1681/1667/1681 1741/1723/1741
f 1753/1729/1753 1708/1689/1708 1707/1688/1707
f 1673/1654/1673 1744/1867/1744 1709/1690/1709
f 1709/1690/1709 1745/1740/1745 1695/1703/1695
f 1695/1703/1695 1735/1741/1735 1696/1670/1696
f 1746/1733/1746 1657/1623/1657 1639/1621/1639
f 1748/1712/1748 1698/1708/1698 1725/1710/1725
f 1758/1735/1758 1701/1682/1701 1700/1683/1700
f 1783/1736/1783 1702/1659/1702 1739/1760/1739
f 1783/1736/1783 1749/1737/1749 1728/1714/1728
f 1729/1716/1729 1751/1746/1751 1665/1679/1665
f 1732/1749/1732 1752/1770/1752 1691/1685/1691
f 1752/1770/1752 1714/1696/1714 1691/1685/1691
f 1717/1720/1717 1718/1699/1718 1694/1680/1694
f 1767/1771/1767 1719/1774/1719 1705/1727/1705
f 1720/1700/1720 1753/1729/1753 1707/1688/1707
f 1721/1701/1721 1743/1730/1743 1671/1652/1671
f 1754/1731/1754 1734/1668/1734 1722/1756/1722
f 1754/1731/1754 1755/1739/1755 1672/1669/1672
f 1755/1739/1755 1744/1867/1744 1673/1654/1673
f 1756/1818/1756 1674/1655/1674 1568/1554/1568
f 1757/1743/1757 1639/1621/1639 1697/1707/1697
f 1737/1724/1737 1758/1735/1758 1699/1681/1699
f 1758/1735/1758 1700/1683/1700 1699/1681/1699
f 1750/1738/1750 1759/1744/1759 1712/1693/1712
f 1761/1748/1761 1731/1719/1731 1730/1717/1730
f 1762/1747/1762 1704/1718/1704 1731/1719/1731
f 1763/1763/1763 1714/1696/1714 1752/1770/1752
f 1764/1750/1764 1715/1695/1715 1714/1696/1714
f 1765/1751/1765 1692/1698/1692 1716/1697/1716
f 1766/1868/1766 1717/1720/1717 1733/1722/1733
f 1767/1771/1767 1705/1727/1705 1742/1728/1742
f 1768/1752/1768 1769/1753/1769 1720/1700/1720
f 1778/1755/1778 1721/1701/1721 1753/1729/1753
f 1770/1754/1770 1771/1765/1771 1743/1730/1743
f 1682/1702/1682 1772/1758/1772 1683/1757/1683
f 1744/1867/1744 1745/1740/1745 1709/1690/1709
f 1735/1741/1735 1723/1704/1723 1696/1670/1696
f 1723/1704/1723 1773/1742/1773 1684/1671/1684
f 1757/1743/1757 1697/1707/1697 1674/1655/1674
f 1774/1725/1774 1727/1691/1727 1726/1711/1726
f 1782/1761/1782 1711/1692/1711 1738/1726/1738
f 1775/1762/1775 1740/1713/1740 1749/1737/1749
f 1760/1745/1760 1776/1784/1776 1729/1716/1729
f 1776/1784/1776 1751/1746/1751 1729/1716/1729
f 1766/1868/1766 1777/1764/1777 1717/1720/1717
f 1773/1742/1773 1724/1705/1724 1685/1672/1685
f 1781/1759/1781 1748/1712/1748 1725/1710/1725
f 1781/1759/1781 1726/1711/1726 1748/1712/1748
f 1783/1736/1783 1784/1769/1784 1749/1737/1749
f 1775/1762/1775 1759/1744/1759 1750/1738/1750
f 1776/1784/1776 1785/1806/1785 1751/1746/1751
f 1765/1751/1765 1766/1868/1766 1733/1722/1733
f 1771/1765/1771 1787/1775/1787 1682/1702/1682
f 1788/1776/1788 1754/1731/1754 1722/1756/1722
f 1755/1739/1755 1789/1795/1789 1744/1867/1744
f 1800/1777/1800 1738/1726/1738 1758/1735/1758
f 1792/1772/1792 1742/1728/1742 1741/1723/1741
f 1769/1753/1769 1794/1781/1794 1753/1729/1753
f 1772/1758/1772 1795/1782/1795 1722/1756/1722
f 1744/1867/1744 1779/1766/1779 1745/1740/1745
f 1779/1766/1779 1796/1783/1796 1735/1741/1735
f 1797/1797/1797 1212/1198/1212 1724/1705/1724
f 1804/1813/1804 1757/1743/1757 1674/1655/1674
f 1798/1787/1798 1747/1732/1747 1746/1733/1746
f 1799/1768/1799 1736/1734/1736 1747/1732/1747
f 1799/1768/1799 1725/1710/1725 1736/1734/1736
f 1791/1779/1791 1751/1746/1751 1785/1806/1785
f 1791/1779/1791 1801/1785/1801 1761/1748/1761
f 1762/1747/1762 1802/1792/1802 1752/1770/1752
f 1765/1751/1765 1777/1764/1777 1766/1868/1766
f 1777/1764/1777 1803/1786/1803 1718/1699/1718
f 1789/1795/1789 1779/1766/1779 1744/1867/1744
f 1780/1767/1780 1724/1705/1724 1773/1742/1773
f 1797/1797/1797 1869/1823/1869 1212/1198/1212
f 1804/1813/1804 1674/1655/1674 1756/1818/1756
f 1825/1825/1825 1774/1725/1774 1781/1759/1781
f 1806/1789/1806 1737/1724/1737 1774/1725/1774
f 1806/1789/1806 1758/1735/1758 1737/1724/1737
f 1813/1803/1813 1783/1736/1783 1782/1761/1782
f 1763/1763/1763 1752/1770/1752 1802/1792/1802
f 1833/1815/1833 1792/1772/1792 1741/1723/1741
f 1809/1793/1809 1769/1753/1769 1768/1752/1768
f 1819/1869/1819 1771/1765/1771 1778/1755/1778
f 1825/1825/1825 1781/1759/1781 1805/1788/1805
f 1812/1824/1812 1774/1725/1774 1825/1825/1825
f 1812/1824/1812 1806/1789/1806 1774/1725/1774
f 1813/1803/1813 1784/1769/1784 1783/1736/1783
f 1807/1790/1807 1814/1798/1814 1759/1744/1759
f 1815/1799/1815 1763/1763/1763 1802/1792/1802
f 1765/1751/1765 1816/1807/1816 1777/1764/1777
f 1833/1815/1833 1741/1723/1741 1803/1786/1803
f 1793/1780/1793 1818/1801/1818 1786/1773/1786
f 1794/1781/1794 1819/1869/1819 1778/1755/1778
f 1771/1765/1771 1820/1843/1820 1787/1775/1787
f 1821/1809/1821 1788/1776/1788 1795/1782/1795
f 1788/1776/1788 1822/1802/1822 1755/1739/1755
f 1822/1802/1822 1810/1794/1810 1789/1795/1789
f 1823/1812/1823 1798/1787/1798 1757/1743/1757
f 1824/1814/1824 1799/1768/1799 1798/1787/1798
f 1826/1804/1826 1782/1761/1782 1800/1777/1800
f 1813/1803/1813 1838/1833/1838 1784/1769/1784
f 1814/1798/1814 1827/1805/1827 1790/1778/1790
f 1808/1791/1808 1762/1747/1762 1801/1785/1801
f 1828/1808/1828 1792/1772/1792 1833/1815/1833
f 1819/1869/1819 1820/1843/1820 1771/1765/1771
f 1830/1811/1830 1811/1796/1811 1780/1767/1780
f 1826/1804/1826 1800/1777/1800 1806/1789/1806
f 1838/1833/1838 1813/1803/1813 1826/1804/1826
f 1831/1828/1831 1791/1779/1791 1785/1806/1785
f 1831/1828/1831 1801/1785/1801 1791/1779/1791
f 1817/1800/1817 1832/1816/1832 1803/1786/1803
f 1834/1821/1834 1787/1775/1787 1820/1843/1820
f 1810/1794/1810 1829/1810/1829 1779/1766/1779
f 1835/1819/1835 1825/1825/1825 1805/1788/1805
f 1826/1804/1826 1806/1789/1806 1812/1824/1812
f 1815/1799/1815 1765/1751/1765 1764/1750/1764
f 1829/1810/1829 1830/1811/1830 1796/1783/1796
f 1839/1832/1839 1784/1769/1784 1838/1833/1838
f 1839/1832/1839 1807/1790/1807 1784/1769/1784
f 1814/1798/1814 1840/1834/1840 1827/1805/1827
f 1831/1828/1831 1841/1820/1841 1801/1785/1801
f 1841/1820/1841 1808/1791/1808 1801/1785/1801
f 1846/1836/1846 1815/1799/1815 1802/1792/1802
f 1818/1801/1818 1809/1793/1809 1768/1752/1768
f 1842/1837/1842 1794/1781/1794 1809/1793/1809
f 1794/1781/1794 1842/1837/1842 1819/1869/1819
f 1834/1821/1834 1843/1826/1843 1795/1782/1795
f 1849/1839/1849 1823/1812/1823 1756/1818/1756
f 1844/1831/1844 1826/1804/1826 1812/1824/1812
f 1844/1831/1844 1838/1833/1838 1826/1804/1826
f 1840/1834/1840 1845/1827/1845 1827/1805/1827
f 1841/1820/1841 1846/1836/1846 1802/1792/1802
f 1818/1801/1818 1847/1838/1847 1809/1793/1809
f 1842/1837/1842 1820/1843/1820 1819/1869/1819
f 1822/1802/1822 1829/1810/1829 1810/1794/1810
f 1848/1844/1848 1830/1811/1830 1829/1810/1829
f 1850/1830/1850 1824/1814/1824 1823/1812/1823
f 1851/1829/1851 1835/1819/1835 1824/1814/1824
f 1851/1829/1851 1812/1824/1812 1835/1819/1835
f 1839/1832/1839 1840/1834/1840 1807/1790/1807
f 1845/1827/1845 1841/1820/1841 1831/1828/1831
f 1852/1835/1852 1816/1807/1816 1815/1799/1815
f 1853/1847/1853 1836/1817/1836 1833/1815/1833
f 1847/1838/1847 1818/1801/1818 1836/1817/1836
f 1849/1839/1849 1756/1818/1756 1568/1554/1568
f 1841/1820/1841 1855/1853/1855 1846/1836/1846
f 1856/1841/1856 1833/1815/1833 1832/1816/1832
f 1853/1847/1853 1847/1838/1847 1836/1817/1836
f 1842/1837/1842 1859/1842/1859 1820/1843/1820
f 1860/1848/1860 1848/1844/1848 1843/1826/1843
f 1857/1845/1857 1844/1831/1844 1851/1829/1851
f 1858/1846/1858 1839/1832/1839 1844/1831/1844
f 1840/1834/1840 1854/1840/1854 1845/1827/1845
f 1854/1840/1854 1855/1853/1855 1841/1820/1841
f 1852/1835/1852 1846/1836/1846 1855/1853/1855
f 1853/1847/1853 1859/1842/1859 1847/1838/1847
f 1859/1842/1859 1842/1837/1842 1847/1838/1847
f 1859/1842/1859 1860/1848/1860 1834/1821/1834
f 1858/1846/1858 1854/1840/1854 1840/1834/1840
f 1861/1849/1861 1852/1835/1852 1855/1853/1855
f 1862/1850/1862 1869/1823/1869 1837/1822/1837
f 1863/1851/1863 1857/1845/1857 1850/1830/1850
f 1864/1852/1864 1858/1846/1858 1857/1845/1857
f 1864/1852/1864 1865/1854/1865 1855/1853/1855
f 1866/1855/1866 1853/1847/1853 1856/1841/1856
f 1866/1855/1866 1867/1856/1867 1859/1842/1859
f 1867/1856/1867 1862/1850/1862 1860/1848/1860
f 1863/1851/1863 1865/1854/1865 1864/1852/1864
f 1865/1854/1865 1866/1855/1866 1861/1849/1861
f 1868/1857/1868 1849/1839/1849 1568/1554/1568
f 1868/1857/1868 1863/1851/1863 1849/1839/1849
